<?xml version="1.0" encoding="UTF-8"?>
<clinical_study rank="53">
  <!-- This xml conforms to an XML Schema at:
    https://clinicaltrials.gov/ct2/html/images/info/public.xsd -->
  <required_header>
    <download_date>ClinicalTrials.gov processed this data on May 11, 2021</download_date>
    <link_text>Link to the current ClinicalTrials.gov record.</link_text>
    <url>https://clinicaltrials.gov/show/NCT00054431</url>
  </required_header>
  <id_info>
    <org_study_id>NCI-2012-02516</org_study_id>
    <secondary_id>MDA-ID-02205</secondary_id>
    <secondary_id>N01CM62202</secondary_id>
    <secondary_id>CDR0000270678</secondary_id>
    <nct_id>NCT00054431</nct_id>
  </id_info>
  <brief_title>Imatinib Mesylate and Decitabine in Treating Patients With Chronic Myelogenous Leukemia</brief_title>
  <official_title>Phase II Study of Imatinib Mesylate (Gleevec, STI-571) (NSC#716051) and Decitabine (5-AZA-2'-Deoxycitidine) (NSC#127716), in Chronic Myelogenous Leukemia in Accelerated and Blastic Phases</official_title>
  <sponsors>
    <lead_sponsor>
      <agency>National Cancer Institute (NCI)</agency>
      <agency_class>NIH</agency_class>
    </lead_sponsor>
  </sponsors>
  <source>National Cancer Institute (NCI)</source>
  <brief_summary>
    <textblock>
      This phase II trial is studying how well giving imatinib mesylate together with decitabine&#xD;
      works in treating patients with accelerated or blast phase chronic myelogenous leukemia.&#xD;
      Imatinib mesylate may stop the growth of cancer cells by blocking the enzymes necessary for&#xD;
      cancer cell growth. Drugs used in chemotherapy use different ways to stop cancer cells from&#xD;
      dividing so they stop growing or die. Giving imatinib mesylate together with decitabine may&#xD;
      kill more cancer cells&#xD;
    </textblock>
  </brief_summary>
  <detailed_description>
    <textblock>
      OBJECTIVES:&#xD;
&#xD;
      I. Determine the duration of response and response rate in patients with accelerated or&#xD;
      blastic phase chronic myelogenous leukemia treated with imatinib mesylate and decitabine.&#xD;
&#xD;
      II. Determine the survival rate of patients treated with this regimen. III. Determine the&#xD;
      toxicity of this regimen in these patients. IV. Determine the effects of this regimen on gene&#xD;
      methylation in the leukemic cells of these patients.&#xD;
&#xD;
      OUTLINE: Patients are stratified according to prior exposure to imatinib mesylate (yes vs&#xD;
      no).&#xD;
&#xD;
      Patients receive oral imatinib mesylate daily and decitabine IV over 1 hour daily, 5 days per&#xD;
      week, for 2 consecutive weeks. Courses repeat every 4-6 weeks in the absence of disease&#xD;
      progression or unacceptable toxicity.&#xD;
&#xD;
      PROJECTED ACCRUAL: A total of 20-80 patients (10-40 per stratum) will be accrued for this&#xD;
      study within 20 months.&#xD;
    </textblock>
  </detailed_description>
  <overall_status>Completed</overall_status>
  <start_date>January 2003</start_date>
  <primary_completion_date type="Actual">May 2007</primary_completion_date>
  <phase>Phase 2</phase>
  <study_type>Interventional</study_type>
  <has_expanded_access>No</has_expanded_access>
  <study_design_info>
    <allocation>N/A</allocation>
    <intervention_model>Single Group Assignment</intervention_model>
    <primary_purpose>Treatment</primary_purpose>
    <masking>None (Open Label)</masking>
  </study_design_info>
  <primary_outcome>
    <measure>Complete and partial response</measure>
    <time_frame>6 months</time_frame>
  </primary_outcome>
  <primary_outcome>
    <measure>Hematologic improvement</measure>
    <time_frame>Up to 1 year</time_frame>
  </primary_outcome>
  <primary_outcome>
    <measure>Duration of response</measure>
    <time_frame>Date of documented response until relapse, assessed up to 4 years</time_frame>
  </primary_outcome>
  <secondary_outcome>
    <measure>Toxicities, graded according to the National Cancer Institute Common Toxicity Criteria (NCI CTC) v2.0</measure>
    <time_frame>Up to 4 years</time_frame>
  </secondary_outcome>
  <number_of_arms>1</number_of_arms>
  <enrollment type="Actual">80</enrollment>
  <condition>Accelerated Phase Chronic Myelogenous Leukemia</condition>
  <condition>Blastic Phase Chronic Myelogenous Leukemia</condition>
  <condition>Childhood Chronic Myelogenous Leukemia</condition>
  <condition>Chronic Myelogenous Leukemia, BCR-ABL1 Positive</condition>
  <condition>Relapsing Chronic Myelogenous Leukemia</condition>
  <arm_group>
    <arm_group_label>Treatment (imatinib mesylate, decitabine)</arm_group_label>
    <arm_group_type>Experimental</arm_group_type>
    <description>Patients receive oral imatinib mesylate daily and decitabine IV over 1 hour daily, 5 days per week, for 2 consecutive weeks. Courses repeat every 4-6 weeks in the absence of disease progression or unacceptable toxicity.</description>
  </arm_group>
  <intervention>
    <intervention_type>Drug</intervention_type>
    <intervention_name>imatinib mesylate</intervention_name>
    <description>Given orally</description>
    <arm_group_label>Treatment (imatinib mesylate, decitabine)</arm_group_label>
    <other_name>CGP 57148</other_name>
    <other_name>Gleevec</other_name>
    <other_name>Glivec</other_name>
  </intervention>
  <intervention>
    <intervention_type>Drug</intervention_type>
    <intervention_name>decitabine</intervention_name>
    <description>Given IV</description>
    <arm_group_label>Treatment (imatinib mesylate, decitabine)</arm_group_label>
    <other_name>5-aza-dCyd</other_name>
    <other_name>5AZA</other_name>
    <other_name>DAC</other_name>
  </intervention>
  <intervention>
    <intervention_type>Other</intervention_type>
    <intervention_name>laboratory biomarker analysis</intervention_name>
    <description>Correlative studies</description>
    <arm_group_label>Treatment (imatinib mesylate, decitabine)</arm_group_label>
  </intervention>
  <eligibility>
    <criteria>
      <textblock>
        Inclusion Criteria:&#xD;
&#xD;
          -  Histologically confirmed chronic myelogenous leukemia&#xD;
&#xD;
               -  Philadelphia chromosome positive by cytogenetics OR fluorescent in situ&#xD;
                  hybridization&#xD;
&#xD;
               -  Accelerated or non-lymphoid blastic phase&#xD;
&#xD;
          -  Performance status - ECOG 0-2&#xD;
&#xD;
          -  Bilirubin no greater than 2 times upper limit of normal (ULN)&#xD;
&#xD;
          -  AST no greater than 2 times ULN&#xD;
&#xD;
          -  Creatinine less than 2.0 mg/dL&#xD;
&#xD;
          -  Normal cardiac function&#xD;
&#xD;
          -  No New York Heart Association class III or IV heart disease&#xD;
&#xD;
          -  Not pregnant or nursing&#xD;
&#xD;
          -  Negative pregnancy test&#xD;
&#xD;
          -  Fertile patients must use effective contraception&#xD;
&#xD;
          -  No prior decitabine&#xD;
&#xD;
          -  At least 2 weeks since other prior chemotherapy (unless there is evidence of rapidly&#xD;
             progressive disease) and recovered&#xD;
&#xD;
          -  Concurrent hydroxyurea allowed during the first 2 courses of study therapy in patients&#xD;
             with rapidly progressing disease&#xD;
&#xD;
          -  Prior imatinib mesylate allowed&#xD;
&#xD;
               -  Patients who received at least 4 weeks of prior imatinib mesylate must have&#xD;
                  failed therapy, as evidenced by resistance after 8 weeks or disease progression&#xD;
&#xD;
          -  No concurrent grapefruit or grapefruit juice&#xD;
      </textblock>
    </criteria>
    <gender>All</gender>
    <minimum_age>N/A</minimum_age>
    <maximum_age>N/A</maximum_age>
    <healthy_volunteers>No</healthy_volunteers>
  </eligibility>
  <overall_official>
    <last_name>Jean-Pierre Issa</last_name>
    <role>Principal Investigator</role>
    <affiliation>M.D. Anderson Cancer Center</affiliation>
  </overall_official>
  <location>
    <facility>
      <name>M D Anderson Cancer Center</name>
      <address>
        <city>Houston</city>
        <state>Texas</state>
        <zip>77030</zip>
        <country>United States</country>
      </address>
    </facility>
  </location>
  <location_countries>
    <country>United States</country>
  </location_countries>
  <verification_date>January 2013</verification_date>
  <study_first_submitted>February 5, 2003</study_first_submitted>
  <study_first_submitted_qc>February 5, 2003</study_first_submitted_qc>
  <study_first_posted type="Estimate">February 6, 2003</study_first_posted>
  <last_update_submitted>January 22, 2013</last_update_submitted>
  <last_update_submitted_qc>January 22, 2013</last_update_submitted_qc>
  <last_update_posted type="Estimate">January 23, 2013</last_update_posted>
  <responsible_party>
    <responsible_party_type>Sponsor</responsible_party_type>
  </responsible_party>
  <condition_browse>
    <!-- CAUTION:  The following MeSH terms are assigned with an imperfect algorithm            -->
    <mesh_term>Leukemia</mesh_term>
    <mesh_term>Leukemia, Myeloid</mesh_term>
    <mesh_term>Leukemia, Myelogenous, Chronic, BCR-ABL Positive</mesh_term>
    <mesh_term>Blast Crisis</mesh_term>
    <mesh_term>Leukemia, Myeloid, Accelerated Phase</mesh_term>
  </condition_browse>
  <intervention_browse>
    <!-- CAUTION:  The following MeSH terms are assigned with an imperfect algorithm            -->
    <mesh_term>Imatinib Mesylate</mesh_term>
    <mesh_term>Decitabine</mesh_term>
    <mesh_term>Azacitidine</mesh_term>
  </intervention_browse>
  <!-- Results have not yet been posted for this study                                          -->
</clinical_study>

