<?xml version="1.0" encoding="UTF-8"?>
<clinical_study rank="107">
  <!-- This xml conforms to an XML Schema at:
    https://clinicaltrials.gov/ct2/html/images/info/public.xsd -->
  <required_header>
    <download_date>ClinicalTrials.gov processed this data on May 11, 2021</download_date>
    <link_text>Link to the current ClinicalTrials.gov record.</link_text>
    <url>https://clinicaltrials.gov/show/NCT00006462</url>
  </required_header>
  <id_info>
    <org_study_id>ADVL0022</org_study_id>
    <secondary_id>COG-ADVL0022</secondary_id>
    <secondary_id>CCG-A0999</secondary_id>
    <secondary_id>CDR0000068271</secondary_id>
    <nct_id>NCT00006462</nct_id>
  </id_info>
  <brief_title>Gemcitabine in Treating Children With Relapsed or Refractory Acute Lymphoblastic Leukemia or Acute Myelogenous Leukemia</brief_title>
  <official_title>A Phase II Study of Gemcitabine (NSC #613327) in Children With Relapsed Acute Lymphoblastic Leukemia or Acute Myelogenous Leukemia</official_title>
  <sponsors>
    <lead_sponsor>
      <agency>Children's Oncology Group</agency>
      <agency_class>Other</agency_class>
    </lead_sponsor>
    <collaborator>
      <agency>National Cancer Institute (NCI)</agency>
      <agency_class>NIH</agency_class>
    </collaborator>
  </sponsors>
  <source>Children's Oncology Group</source>
  <oversight_info>
    <has_dmc>Yes</has_dmc>
  </oversight_info>
  <brief_summary>
    <textblock>
      RATIONALE: Drugs used in chemotherapy use different ways to stop tumor cells from dividing so&#xD;
      they stop growing or die.&#xD;
&#xD;
      PURPOSE: Phase II trial to study the effectiveness of gemcitabine in treating children who&#xD;
      have relapsed or refractory acute lymphoblastic leukemia or acute myelogenous leukemia.&#xD;
    </textblock>
  </brief_summary>
  <detailed_description>
    <textblock>
      OBJECTIVES:&#xD;
&#xD;
        -  Determine the response rate in children with relapsed or refractory acute lymphoblastic&#xD;
           leukemia or acute myelogenous leukemia treated with gemcitabine.&#xD;
&#xD;
        -  Assess the toxicity of this regimen in these patients.&#xD;
&#xD;
      OUTLINE: This is a multicenter study. Patients are stratified according to disease histology&#xD;
      (acute lymphoblastic leukemia vs acute myelogenous leukemia).&#xD;
&#xD;
      Patients receive gemcitabine IV over 6 hours weekly for 3 weeks. Treatment repeats every 4&#xD;
      weeks for a maximum of 2 courses in the absence of disease progression or unacceptable&#xD;
      toxicity.&#xD;
&#xD;
      PROJECTED ACCRUAL: Approximately 10-20 patients will be accrued for this study.&#xD;
    </textblock>
  </detailed_description>
  <overall_status>Completed</overall_status>
  <start_date>April 2001</start_date>
  <completion_date type="Actual">September 2006</completion_date>
  <primary_completion_date type="Actual">August 2003</primary_completion_date>
  <phase>Phase 2</phase>
  <study_type>Interventional</study_type>
  <has_expanded_access>No</has_expanded_access>
  <study_design_info>
    <allocation>N/A</allocation>
    <intervention_model>Single Group Assignment</intervention_model>
    <primary_purpose>Treatment</primary_purpose>
    <masking>None (Open Label)</masking>
  </study_design_info>
  <primary_outcome>
    <measure>Determine the response rate to Gemcitabine</measure>
    <description>To determine the response rate to Gemcitabine administered as 10 mg/m2/min x 360 minutes weekly for 3 weeks in patients with relapsed acute lymphoblastic and acute myelogenous leukemia.</description>
  </primary_outcome>
  <number_of_arms>1</number_of_arms>
  <enrollment type="Actual">32</enrollment>
  <condition>Leukemia</condition>
  <arm_group>
    <arm_group_label>Relapsed acute lymphoblastic and acute Myelogenous leukemia</arm_group_label>
    <arm_group_type>Experimental</arm_group_type>
    <description>Gemcitabine hydrochloride will be given as 10 mg/m2/min x 360 minutes weekly for three weeks. After a one-week rest period it may be repeated in patients without progressive disease or limiting toxicity.</description>
  </arm_group>
  <intervention>
    <intervention_type>Drug</intervention_type>
    <intervention_name>gemcitabine hydrochloride</intervention_name>
    <arm_group_label>Relapsed acute lymphoblastic and acute Myelogenous leukemia</arm_group_label>
    <other_name>NSC 613327</other_name>
  </intervention>
  <eligibility>
    <criteria>
      <textblock>
        DISEASE CHARACTERISTICS:&#xD;
&#xD;
          -  Diagnosis of relapsed acute lymphoblastic leukemia or acute myelogenous leukemia&#xD;
&#xD;
               -  M3 marrow (at least 25% blasts in bone marrow aspirate)&#xD;
&#xD;
               -  Refractory to conventional therapy&#xD;
&#xD;
        PATIENT CHARACTERISTICS:&#xD;
&#xD;
        Age:&#xD;
&#xD;
          -  21 and under at diagnosis&#xD;
&#xD;
        Performance status:&#xD;
&#xD;
          -  ECOG 0-2 OR&#xD;
&#xD;
          -  Zubrod 0-2&#xD;
&#xD;
        Life expectancy:&#xD;
&#xD;
          -  At least 2 months&#xD;
&#xD;
        Hematopoietic:&#xD;
&#xD;
          -  Not specified&#xD;
&#xD;
        Hepatic:&#xD;
&#xD;
          -  Bilirubin normal&#xD;
&#xD;
          -  SGOT or SGPT no greater than 2.5 times upper limit of normal&#xD;
&#xD;
        Renal:&#xD;
&#xD;
          -  Creatinine normal OR&#xD;
&#xD;
          -  Creatinine clearance or radioisotope glomerular filtration rate at least 70 mL/min&#xD;
&#xD;
        Other:&#xD;
&#xD;
          -  Not pregnant or nursing&#xD;
&#xD;
          -  Negative pregnancy test&#xD;
&#xD;
          -  Fertile patients must use effective contraception&#xD;
&#xD;
        PRIOR CONCURRENT THERAPY:&#xD;
&#xD;
        Biologic therapy:&#xD;
&#xD;
          -  No concurrent immunomodulating agents&#xD;
&#xD;
        Chemotherapy:&#xD;
&#xD;
          -  At least 2 weeks since prior chemotherapy&#xD;
&#xD;
          -  No other concurrent chemotherapy for cancer&#xD;
&#xD;
        Endocrine therapy:&#xD;
&#xD;
          -  No concurrent corticosteroids except for treatment of adrenal crises with suppressed&#xD;
             pituitary/adrenal response&#xD;
&#xD;
          -  Concurrent low-dose hydrocortisone (less than 100 mg/m2) allowed for allergic&#xD;
             reactions to amphotericin or transfusions&#xD;
&#xD;
        Radiotherapy:&#xD;
&#xD;
          -  Concurrent radiotherapy to localized painful lesions allowed&#xD;
&#xD;
        Surgery:&#xD;
&#xD;
          -  Not specified&#xD;
&#xD;
        Other:&#xD;
&#xD;
          -  Recovered from any prior therapy&#xD;
      </textblock>
    </criteria>
    <gender>All</gender>
    <minimum_age>N/A</minimum_age>
    <maximum_age>21 Years</maximum_age>
    <healthy_volunteers>No</healthy_volunteers>
  </eligibility>
  <overall_official>
    <last_name>Anne Angiolillo, MD</last_name>
    <role>Study Chair</role>
    <affiliation>Children's National Research Institute</affiliation>
  </overall_official>
  <location>
    <facility>
      <name>University of Alabama at Birmingham Comprehensive Cancer Center</name>
      <address>
        <city>Birmingham</city>
        <state>Alabama</state>
        <zip>35233</zip>
        <country>United States</country>
      </address>
    </facility>
  </location>
  <location>
    <facility>
      <name>University of South Alabama Medical Center</name>
      <address>
        <city>Mobile</city>
        <state>Alabama</state>
        <zip>36604</zip>
        <country>United States</country>
      </address>
    </facility>
  </location>
  <location>
    <facility>
      <name>Phoenix Children's Hospital</name>
      <address>
        <city>Phoenix</city>
        <state>Arizona</state>
        <zip>85016-7710</zip>
        <country>United States</country>
      </address>
    </facility>
  </location>
  <location>
    <facility>
      <name>Arizona Cancer Center</name>
      <address>
        <city>Tucson</city>
        <state>Arizona</state>
        <zip>85724</zip>
        <country>United States</country>
      </address>
    </facility>
  </location>
  <location>
    <facility>
      <name>University of Arkansas for Medical Sciences</name>
      <address>
        <city>Little Rock</city>
        <state>Arkansas</state>
        <zip>72205</zip>
        <country>United States</country>
      </address>
    </facility>
  </location>
  <location>
    <facility>
      <name>Southern California Permanente Medical Group</name>
      <address>
        <city>Downey</city>
        <state>California</state>
        <zip>90242</zip>
        <country>United States</country>
      </address>
    </facility>
  </location>
  <location>
    <facility>
      <name>City of Hope Comprehensive Cancer Center</name>
      <address>
        <city>Duarte</city>
        <state>California</state>
        <zip>91010-3000</zip>
        <country>United States</country>
      </address>
    </facility>
  </location>
  <location>
    <facility>
      <name>Rebecca and John Moores UCSD Cancer Center</name>
      <address>
        <city>La Jolla</city>
        <state>California</state>
        <zip>92093-0658</zip>
        <country>United States</country>
      </address>
    </facility>
  </location>
  <location>
    <facility>
      <name>Loma Linda University Medical Center</name>
      <address>
        <city>Loma Linda</city>
        <state>California</state>
        <zip>92354</zip>
        <country>United States</country>
      </address>
    </facility>
  </location>
  <location>
    <facility>
      <name>Jonathan Jaques Children's Cancer Center</name>
      <address>
        <city>Long Beach</city>
        <state>California</state>
        <zip>90801-1428</zip>
        <country>United States</country>
      </address>
    </facility>
  </location>
  <location>
    <facility>
      <name>Children's Hospital Los Angeles</name>
      <address>
        <city>Los Angeles</city>
        <state>California</state>
        <zip>90027-0700</zip>
        <country>United States</country>
      </address>
    </facility>
  </location>
  <location>
    <facility>
      <name>Cedars-Sinai Medical Center</name>
      <address>
        <city>Los Angeles</city>
        <state>California</state>
        <zip>90048</zip>
        <country>United States</country>
      </address>
    </facility>
  </location>
  <location>
    <facility>
      <name>Jonsson Comprehensive Cancer Center, UCLA</name>
      <address>
        <city>Los Angeles</city>
        <state>California</state>
        <zip>90095-1781</zip>
        <country>United States</country>
      </address>
    </facility>
  </location>
  <location>
    <facility>
      <name>Children's Hospital Central California</name>
      <address>
        <city>Madera</city>
        <state>California</state>
        <zip>93638-8762</zip>
        <country>United States</country>
      </address>
    </facility>
  </location>
  <location>
    <facility>
      <name>Children's Hospital of Oakland</name>
      <address>
        <city>Oakland</city>
        <state>California</state>
        <zip>94609-1809</zip>
        <country>United States</country>
      </address>
    </facility>
  </location>
  <location>
    <facility>
      <name>Chao Family Comprehensive Cancer Center</name>
      <address>
        <city>Orange</city>
        <state>California</state>
        <zip>92868</zip>
        <country>United States</country>
      </address>
    </facility>
  </location>
  <location>
    <facility>
      <name>Children's Hospital of Orange County</name>
      <address>
        <city>Orange</city>
        <state>California</state>
        <zip>92868</zip>
        <country>United States</country>
      </address>
    </facility>
  </location>
  <location>
    <facility>
      <name>Lucile Packard Children's Hospital at Stanford</name>
      <address>
        <city>Palo Alto</city>
        <state>California</state>
        <zip>94304</zip>
        <country>United States</country>
      </address>
    </facility>
  </location>
  <location>
    <facility>
      <name>Sutter Cancer Center</name>
      <address>
        <city>Sacramento</city>
        <state>California</state>
        <zip>95816</zip>
        <country>United States</country>
      </address>
    </facility>
  </location>
  <location>
    <facility>
      <name>University of California Davis Medical Center</name>
      <address>
        <city>Sacramento</city>
        <state>California</state>
        <zip>95817</zip>
        <country>United States</country>
      </address>
    </facility>
  </location>
  <location>
    <facility>
      <name>Kaiser Permanente Medical Center/Kaiser Foundation Hospital - San Diego</name>
      <address>
        <city>San Diego</city>
        <state>California</state>
        <zip>92120</zip>
        <country>United States</country>
      </address>
    </facility>
  </location>
  <location>
    <facility>
      <name>Children's Hospital San Diego</name>
      <address>
        <city>San Diego</city>
        <state>California</state>
        <zip>92123-4282</zip>
        <country>United States</country>
      </address>
    </facility>
  </location>
  <location>
    <facility>
      <name>Kaiser Permanente Medical Center - San Francisco Geary Campus</name>
      <address>
        <city>San Francisco</city>
        <state>California</state>
        <zip>94115</zip>
        <country>United States</country>
      </address>
    </facility>
  </location>
  <location>
    <facility>
      <name>UCSF Comprehensive Cancer Center</name>
      <address>
        <city>San Francisco</city>
        <state>California</state>
        <zip>94143-0128</zip>
        <country>United States</country>
      </address>
    </facility>
  </location>
  <location>
    <facility>
      <name>Santa Barbara Cottage Hospital</name>
      <address>
        <city>Santa Barbara</city>
        <state>California</state>
        <zip>93102</zip>
        <country>United States</country>
      </address>
    </facility>
  </location>
  <location>
    <facility>
      <name>Kaiser Permanente Medical Center - Santa Clara</name>
      <address>
        <city>Santa Clara</city>
        <state>California</state>
        <zip>95051-5386</zip>
        <country>United States</country>
      </address>
    </facility>
  </location>
  <location>
    <facility>
      <name>David Grant Medical Center</name>
      <address>
        <city>Travis Air Force Base</city>
        <state>California</state>
        <zip>94535</zip>
        <country>United States</country>
      </address>
    </facility>
  </location>
  <location>
    <facility>
      <name>Children's Hospital of Denver</name>
      <address>
        <city>Denver</city>
        <state>Colorado</state>
        <zip>80218-1088</zip>
        <country>United States</country>
      </address>
    </facility>
  </location>
  <location>
    <facility>
      <name>Presbyterian-St Luke's Medical Center</name>
      <address>
        <city>Denver</city>
        <state>Colorado</state>
        <zip>80218</zip>
        <country>United States</country>
      </address>
    </facility>
  </location>
  <location>
    <facility>
      <name>University of Connecticut Health Center</name>
      <address>
        <city>Farmington</city>
        <state>Connecticut</state>
        <zip>06360-7106</zip>
        <country>United States</country>
      </address>
    </facility>
  </location>
  <location>
    <facility>
      <name>Yale Comprehensive Cancer Center</name>
      <address>
        <city>New Haven</city>
        <state>Connecticut</state>
        <zip>06520-8028</zip>
        <country>United States</country>
      </address>
    </facility>
  </location>
  <location>
    <facility>
      <name>Alfred I. Dupont Institute</name>
      <address>
        <city>Wilmington</city>
        <state>Delaware</state>
        <zip>19899</zip>
        <country>United States</country>
      </address>
    </facility>
  </location>
  <location>
    <facility>
      <name>Lombardi Cancer Center</name>
      <address>
        <city>Washington</city>
        <state>District of Columbia</state>
        <zip>20007</zip>
        <country>United States</country>
      </address>
    </facility>
  </location>
  <location>
    <facility>
      <name>Children's National Medical Center</name>
      <address>
        <city>Washington</city>
        <state>District of Columbia</state>
        <zip>20010-2970</zip>
        <country>United States</country>
      </address>
    </facility>
  </location>
  <location>
    <facility>
      <name>Walter Reed Army Medical Center</name>
      <address>
        <city>Washington</city>
        <state>District of Columbia</state>
        <zip>20307-5000</zip>
        <country>United States</country>
      </address>
    </facility>
  </location>
  <location>
    <facility>
      <name>Broward General Medical Center</name>
      <address>
        <city>Fort Lauderdale</city>
        <state>Florida</state>
        <zip>33316</zip>
        <country>United States</country>
      </address>
    </facility>
  </location>
  <location>
    <facility>
      <name>Children's Hospital of Southwest Florida</name>
      <address>
        <city>Fort Myers</city>
        <state>Florida</state>
        <zip>33908</zip>
        <country>United States</country>
      </address>
    </facility>
  </location>
  <location>
    <facility>
      <name>Shands Hospital and Clinics, University of Florida</name>
      <address>
        <city>Gainesville</city>
        <state>Florida</state>
        <zip>32610-100277</zip>
        <country>United States</country>
      </address>
    </facility>
  </location>
  <location>
    <facility>
      <name>Joe DiMaggio Children's Hospital at Memorial</name>
      <address>
        <city>Hollywood</city>
        <state>Florida</state>
        <zip>33021</zip>
        <country>United States</country>
      </address>
    </facility>
  </location>
  <location>
    <facility>
      <name>Nemours Children's Clinic</name>
      <address>
        <city>Jacksonville</city>
        <state>Florida</state>
        <zip>32207</zip>
        <country>United States</country>
      </address>
    </facility>
  </location>
  <location>
    <facility>
      <name>University of Miami-Jackson Memorial Hospital</name>
      <address>
        <city>Miami</city>
        <state>Florida</state>
        <zip>33136</zip>
        <country>United States</country>
      </address>
    </facility>
  </location>
  <location>
    <facility>
      <name>Miami Children's Hospital</name>
      <address>
        <city>Miami</city>
        <state>Florida</state>
        <zip>33155-4069</zip>
        <country>United States</country>
      </address>
    </facility>
  </location>
  <location>
    <facility>
      <name>Baptist Hospital of Miami</name>
      <address>
        <city>Miami</city>
        <state>Florida</state>
        <zip>33176-2197</zip>
        <country>United States</country>
      </address>
    </facility>
  </location>
  <location>
    <facility>
      <name>Florida Hospital Cancer Institute</name>
      <address>
        <city>Orlando</city>
        <state>Florida</state>
        <zip>32803</zip>
        <country>United States</country>
      </address>
    </facility>
  </location>
  <location>
    <facility>
      <name>Nemours Children's Clinic-Orlando</name>
      <address>
        <city>Orlando</city>
        <state>Florida</state>
        <zip>32806</zip>
        <country>United States</country>
      </address>
    </facility>
  </location>
  <location>
    <facility>
      <name>Sacred Heart Children's Hospital</name>
      <address>
        <city>Pensacola</city>
        <state>Florida</state>
        <zip>32504</zip>
        <country>United States</country>
      </address>
    </facility>
  </location>
  <location>
    <facility>
      <name>All Children's Hospital</name>
      <address>
        <city>St. Petersburg</city>
        <state>Florida</state>
        <zip>33701</zip>
        <country>United States</country>
      </address>
    </facility>
  </location>
  <location>
    <facility>
      <name>Tampa Children's Hospital</name>
      <address>
        <city>Tampa</city>
        <state>Florida</state>
        <zip>33677-4227</zip>
        <country>United States</country>
      </address>
    </facility>
  </location>
  <location>
    <facility>
      <name>St. Mary's Hospital</name>
      <address>
        <city>West Palm Beach</city>
        <state>Florida</state>
        <zip>33407</zip>
        <country>United States</country>
      </address>
    </facility>
  </location>
  <location>
    <facility>
      <name>Emory University Hospital - Atlanta</name>
      <address>
        <city>Atlanta</city>
        <state>Georgia</state>
        <zip>30322</zip>
        <country>United States</country>
      </address>
    </facility>
  </location>
  <location>
    <facility>
      <name>Children's Healthcare of Atlanta - Scottish Rite</name>
      <address>
        <city>Atlanta</city>
        <state>Georgia</state>
        <zip>30342</zip>
        <country>United States</country>
      </address>
    </facility>
  </location>
  <location>
    <facility>
      <name>Medical College of Georgia Comprehensive Cancer Center</name>
      <address>
        <city>Augusta</city>
        <state>Georgia</state>
        <zip>30912-4000</zip>
        <country>United States</country>
      </address>
    </facility>
  </location>
  <location>
    <facility>
      <name>Medical Center of Central Georgia</name>
      <address>
        <city>Macon</city>
        <state>Georgia</state>
        <zip>31201</zip>
        <country>United States</country>
      </address>
    </facility>
  </location>
  <location>
    <facility>
      <name>Memorial Health University Medical Center, Inc.</name>
      <address>
        <city>Savannah</city>
        <state>Georgia</state>
        <zip>31403-3089</zip>
        <country>United States</country>
      </address>
    </facility>
  </location>
  <location>
    <facility>
      <name>Cancer Research Center of Hawaii</name>
      <address>
        <city>Honolulu</city>
        <state>Hawaii</state>
        <zip>96813</zip>
        <country>United States</country>
      </address>
    </facility>
  </location>
  <location>
    <facility>
      <name>Tripler Army Medical Center</name>
      <address>
        <city>Honolulu</city>
        <state>Hawaii</state>
        <zip>96859-5000</zip>
        <country>United States</country>
      </address>
    </facility>
  </location>
  <location>
    <facility>
      <name>Mountain States Tumor Institute</name>
      <address>
        <city>Boise</city>
        <state>Idaho</state>
        <zip>83712</zip>
        <country>United States</country>
      </address>
    </facility>
  </location>
  <location>
    <facility>
      <name>University of Chicago Cancer Research Center</name>
      <address>
        <city>Chicago</city>
        <state>Illinois</state>
        <zip>60601</zip>
        <country>United States</country>
      </address>
    </facility>
  </location>
  <location>
    <facility>
      <name>Rush-Presbyterian-St. Luke's Medical Center</name>
      <address>
        <city>Chicago</city>
        <state>Illinois</state>
        <zip>60612</zip>
        <country>United States</country>
      </address>
    </facility>
  </location>
  <location>
    <facility>
      <name>University of Illinois at Chicago</name>
      <address>
        <city>Chicago</city>
        <state>Illinois</state>
        <zip>60612</zip>
        <country>United States</country>
      </address>
    </facility>
  </location>
  <location>
    <facility>
      <name>Children's Memorial Hospital - Chicago</name>
      <address>
        <city>Chicago</city>
        <state>Illinois</state>
        <zip>60614</zip>
        <country>United States</country>
      </address>
    </facility>
  </location>
  <location>
    <facility>
      <name>Hope Children's Hospital</name>
      <address>
        <city>Oak Lawn</city>
        <state>Illinois</state>
        <zip>60453</zip>
        <country>United States</country>
      </address>
    </facility>
  </location>
  <location>
    <facility>
      <name>Lutheran General Hospital</name>
      <address>
        <city>Park Ridge</city>
        <state>Illinois</state>
        <zip>60068-1174</zip>
        <country>United States</country>
      </address>
    </facility>
  </location>
  <location>
    <facility>
      <name>Saint Jude Midwest Affiliate</name>
      <address>
        <city>Peoria</city>
        <state>Illinois</state>
        <zip>61637</zip>
        <country>United States</country>
      </address>
    </facility>
  </location>
  <location>
    <facility>
      <name>Southern Illinois University School of Medicine</name>
      <address>
        <city>Springfield</city>
        <state>Illinois</state>
        <zip>62794-9658</zip>
        <country>United States</country>
      </address>
    </facility>
  </location>
  <location>
    <facility>
      <name>Indiana University Cancer Center</name>
      <address>
        <city>Indianapolis</city>
        <state>Indiana</state>
        <zip>46202-5289</zip>
        <country>United States</country>
      </address>
    </facility>
  </location>
  <location>
    <facility>
      <name>St. Vincent Hospital and Health Care Center</name>
      <address>
        <city>Indianapolis</city>
        <state>Indiana</state>
        <zip>46260</zip>
        <country>United States</country>
      </address>
    </facility>
  </location>
  <location>
    <facility>
      <name>Raymond Blank Memorial Hospital for Children</name>
      <address>
        <city>Des Moines</city>
        <state>Iowa</state>
        <zip>50308</zip>
        <country>United States</country>
      </address>
    </facility>
  </location>
  <location>
    <facility>
      <name>Holden Comprehensive Cancer Center</name>
      <address>
        <city>Iowa City</city>
        <state>Iowa</state>
        <zip>52242-1009</zip>
        <country>United States</country>
      </address>
    </facility>
  </location>
  <location>
    <facility>
      <name>Wesley Medical Center</name>
      <address>
        <city>Wichita</city>
        <state>Kansas</state>
        <zip>67214</zip>
        <country>United States</country>
      </address>
    </facility>
  </location>
  <location>
    <facility>
      <name>Albert B. Chandler Medical Center, University of Kentucky</name>
      <address>
        <city>Lexington</city>
        <state>Kentucky</state>
        <zip>40536-0284</zip>
        <country>United States</country>
      </address>
    </facility>
  </location>
  <location>
    <facility>
      <name>Kosair Children's Hospital</name>
      <address>
        <city>Louisville</city>
        <state>Kentucky</state>
        <zip>40202-3830</zip>
        <country>United States</country>
      </address>
    </facility>
  </location>
  <location>
    <facility>
      <name>Tulane University School of Medicine</name>
      <address>
        <city>New Orleans</city>
        <state>Louisiana</state>
        <zip>70112</zip>
        <country>United States</country>
      </address>
    </facility>
  </location>
  <location>
    <facility>
      <name>Children's Hospital of New Orleans</name>
      <address>
        <city>New Orleans</city>
        <state>Louisiana</state>
        <zip>70118</zip>
        <country>United States</country>
      </address>
    </facility>
  </location>
  <location>
    <facility>
      <name>Ochsner Clinic</name>
      <address>
        <city>New Orleans</city>
        <state>Louisiana</state>
        <zip>70121</zip>
        <country>United States</country>
      </address>
    </facility>
  </location>
  <location>
    <facility>
      <name>Eastern Maine Medical Center</name>
      <address>
        <city>Bangor</city>
        <state>Maine</state>
        <zip>04401</zip>
        <country>United States</country>
      </address>
    </facility>
  </location>
  <location>
    <facility>
      <name>Maine Children's Cancer Program</name>
      <address>
        <city>Scarborough</city>
        <state>Maine</state>
        <zip>04074</zip>
        <country>United States</country>
      </address>
    </facility>
  </location>
  <location>
    <facility>
      <name>Marlene and Stewart Greenebaum Cancer Center, University of Maryland</name>
      <address>
        <city>Baltimore</city>
        <state>Maryland</state>
        <zip>21201-1595</zip>
        <country>United States</country>
      </address>
    </facility>
  </location>
  <location>
    <facility>
      <name>Sinai Hospital of Baltimore</name>
      <address>
        <city>Baltimore</city>
        <state>Maryland</state>
        <zip>21225</zip>
        <country>United States</country>
      </address>
    </facility>
  </location>
  <location>
    <facility>
      <name>Sidney Kimmel Comprehensive Cancer Center at Johns Hopkins</name>
      <address>
        <city>Baltimore</city>
        <state>Maryland</state>
        <zip>21231-2410</zip>
        <country>United States</country>
      </address>
    </facility>
  </location>
  <location>
    <facility>
      <name>Floating Hospital for Children</name>
      <address>
        <city>Boston</city>
        <state>Massachusetts</state>
        <zip>02111</zip>
        <country>United States</country>
      </address>
    </facility>
  </location>
  <location>
    <facility>
      <name>Dana-Farber Cancer Institute</name>
      <address>
        <city>Boston</city>
        <state>Massachusetts</state>
        <zip>02115</zip>
        <country>United States</country>
      </address>
    </facility>
  </location>
  <location>
    <facility>
      <name>Baystate Medical Center</name>
      <address>
        <city>Springfield</city>
        <state>Massachusetts</state>
        <zip>01107</zip>
        <country>United States</country>
      </address>
    </facility>
  </location>
  <location>
    <facility>
      <name>University of Massachusetts Memorial Medical Center - University Campus</name>
      <address>
        <city>Worcester</city>
        <state>Massachusetts</state>
        <zip>01655</zip>
        <country>United States</country>
      </address>
    </facility>
  </location>
  <location>
    <facility>
      <name>Mott Children's Hospital</name>
      <address>
        <city>Ann Arbor</city>
        <state>Michigan</state>
        <zip>48109-0914</zip>
        <country>United States</country>
      </address>
    </facility>
  </location>
  <location>
    <facility>
      <name>Children's Hospital of Michigan</name>
      <address>
        <city>Detroit</city>
        <state>Michigan</state>
        <zip>48201</zip>
        <country>United States</country>
      </address>
    </facility>
  </location>
  <location>
    <facility>
      <name>Henry Ford Hospital</name>
      <address>
        <city>Detroit</city>
        <state>Michigan</state>
        <zip>48202</zip>
        <country>United States</country>
      </address>
    </facility>
  </location>
  <location>
    <facility>
      <name>St. John Hospital and Medical Center</name>
      <address>
        <city>Detroit</city>
        <state>Michigan</state>
        <zip>48236</zip>
        <country>United States</country>
      </address>
    </facility>
  </location>
  <location>
    <facility>
      <name>Michigan State University</name>
      <address>
        <city>East Lansing</city>
        <state>Michigan</state>
        <zip>48824</zip>
        <country>United States</country>
      </address>
    </facility>
  </location>
  <location>
    <facility>
      <name>Hurley Medical Center</name>
      <address>
        <city>Flint</city>
        <state>Michigan</state>
        <zip>48503</zip>
        <country>United States</country>
      </address>
    </facility>
  </location>
  <location>
    <facility>
      <name>Spectrum Health and DeVos Children's Hospital</name>
      <address>
        <city>Grand Rapids</city>
        <state>Michigan</state>
        <zip>49503</zip>
        <country>United States</country>
      </address>
    </facility>
  </location>
  <location>
    <facility>
      <name>Bronson Methodist Hospital</name>
      <address>
        <city>Kalamazoo</city>
        <state>Michigan</state>
        <zip>49007</zip>
        <country>United States</country>
      </address>
    </facility>
  </location>
  <location>
    <facility>
      <name>William Beaumont Hospital</name>
      <address>
        <city>Royal Oak</city>
        <state>Michigan</state>
        <zip>48073-6769</zip>
        <country>United States</country>
      </address>
    </facility>
  </location>
  <location>
    <facility>
      <name>St. Mary's/Duluth Clinic Cancer Center</name>
      <address>
        <city>Duluth</city>
        <state>Minnesota</state>
        <zip>55805-1983</zip>
        <country>United States</country>
      </address>
    </facility>
  </location>
  <location>
    <facility>
      <name>Children's Hospitals and Clinics - Minneapolis</name>
      <address>
        <city>Minneapolis</city>
        <state>Minnesota</state>
        <zip>55404</zip>
        <country>United States</country>
      </address>
    </facility>
  </location>
  <location>
    <facility>
      <name>Mayo Clinic Cancer Center</name>
      <address>
        <city>Rochester</city>
        <state>Minnesota</state>
        <zip>55905</zip>
        <country>United States</country>
      </address>
    </facility>
  </location>
  <location>
    <facility>
      <name>Children's Hospitals and Clinics of Minnesota</name>
      <address>
        <city>Saint Paul</city>
        <state>Minnesota</state>
        <zip>55102</zip>
        <country>United States</country>
      </address>
    </facility>
  </location>
  <location>
    <facility>
      <name>University of Mississippi Medical Center</name>
      <address>
        <city>Jackson</city>
        <state>Mississippi</state>
        <zip>39216-4505</zip>
        <country>United States</country>
      </address>
    </facility>
  </location>
  <location>
    <facility>
      <name>Children's Mercy Hospital</name>
      <address>
        <city>Kansas City</city>
        <state>Missouri</state>
        <zip>64108</zip>
        <country>United States</country>
      </address>
    </facility>
  </location>
  <location>
    <facility>
      <name>Cardinal Glennon Children's Hospital</name>
      <address>
        <city>Saint Louis</city>
        <state>Missouri</state>
        <zip>63104</zip>
        <country>United States</country>
      </address>
    </facility>
  </location>
  <location>
    <facility>
      <name>St. Louis Children's Hospital</name>
      <address>
        <city>Saint Louis</city>
        <state>Missouri</state>
        <zip>63110</zip>
        <country>United States</country>
      </address>
    </facility>
  </location>
  <location>
    <facility>
      <name>Children's Hospital of Omaha</name>
      <address>
        <city>Omaha</city>
        <state>Nebraska</state>
        <zip>68114</zip>
        <country>United States</country>
      </address>
    </facility>
  </location>
  <location>
    <facility>
      <name>University of Nebraska Medical Center</name>
      <address>
        <city>Omaha</city>
        <state>Nebraska</state>
        <zip>68198-2168</zip>
        <country>United States</country>
      </address>
    </facility>
  </location>
  <location>
    <facility>
      <name>Sunrise Hospital and Medical Center</name>
      <address>
        <city>Las Vegas</city>
        <state>Nevada</state>
        <zip>89109-2306</zip>
        <country>United States</country>
      </address>
    </facility>
  </location>
  <location>
    <facility>
      <name>Norris Cotton Cancer Center</name>
      <address>
        <city>Lebanon</city>
        <state>New Hampshire</state>
        <zip>03756-0002</zip>
        <country>United States</country>
      </address>
    </facility>
  </location>
  <location>
    <facility>
      <name>Hackensack University Medical Center</name>
      <address>
        <city>Hackensack</city>
        <state>New Jersey</state>
        <zip>07601</zip>
        <country>United States</country>
      </address>
    </facility>
  </location>
  <location>
    <facility>
      <name>St. Barnabas Medical Center</name>
      <address>
        <city>Livingston</city>
        <state>New Jersey</state>
        <zip>07039</zip>
        <country>United States</country>
      </address>
    </facility>
  </location>
  <location>
    <facility>
      <name>Cancer Institute of New Jersey</name>
      <address>
        <city>New Brunswick</city>
        <state>New Jersey</state>
        <zip>08903</zip>
        <country>United States</country>
      </address>
    </facility>
  </location>
  <location>
    <facility>
      <name>Newark Beth Israel Medical Center</name>
      <address>
        <city>Newark</city>
        <state>New Jersey</state>
        <zip>07112-2094</zip>
        <country>United States</country>
      </address>
    </facility>
  </location>
  <location>
    <facility>
      <name>St. Joseph's Hospital and Medical Center</name>
      <address>
        <city>Paterson</city>
        <state>New Jersey</state>
        <zip>07503</zip>
        <country>United States</country>
      </address>
    </facility>
  </location>
  <location>
    <facility>
      <name>Atlantic Health System</name>
      <address>
        <city>Summit</city>
        <state>New Jersey</state>
        <zip>07901</zip>
        <country>United States</country>
      </address>
    </facility>
  </location>
  <location>
    <facility>
      <name>University of New Mexico Cancer Research and Treatment Center</name>
      <address>
        <city>Albuquerque</city>
        <state>New Mexico</state>
        <zip>87131</zip>
        <country>United States</country>
      </address>
    </facility>
  </location>
  <location>
    <facility>
      <name>Cancer Center of Albany Medical Center</name>
      <address>
        <city>Albany</city>
        <state>New York</state>
        <zip>12208</zip>
        <country>United States</country>
      </address>
    </facility>
  </location>
  <location>
    <facility>
      <name>Albert Einstein Clinical Cancer Center</name>
      <address>
        <city>Bronx</city>
        <state>New York</state>
        <zip>10461</zip>
        <country>United States</country>
      </address>
    </facility>
  </location>
  <location>
    <facility>
      <name>Brooklyn Hospital Center</name>
      <address>
        <city>Brooklyn</city>
        <state>New York</state>
        <zip>11201</zip>
        <country>United States</country>
      </address>
    </facility>
  </location>
  <location>
    <facility>
      <name>State University of New York Health Science Center at Brooklyn College of Medicine</name>
      <address>
        <city>Brooklyn</city>
        <state>New York</state>
        <zip>11203</zip>
        <country>United States</country>
      </address>
    </facility>
  </location>
  <location>
    <facility>
      <name>Brookdale University Hospital and Medical Center</name>
      <address>
        <city>Brooklyn</city>
        <state>New York</state>
        <zip>11212</zip>
        <country>United States</country>
      </address>
    </facility>
  </location>
  <location>
    <facility>
      <name>Maimonides Medical Center</name>
      <address>
        <city>Brooklyn</city>
        <state>New York</state>
        <zip>11219</zip>
        <country>United States</country>
      </address>
    </facility>
  </location>
  <location>
    <facility>
      <name>Roswell Park Cancer Institute</name>
      <address>
        <city>Buffalo</city>
        <state>New York</state>
        <zip>14263-0001</zip>
        <country>United States</country>
      </address>
    </facility>
  </location>
  <location>
    <facility>
      <name>North Shore University Hospital</name>
      <address>
        <city>Manhasset</city>
        <state>New York</state>
        <zip>11030</zip>
        <country>United States</country>
      </address>
    </facility>
  </location>
  <location>
    <facility>
      <name>Schneider Children's Hospital</name>
      <address>
        <city>New Hyde Park</city>
        <state>New York</state>
        <zip>11042</zip>
        <country>United States</country>
      </address>
    </facility>
  </location>
  <location>
    <facility>
      <name>New York Presbyterian Hospital - Cornell Campus</name>
      <address>
        <city>New York</city>
        <state>New York</state>
        <zip>10021-4885</zip>
        <country>United States</country>
      </address>
    </facility>
  </location>
  <location>
    <facility>
      <name>Memorial Sloan-Kettering Cancer Center</name>
      <address>
        <city>New York</city>
        <state>New York</state>
        <zip>10021</zip>
        <country>United States</country>
      </address>
    </facility>
  </location>
  <location>
    <facility>
      <name>Mount Sinai School of Medicine</name>
      <address>
        <city>New York</city>
        <state>New York</state>
        <zip>10029</zip>
        <country>United States</country>
      </address>
    </facility>
  </location>
  <location>
    <facility>
      <name>Columbia Presbyterian Hospital</name>
      <address>
        <city>New York</city>
        <state>New York</state>
        <zip>10032</zip>
        <country>United States</country>
      </address>
    </facility>
  </location>
  <location>
    <facility>
      <name>James P. Wilmot Cancer Center</name>
      <address>
        <city>Rochester</city>
        <state>New York</state>
        <zip>14642</zip>
        <country>United States</country>
      </address>
    </facility>
  </location>
  <location>
    <facility>
      <name>State University of New York Health Sciences Center - Stony Brook</name>
      <address>
        <city>Stony Brook</city>
        <state>New York</state>
        <zip>11790-7775</zip>
        <country>United States</country>
      </address>
    </facility>
  </location>
  <location>
    <facility>
      <name>State University of New York - Upstate Medical University</name>
      <address>
        <city>Syracuse</city>
        <state>New York</state>
        <zip>13210</zip>
        <country>United States</country>
      </address>
    </facility>
  </location>
  <location>
    <facility>
      <name>New York Medical College</name>
      <address>
        <city>Valhalla</city>
        <state>New York</state>
        <zip>10595</zip>
        <country>United States</country>
      </address>
    </facility>
  </location>
  <location>
    <facility>
      <name>Mission Saint Joseph's Health System</name>
      <address>
        <city>Asheville</city>
        <state>North Carolina</state>
        <zip>28801</zip>
        <country>United States</country>
      </address>
    </facility>
  </location>
  <location>
    <facility>
      <name>Lineberger Comprehensive Cancer Center, UNC</name>
      <address>
        <city>Chapel Hill</city>
        <state>North Carolina</state>
        <zip>27599-7295</zip>
        <country>United States</country>
      </address>
    </facility>
  </location>
  <location>
    <facility>
      <name>Carolinas Medical Center</name>
      <address>
        <city>Charlotte</city>
        <state>North Carolina</state>
        <zip>28232-2861</zip>
        <country>United States</country>
      </address>
    </facility>
  </location>
  <location>
    <facility>
      <name>Presbyterian Healthcare</name>
      <address>
        <city>Charlotte</city>
        <state>North Carolina</state>
        <zip>28233-3549</zip>
        <country>United States</country>
      </address>
    </facility>
  </location>
  <location>
    <facility>
      <name>Duke Comprehensive Cancer Center</name>
      <address>
        <city>Durham</city>
        <state>North Carolina</state>
        <zip>27710</zip>
        <country>United States</country>
      </address>
    </facility>
  </location>
  <location>
    <facility>
      <name>East Carolina University School of Medicine</name>
      <address>
        <city>Greenville</city>
        <state>North Carolina</state>
        <zip>27858-4354</zip>
        <country>United States</country>
      </address>
    </facility>
  </location>
  <location>
    <facility>
      <name>Dakota Cancer Institute</name>
      <address>
        <city>Fargo</city>
        <state>North Dakota</state>
        <zip>58103-4940</zip>
        <country>United States</country>
      </address>
    </facility>
  </location>
  <location>
    <facility>
      <name>Children's Hospital Medical Center of Akron</name>
      <address>
        <city>Akron</city>
        <state>Ohio</state>
        <zip>44308</zip>
        <country>United States</country>
      </address>
    </facility>
  </location>
  <location>
    <facility>
      <name>Children's Hospital Medical Center - Cincinnati</name>
      <address>
        <city>Cincinnati</city>
        <state>Ohio</state>
        <zip>45229-3039</zip>
        <country>United States</country>
      </address>
    </facility>
  </location>
  <location>
    <facility>
      <name>Cleveland Clinic Taussig Cancer Center</name>
      <address>
        <city>Cleveland</city>
        <state>Ohio</state>
        <zip>44195</zip>
        <country>United States</country>
      </address>
    </facility>
  </location>
  <location>
    <facility>
      <name>Children's Hospital of Columbus</name>
      <address>
        <city>Columbus</city>
        <state>Ohio</state>
        <zip>43205-2696</zip>
        <country>United States</country>
      </address>
    </facility>
  </location>
  <location>
    <facility>
      <name>Children's Medical Center - Dayton</name>
      <address>
        <city>Dayton</city>
        <state>Ohio</state>
        <zip>45404</zip>
        <country>United States</country>
      </address>
    </facility>
  </location>
  <location>
    <facility>
      <name>Toledo Children's Hospital</name>
      <address>
        <city>Toledo</city>
        <state>Ohio</state>
        <zip>43601</zip>
        <country>United States</country>
      </address>
    </facility>
  </location>
  <location>
    <facility>
      <name>Forum Health-Tod Childrens Hospital</name>
      <address>
        <city>Youngstown</city>
        <state>Ohio</state>
        <zip>44501</zip>
        <country>United States</country>
      </address>
    </facility>
  </location>
  <location>
    <facility>
      <name>Children's Hospital of Oklahoma</name>
      <address>
        <city>Oklahoma City</city>
        <state>Oklahoma</state>
        <zip>73104</zip>
        <country>United States</country>
      </address>
    </facility>
  </location>
  <location>
    <facility>
      <name>Natalie Warren Bryant Cancer Center</name>
      <address>
        <city>Tulsa</city>
        <state>Oklahoma</state>
        <zip>74136</zip>
        <country>United States</country>
      </address>
    </facility>
  </location>
  <location>
    <facility>
      <name>Doernbecher Children's Hospital</name>
      <address>
        <city>Portland</city>
        <state>Oregon</state>
        <zip>97201-3098</zip>
        <country>United States</country>
      </address>
    </facility>
  </location>
  <location>
    <facility>
      <name>Legacy Emanuel Hospital and Health Center</name>
      <address>
        <city>Portland</city>
        <state>Oregon</state>
        <zip>97227</zip>
        <country>United States</country>
      </address>
    </facility>
  </location>
  <location>
    <facility>
      <name>Geisinger Medical Center</name>
      <address>
        <city>Danville</city>
        <state>Pennsylvania</state>
        <zip>17822-1320</zip>
        <country>United States</country>
      </address>
    </facility>
  </location>
  <location>
    <facility>
      <name>Milton S. Hershey Medical Center</name>
      <address>
        <city>Hershey</city>
        <state>Pennsylvania</state>
        <zip>17033-0850</zip>
        <country>United States</country>
      </address>
    </facility>
  </location>
  <location>
    <facility>
      <name>Children's Hospital of Philadelphia</name>
      <address>
        <city>Philadelphia</city>
        <state>Pennsylvania</state>
        <zip>19104</zip>
        <country>United States</country>
      </address>
    </facility>
  </location>
  <location>
    <facility>
      <name>St. Christopher's Hospital for Children</name>
      <address>
        <city>Philadelphia</city>
        <state>Pennsylvania</state>
        <zip>19134-1095</zip>
        <country>United States</country>
      </address>
    </facility>
  </location>
  <location>
    <facility>
      <name>Children's Hospital of Pittsburgh</name>
      <address>
        <city>Pittsburgh</city>
        <state>Pennsylvania</state>
        <zip>15213</zip>
        <country>United States</country>
      </address>
    </facility>
  </location>
  <location>
    <facility>
      <name>Medical University of South Carolina</name>
      <address>
        <city>Charleston</city>
        <state>South Carolina</state>
        <zip>29425-0721</zip>
        <country>United States</country>
      </address>
    </facility>
  </location>
  <location>
    <facility>
      <name>Palmetto Health South Carolina Cancer Center</name>
      <address>
        <city>Columbia</city>
        <state>South Carolina</state>
        <zip>29203</zip>
        <country>United States</country>
      </address>
    </facility>
  </location>
  <location>
    <facility>
      <name>Children's Hospital of Greenville Hospital System</name>
      <address>
        <city>Greenville</city>
        <state>South Carolina</state>
        <zip>29605</zip>
        <country>United States</country>
      </address>
    </facility>
  </location>
  <location>
    <facility>
      <name>Avera Cancer Institute</name>
      <address>
        <city>Sioux Falls</city>
        <state>South Dakota</state>
        <zip>57105-1080</zip>
        <country>United States</country>
      </address>
    </facility>
  </location>
  <location>
    <facility>
      <name>Sioux Valley Hospital</name>
      <address>
        <city>Sioux Falls</city>
        <state>South Dakota</state>
        <zip>57117</zip>
        <country>United States</country>
      </address>
    </facility>
  </location>
  <location>
    <facility>
      <name>East Tennessee State University Cancer Center at JCMC</name>
      <address>
        <city>Johnson City</city>
        <state>Tennessee</state>
        <zip>37604</zip>
        <country>United States</country>
      </address>
    </facility>
  </location>
  <location>
    <facility>
      <name>East Tennessee Children's Hospital</name>
      <address>
        <city>Knoxville</city>
        <state>Tennessee</state>
        <zip>37901</zip>
        <country>United States</country>
      </address>
    </facility>
  </location>
  <location>
    <facility>
      <name>Saint Jude Children's Research Hospital</name>
      <address>
        <city>Memphis</city>
        <state>Tennessee</state>
        <zip>38105-2794</zip>
        <country>United States</country>
      </address>
    </facility>
  </location>
  <location>
    <facility>
      <name>Vanderbilt-Ingram Cancer Center</name>
      <address>
        <city>Nashville</city>
        <state>Tennessee</state>
        <zip>37232-6838</zip>
        <country>United States</country>
      </address>
    </facility>
  </location>
  <location>
    <facility>
      <name>Texas Tech University Health Sciences Center School of Medicine</name>
      <address>
        <city>Amarillo</city>
        <state>Texas</state>
        <zip>79106</zip>
        <country>United States</country>
      </address>
    </facility>
  </location>
  <location>
    <facility>
      <name>Medical City Dallas Hospital</name>
      <address>
        <city>Dallas</city>
        <state>Texas</state>
        <zip>75230</zip>
        <country>United States</country>
      </address>
    </facility>
  </location>
  <location>
    <facility>
      <name>Simmons Cancer Center - Dallas</name>
      <address>
        <city>Dallas</city>
        <state>Texas</state>
        <zip>75235-9154</zip>
        <country>United States</country>
      </address>
    </facility>
  </location>
  <location>
    <facility>
      <name>Cook Children's Medical Center - Fort Worth</name>
      <address>
        <city>Fort Worth</city>
        <state>Texas</state>
        <zip>76104</zip>
        <country>United States</country>
      </address>
    </facility>
  </location>
  <location>
    <facility>
      <name>University of Texas Medical Branch</name>
      <address>
        <city>Galveston</city>
        <state>Texas</state>
        <zip>77555-0361</zip>
        <country>United States</country>
      </address>
    </facility>
  </location>
  <location>
    <facility>
      <name>University of Texas - MD Anderson Cancer Center</name>
      <address>
        <city>Houston</city>
        <state>Texas</state>
        <zip>77030-4009</zip>
        <country>United States</country>
      </address>
    </facility>
  </location>
  <location>
    <facility>
      <name>Baylor College of Medicine</name>
      <address>
        <city>Houston</city>
        <state>Texas</state>
        <zip>77030</zip>
        <country>United States</country>
      </address>
    </facility>
  </location>
  <location>
    <facility>
      <name>San Antonio Military Pediatric Cancer and Blood Disorders Center</name>
      <address>
        <city>Lackland Air Force Base</city>
        <state>Texas</state>
        <zip>78236-5300</zip>
        <country>United States</country>
      </address>
    </facility>
  </location>
  <location>
    <facility>
      <name>Covenant Children's Hospital</name>
      <address>
        <city>Lubbock</city>
        <state>Texas</state>
        <zip>79410</zip>
        <country>United States</country>
      </address>
    </facility>
  </location>
  <location>
    <facility>
      <name>University of Texas Health Science Center at San Antonio</name>
      <address>
        <city>San Antonio</city>
        <state>Texas</state>
        <zip>78207</zip>
        <country>United States</country>
      </address>
    </facility>
  </location>
  <location>
    <facility>
      <name>Methodist Health Care System</name>
      <address>
        <city>San Antonio</city>
        <state>Texas</state>
        <zip>78229-3902</zip>
        <country>United States</country>
      </address>
    </facility>
  </location>
  <location>
    <facility>
      <name>Scott and White Memorial Hospital</name>
      <address>
        <city>Temple</city>
        <state>Texas</state>
        <zip>76508</zip>
        <country>United States</country>
      </address>
    </facility>
  </location>
  <location>
    <facility>
      <name>Huntsman Cancer Institute</name>
      <address>
        <city>Salt Lake City</city>
        <state>Utah</state>
        <zip>84112</zip>
        <country>United States</country>
      </address>
    </facility>
  </location>
  <location>
    <facility>
      <name>Vermont Cancer Center</name>
      <address>
        <city>Burlington</city>
        <state>Vermont</state>
        <zip>05401-3498</zip>
        <country>United States</country>
      </address>
    </facility>
  </location>
  <location>
    <facility>
      <name>Cancer Center at the University of Virginia</name>
      <address>
        <city>Charlottesville</city>
        <state>Virginia</state>
        <zip>22908</zip>
        <country>United States</country>
      </address>
    </facility>
  </location>
  <location>
    <facility>
      <name>Inova Fairfax Hospital</name>
      <address>
        <city>Falls Church</city>
        <state>Virginia</state>
        <zip>22042-3300</zip>
        <country>United States</country>
      </address>
    </facility>
  </location>
  <location>
    <facility>
      <name>Children's Hospital of the King's Daughters</name>
      <address>
        <city>Norfolk</city>
        <state>Virginia</state>
        <zip>23507</zip>
        <country>United States</country>
      </address>
    </facility>
  </location>
  <location>
    <facility>
      <name>Naval Medical Center, Portsmouth</name>
      <address>
        <city>Portsmouth</city>
        <state>Virginia</state>
        <zip>23708-5100</zip>
        <country>United States</country>
      </address>
    </facility>
  </location>
  <location>
    <facility>
      <name>Massey Cancer Center</name>
      <address>
        <city>Richmond</city>
        <state>Virginia</state>
        <zip>23298-0037</zip>
        <country>United States</country>
      </address>
    </facility>
  </location>
  <location>
    <facility>
      <name>Carilion Medical Center for Children</name>
      <address>
        <city>Roanoke</city>
        <state>Virginia</state>
        <zip>24013</zip>
        <country>United States</country>
      </address>
    </facility>
  </location>
  <location>
    <facility>
      <name>Children's Hospital and Regional Medical Center - Seattle</name>
      <address>
        <city>Seattle</city>
        <state>Washington</state>
        <zip>98105</zip>
        <country>United States</country>
      </address>
    </facility>
  </location>
  <location>
    <facility>
      <name>Fred Hutchinson Cancer Research Center</name>
      <address>
        <city>Seattle</city>
        <state>Washington</state>
        <zip>98109-1024</zip>
        <country>United States</country>
      </address>
    </facility>
  </location>
  <location>
    <facility>
      <name>Group Health Cooperative</name>
      <address>
        <city>Seattle</city>
        <state>Washington</state>
        <zip>98112</zip>
        <country>United States</country>
      </address>
    </facility>
  </location>
  <location>
    <facility>
      <name>Deaconess Medical Center</name>
      <address>
        <city>Spokane</city>
        <state>Washington</state>
        <zip>99210-0248</zip>
        <country>United States</country>
      </address>
    </facility>
  </location>
  <location>
    <facility>
      <name>Madigan Army Medical Center</name>
      <address>
        <city>Tacoma</city>
        <state>Washington</state>
        <zip>98431-5000</zip>
        <country>United States</country>
      </address>
    </facility>
  </location>
  <location>
    <facility>
      <name>West Virginia University - Charleston</name>
      <address>
        <city>Charleston</city>
        <state>West Virginia</state>
        <zip>25302</zip>
        <country>United States</country>
      </address>
    </facility>
  </location>
  <location>
    <facility>
      <name>Cabell-Huntington Hospital, Inc</name>
      <address>
        <city>Huntington</city>
        <state>West Virginia</state>
        <zip>25701</zip>
        <country>United States</country>
      </address>
    </facility>
  </location>
  <location>
    <facility>
      <name>West Virginia University Hospitals</name>
      <address>
        <city>Morgantown</city>
        <state>West Virginia</state>
        <zip>26506-9300</zip>
        <country>United States</country>
      </address>
    </facility>
  </location>
  <location>
    <facility>
      <name>Bellin Memorial Hospital</name>
      <address>
        <city>Green Bay</city>
        <state>Wisconsin</state>
        <zip>54301</zip>
        <country>United States</country>
      </address>
    </facility>
  </location>
  <location>
    <facility>
      <name>CCOP - St. Vincent Hospital Cancer Center, Green Bay</name>
      <address>
        <city>Green Bay</city>
        <state>Wisconsin</state>
        <zip>54301</zip>
        <country>United States</country>
      </address>
    </facility>
  </location>
  <location>
    <facility>
      <name>St. Vincent Hospital</name>
      <address>
        <city>Green Bay</city>
        <state>Wisconsin</state>
        <zip>54307-9070</zip>
        <country>United States</country>
      </address>
    </facility>
  </location>
  <location>
    <facility>
      <name>Gundersen Lutheran Medical Center</name>
      <address>
        <city>La Crosse</city>
        <state>Wisconsin</state>
        <zip>54601</zip>
        <country>United States</country>
      </address>
    </facility>
  </location>
  <location>
    <facility>
      <name>University of Wisconsin Hospital and Clinics</name>
      <address>
        <city>Madison</city>
        <state>Wisconsin</state>
        <zip>53792-0001</zip>
        <country>United States</country>
      </address>
    </facility>
  </location>
  <location>
    <facility>
      <name>Medical College of Ohio Hospital</name>
      <address>
        <city>Madison</city>
        <state>Wisconsin</state>
        <zip>53792-6164</zip>
        <country>United States</country>
      </address>
    </facility>
  </location>
  <location>
    <facility>
      <name>Marshfield Clinic</name>
      <address>
        <city>Marshfield</city>
        <state>Wisconsin</state>
        <zip>54449-5772</zip>
        <country>United States</country>
      </address>
    </facility>
  </location>
  <location>
    <facility>
      <name>Midwest Children's Cancer Center</name>
      <address>
        <city>Milwaukee</city>
        <state>Wisconsin</state>
        <zip>53226</zip>
        <country>United States</country>
      </address>
    </facility>
  </location>
  <location>
    <facility>
      <name>Sydney Children's Hospital</name>
      <address>
        <city>Randwick</city>
        <state>New South Wales</state>
        <zip>2031</zip>
        <country>Australia</country>
      </address>
    </facility>
  </location>
  <location>
    <facility>
      <name>Children's Hospital at Westmead</name>
      <address>
        <city>Westmead</city>
        <state>New South Wales</state>
        <zip>2145</zip>
        <country>Australia</country>
      </address>
    </facility>
  </location>
  <location>
    <facility>
      <name>Royal Children's Hospital</name>
      <address>
        <city>Brisbane</city>
        <state>Queensland</state>
        <zip>4029</zip>
        <country>Australia</country>
      </address>
    </facility>
  </location>
  <location>
    <facility>
      <name>Women's and Children's Hospital</name>
      <address>
        <city>North Adelaide</city>
        <state>South Australia</state>
        <zip>5006</zip>
        <country>Australia</country>
      </address>
    </facility>
  </location>
  <location>
    <facility>
      <name>Royal Children's Hospital</name>
      <address>
        <city>Parkville</city>
        <state>Victoria</state>
        <zip>3052</zip>
        <country>Australia</country>
      </address>
    </facility>
  </location>
  <location>
    <facility>
      <name>Princess Margaret Hospital for Children</name>
      <address>
        <city>Perth</city>
        <state>Western Australia</state>
        <zip>6001</zip>
        <country>Australia</country>
      </address>
    </facility>
  </location>
  <location>
    <facility>
      <name>Alberta Children's Hospital</name>
      <address>
        <city>Calgary</city>
        <state>Alberta</state>
        <zip>T2T 5C7</zip>
        <country>Canada</country>
      </address>
    </facility>
  </location>
  <location>
    <facility>
      <name>Cross Cancer Institute</name>
      <address>
        <city>Edmonton</city>
        <state>Alberta</state>
        <zip>T6G 1Z2</zip>
        <country>Canada</country>
      </address>
    </facility>
  </location>
  <location>
    <facility>
      <name>British Columbia Children's Hospital</name>
      <address>
        <city>Vancouver</city>
        <state>British Columbia</state>
        <zip>V6H 3V4</zip>
        <country>Canada</country>
      </address>
    </facility>
  </location>
  <location>
    <facility>
      <name>CancerCare Manitoba</name>
      <address>
        <city>Winnipeg</city>
        <state>Manitoba</state>
        <zip>R3E 0V9</zip>
        <country>Canada</country>
      </address>
    </facility>
  </location>
  <location>
    <facility>
      <name>Janeway Children's Health and Rehabilitation Centre</name>
      <address>
        <city>St. John's</city>
        <state>Newfoundland and Labrador</state>
        <zip>A1B 3V6</zip>
        <country>Canada</country>
      </address>
    </facility>
  </location>
  <location>
    <facility>
      <name>IWK Health Centre</name>
      <address>
        <city>Halifax</city>
        <state>Nova Scotia</state>
        <zip>B3J 3G9</zip>
        <country>Canada</country>
      </address>
    </facility>
  </location>
  <location>
    <facility>
      <name>Children's Hospital</name>
      <address>
        <city>Hamilton</city>
        <state>Ontario</state>
        <zip>L8N 3Z5</zip>
        <country>Canada</country>
      </address>
    </facility>
  </location>
  <location>
    <facility>
      <name>Children's Hospital of Western Ontario</name>
      <address>
        <city>London</city>
        <state>Ontario</state>
        <zip>N6C 2V5</zip>
        <country>Canada</country>
      </address>
    </facility>
  </location>
  <location>
    <facility>
      <name>Children's Hospital of Eastern Ontario</name>
      <address>
        <city>Ottawa</city>
        <state>Ontario</state>
        <zip>K1H 8L1</zip>
        <country>Canada</country>
      </address>
    </facility>
  </location>
  <location>
    <facility>
      <name>Hospital for Sick Children</name>
      <address>
        <city>Toronto</city>
        <state>Ontario</state>
        <zip>M5G 1X8</zip>
        <country>Canada</country>
      </address>
    </facility>
  </location>
  <location>
    <facility>
      <name>McGill University Health Center - Montreal Children's Hospital</name>
      <address>
        <city>Montreal</city>
        <state>Quebec</state>
        <zip>H3H 1P3</zip>
        <country>Canada</country>
      </address>
    </facility>
  </location>
  <location>
    <facility>
      <name>Hopital Sainte Justine</name>
      <address>
        <city>Montreal</city>
        <state>Quebec</state>
        <zip>H3T 1C5</zip>
        <country>Canada</country>
      </address>
    </facility>
  </location>
  <location>
    <facility>
      <name>Laval University Medical Center</name>
      <address>
        <city>Sainte-Foy</city>
        <state>Quebec</state>
        <zip>G1V 4G2</zip>
        <country>Canada</country>
      </address>
    </facility>
  </location>
  <location>
    <facility>
      <name>Allan Blair Cancer Centre</name>
      <address>
        <city>Regina</city>
        <state>Saskatchewan</state>
        <zip>S4T 7T1</zip>
        <country>Canada</country>
      </address>
    </facility>
  </location>
  <location>
    <facility>
      <name>Saskatoon Cancer Centre</name>
      <address>
        <city>Saskatoon</city>
        <state>Saskatchewan</state>
        <zip>S7N 4H4</zip>
        <country>Canada</country>
      </address>
    </facility>
  </location>
  <location>
    <facility>
      <name>Academisch Ziekenhuis Groningen</name>
      <address>
        <city>Groningen</city>
        <zip>9700 RB</zip>
        <country>Netherlands</country>
      </address>
    </facility>
  </location>
  <location>
    <facility>
      <name>Starship Children's Hospital</name>
      <address>
        <city>Auckland</city>
        <country>New Zealand</country>
      </address>
    </facility>
  </location>
  <location>
    <facility>
      <name>University of Puerto Rico School of Medicine Medical Sciences Campus</name>
      <address>
        <city>San Juan</city>
        <zip>00936-5067</zip>
        <country>Puerto Rico</country>
      </address>
    </facility>
  </location>
  <location>
    <facility>
      <name>San Jorge Childrens Hospital</name>
      <address>
        <city>Santurce</city>
        <zip>00912</zip>
        <country>Puerto Rico</country>
      </address>
    </facility>
  </location>
  <location>
    <facility>
      <name>Swiss Pediatric Oncology Group Bern</name>
      <address>
        <city>Bern</city>
        <zip>CH 3010</zip>
        <country>Switzerland</country>
      </address>
    </facility>
  </location>
  <location>
    <facility>
      <name>Swiss Pediatric Oncology Group Geneva</name>
      <address>
        <city>Geneva</city>
        <zip>CH 1211</zip>
        <country>Switzerland</country>
      </address>
    </facility>
  </location>
  <location>
    <facility>
      <name>Swiss Pediatric Oncology Group Lausanne</name>
      <address>
        <city>Lausanne</city>
        <zip>CH 1011</zip>
        <country>Switzerland</country>
      </address>
    </facility>
  </location>
  <location_countries>
    <country>Australia</country>
    <country>Canada</country>
    <country>Netherlands</country>
    <country>New Zealand</country>
    <country>Puerto Rico</country>
    <country>Switzerland</country>
    <country>United States</country>
  </location_countries>
  <results_reference>
    <citation>Angiolillo AL, Whitlock J, Chen Z, Krailo M, Reaman G; Children's Oncology Group. Phase II study of gemcitabine in children with relapsed acute lymphoblastic leukemia or acute myelogenous leukemia (ADVL0022): a Children's Oncology Group Report. Pediatr Blood Cancer. 2006 Feb;46(2):193-7.</citation>
    <PMID>15929131</PMID>
  </results_reference>
  <verification_date>February 2014</verification_date>
  <study_first_submitted>November 6, 2000</study_first_submitted>
  <study_first_submitted_qc>January 26, 2003</study_first_submitted_qc>
  <study_first_posted type="Estimate">January 27, 2003</study_first_posted>
  <last_update_submitted>February 18, 2014</last_update_submitted>
  <last_update_submitted_qc>February 18, 2014</last_update_submitted_qc>
  <last_update_posted type="Estimate">February 20, 2014</last_update_posted>
  <responsible_party>
    <responsible_party_type>Sponsor</responsible_party_type>
  </responsible_party>
  <keyword>recurrent childhood acute lymphoblastic leukemia</keyword>
  <keyword>recurrent childhood acute myeloid leukemia</keyword>
  <condition_browse>
    <!-- CAUTION:  The following MeSH terms are assigned with an imperfect algorithm            -->
    <mesh_term>Leukemia</mesh_term>
    <mesh_term>Precursor Cell Lymphoblastic Leukemia-Lymphoma</mesh_term>
    <mesh_term>Leukemia, Lymphoid</mesh_term>
    <mesh_term>Leukemia, Myeloid</mesh_term>
    <mesh_term>Leukemia, Myeloid, Acute</mesh_term>
  </condition_browse>
  <intervention_browse>
    <!-- CAUTION:  The following MeSH terms are assigned with an imperfect algorithm            -->
    <mesh_term>Gemcitabine</mesh_term>
  </intervention_browse>
  <!-- Results have not yet been posted for this study                                          -->
</clinical_study>

