<?xml version="1.0" encoding="UTF-8"?>
<clinical_study rank="201">
  <!-- This xml conforms to an XML Schema at:
    https://clinicaltrials.gov/ct2/html/images/info/public.xsd -->
  <required_header>
    <download_date>ClinicalTrials.gov processed this data on May 11, 2021</download_date>
    <link_text>Link to the current ClinicalTrials.gov record.</link_text>
    <url>https://clinicaltrials.gov/show/NCT00022451</url>
  </required_header>
  <id_info>
    <org_study_id>010196</org_study_id>
    <secondary_id>01-C-0196C</secondary_id>
    <secondary_id>COG-ADVL0116</secondary_id>
    <secondary_id>NCI-1930</secondary_id>
    <secondary_id>CDR0000068819</secondary_id>
    <nct_id>NCT00022451</nct_id>
    <nct_alias>NCT00017888</nct_alias>
  </id_info>
  <brief_title>Tipifarnib in Treating Young Patients With Refractory Leukemia</brief_title>
  <official_title>A Phase I Trial and Pharmacokinetic Study of R115777 in Pediatric Patients With Refractory Leukemia</official_title>
  <sponsors>
    <lead_sponsor>
      <agency>National Institutes of Health Clinical Center (CC)</agency>
      <agency_class>NIH</agency_class>
    </lead_sponsor>
    <collaborator>
      <agency>National Cancer Institute (NCI)</agency>
      <agency_class>NIH</agency_class>
    </collaborator>
    <collaborator>
      <agency>Children's Oncology Group</agency>
      <agency_class>Other</agency_class>
    </collaborator>
  </sponsors>
  <source>National Institutes of Health Clinical Center (CC)</source>
  <brief_summary>
    <textblock>
      RATIONALE: Tipifarnib may stop the growth of cancer cells by blocking the enzymes necessary&#xD;
      for cancer cell growth.&#xD;
&#xD;
      PURPOSE: Phase I trial to study the effectiveness of tipifarnib in treating young patients&#xD;
      who have refractory leukemia.&#xD;
    </textblock>
  </brief_summary>
  <detailed_description>
    <textblock>
      OBJECTIVES:&#xD;
&#xD;
      Primary&#xD;
&#xD;
        -  Determine the maximum tolerated dose and toxicity profile of tipifarnib in pediatric&#xD;
           patients with refractory leukemia.&#xD;
&#xD;
        -  Determine the pharmacokinetics of this drug in these patients.&#xD;
&#xD;
        -  Determine the toxicity profile of this drug in these patients.&#xD;
&#xD;
      Secondary&#xD;
&#xD;
        -  Analyze the gene expression profile of leukemic blasts from these patients before and&#xD;
           after treatment with this drug.&#xD;
&#xD;
        -  Determine circulating levels of nerve growth factor and correlate these levels with&#xD;
           clinical neurotoxicity from this drug in these patients.&#xD;
&#xD;
      OUTLINE: This is an open-label, dose-escalation study.&#xD;
&#xD;
      Patients receive oral tipifarnib every 12 hours on days 1-21. Courses repeat every 28 days in&#xD;
      the absence of disease progression or unacceptable toxicity.&#xD;
&#xD;
      Cohorts of 3-6 patients receive escalating doses of tipifarnib until the maximum tolerated&#xD;
      dose (MTD) is determined. The MTD is defined as the dose preceding that at which at least 2&#xD;
      of 6 patients experience dose-limiting toxicity. At least 9 additional patients are treated&#xD;
      at the MTD.&#xD;
&#xD;
      PROJECTED ACCRUAL: A total of 12-34 patients will be accrued for this study within 1-2 years.&#xD;
    </textblock>
  </detailed_description>
  <overall_status>Completed</overall_status>
  <start_date>June 2001</start_date>
  <completion_date type="Actual">March 2005</completion_date>
  <phase>Phase 1</phase>
  <study_type>Interventional</study_type>
  <has_expanded_access>No</has_expanded_access>
  <study_design_info>
    <primary_purpose>Treatment</primary_purpose>
    <masking>None (Open Label)</masking>
  </study_design_info>
  <condition>Leukemia</condition>
  <intervention>
    <intervention_type>Drug</intervention_type>
    <intervention_name>tipifarnib</intervention_name>
  </intervention>
  <eligibility>
    <criteria>
      <textblock>
        DISEASE CHARACTERISTICS:&#xD;
&#xD;
          -  Histologically confirmed acute lymphoblastic leukemia, acute nonlymphoblastic&#xD;
             leukemia, juvenile myelomonocytic leukemia (JMML), or chronic myelogenous leukemia&#xD;
             (CML) in blast crisis&#xD;
&#xD;
               -  Refractory to standard curative therapy&#xD;
&#xD;
               -  Acute promyelocytic leukemia refractory to tretinoin and arsenic trioxide&#xD;
&#xD;
               -  Philadelphia chromosome-positive CML refractory to imatinib mesylate&#xD;
&#xD;
          -  Greater than 25% blasts in bone marrow (M3 bone marrow) except for patients with JMML&#xD;
&#xD;
          -  Active extramedullary disease allowed&#xD;
&#xD;
          -  No active leptomeningeal leukemia&#xD;
&#xD;
        PATIENT CHARACTERISTICS:&#xD;
&#xD;
        Age:&#xD;
&#xD;
          -  21 and under&#xD;
&#xD;
        Performance status:&#xD;
&#xD;
          -  Karnofsky 50-100% (over 10 years of age)&#xD;
&#xD;
          -  Lansky 50-100% (10 years of age and under)&#xD;
&#xD;
        Life expectancy:&#xD;
&#xD;
          -  Not specified&#xD;
&#xD;
        Hematopoietic:&#xD;
&#xD;
          -  Not required to be normal&#xD;
&#xD;
        Hepatic:&#xD;
&#xD;
          -  Bilirubin normal&#xD;
&#xD;
          -  SGPT and SGOT normal&#xD;
&#xD;
          -  No significant hepatic dysfunction&#xD;
&#xD;
          -  No grade 3 or 4 liver function test results within the past month&#xD;
&#xD;
        Renal:&#xD;
&#xD;
          -  Creatinine normal OR&#xD;
&#xD;
          -  Creatinine clearance at least 60 mL/min&#xD;
&#xD;
          -  No significant renal dysfunction&#xD;
&#xD;
        Cardiovascular:&#xD;
&#xD;
          -  No significant cardiac dysfunction&#xD;
&#xD;
        Pulmonary:&#xD;
&#xD;
          -  No significant pulmonary dysfunction&#xD;
&#xD;
        Neurologic:&#xD;
&#xD;
          -  No history of grand mal seizures grade 3 or greater except febrile seizures&#xD;
&#xD;
          -  No persistent sensory or motor neuropathy greater than grade 2&#xD;
&#xD;
        Other:&#xD;
&#xD;
          -  No clinically significant unrelated systemic illness&#xD;
&#xD;
          -  No serious infection&#xD;
&#xD;
          -  No organ dysfunction that would preclude study participation&#xD;
&#xD;
          -  No requirement for total parenteral nutrition&#xD;
&#xD;
          -  No known allergy to azoles (e.g., clotrimazole, fluconazole, ketoconazole,&#xD;
             voriconazole)&#xD;
&#xD;
          -  Not pregnant or nursing&#xD;
&#xD;
          -  Negative pregnancy test&#xD;
&#xD;
          -  Fertile patients must use effective contraception&#xD;
&#xD;
        PRIOR CONCURRENT THERAPY:&#xD;
&#xD;
        Biologic therapy:&#xD;
&#xD;
          -  At least 1 week since prior colony-stimulating factor therapy (e.g., filgrastim&#xD;
             [G-CSF] or sargramostim [GM-CSF]) except epoetin alfa&#xD;
&#xD;
          -  At least 3 months since prior myeloablative therapy followed by bone marrow or stem&#xD;
             cell transplantation&#xD;
&#xD;
          -  No concurrent immunotherapy&#xD;
&#xD;
          -  No concurrent GM-CSF or interleukin-11&#xD;
&#xD;
        Chemotherapy:&#xD;
&#xD;
          -  At least 2 weeks since prior chemotherapy&#xD;
&#xD;
          -  No concurrent intrathecal chemotherapy&#xD;
&#xD;
          -  No other concurrent chemotherapy&#xD;
&#xD;
        Endocrine therapy:&#xD;
&#xD;
          -  At least 1 week since prior corticosteroids&#xD;
&#xD;
          -  No concurrent corticosteroids (except for acute allergic reaction)&#xD;
&#xD;
        Radiotherapy:&#xD;
&#xD;
          -  At least 4 weeks since prior radiotherapy&#xD;
&#xD;
          -  No concurrent radiotherapy&#xD;
&#xD;
        Surgery:&#xD;
&#xD;
          -  Not specified&#xD;
&#xD;
        Other:&#xD;
&#xD;
          -  Recovered from nonhematologic toxicity of all prior therapy&#xD;
&#xD;
          -  At least 1 week since prior retinoids&#xD;
&#xD;
          -  No antacids (magnesium- or aluminum-containing formulations) within 2 hours of study&#xD;
             drug&#xD;
&#xD;
          -  No other concurrent investigational agents&#xD;
&#xD;
          -  No concurrent retinoids&#xD;
&#xD;
          -  No concurrent anticonvulsants&#xD;
      </textblock>
    </criteria>
    <gender>All</gender>
    <minimum_age>N/A</minimum_age>
    <maximum_age>21 Years</maximum_age>
    <healthy_volunteers>No</healthy_volunteers>
  </eligibility>
  <overall_official>
    <last_name>Brigitte C. Widemann, MD</last_name>
    <role>Study Chair</role>
    <affiliation>National Cancer Institute (NCI)</affiliation>
  </overall_official>
  <location>
    <facility>
      <name>Arkansas Cancer Research Center at University of Arkansas for Medical Sciences</name>
      <address>
        <city>Little Rock</city>
        <state>Arkansas</state>
        <zip>72205</zip>
        <country>United States</country>
      </address>
    </facility>
  </location>
  <location>
    <facility>
      <name>City of Hope Comprehensive Cancer Center</name>
      <address>
        <city>Duarte</city>
        <state>California</state>
        <zip>91010-3000</zip>
        <country>United States</country>
      </address>
    </facility>
  </location>
  <location>
    <facility>
      <name>Rebecca and John Moores UCSD Cancer Center</name>
      <address>
        <city>La Jolla</city>
        <state>California</state>
        <zip>92093-0658</zip>
        <country>United States</country>
      </address>
    </facility>
  </location>
  <location>
    <facility>
      <name>Children's Hospital Los Angeles</name>
      <address>
        <city>Los Angeles</city>
        <state>California</state>
        <zip>90027-0700</zip>
        <country>United States</country>
      </address>
    </facility>
  </location>
  <location>
    <facility>
      <name>Jonsson Comprehensive Cancer Center, UCLA</name>
      <address>
        <city>Los Angeles</city>
        <state>California</state>
        <zip>90095-1781</zip>
        <country>United States</country>
      </address>
    </facility>
  </location>
  <location>
    <facility>
      <name>Children's Hospital of Orange County</name>
      <address>
        <city>Orange</city>
        <state>California</state>
        <zip>92868</zip>
        <country>United States</country>
      </address>
    </facility>
  </location>
  <location>
    <facility>
      <name>UCSF Comprehensive Cancer Center</name>
      <address>
        <city>San Francisco</city>
        <state>California</state>
        <zip>94143</zip>
        <country>United States</country>
      </address>
    </facility>
  </location>
  <location>
    <facility>
      <name>Stanford Cancer Center at Stanford University Medical Center</name>
      <address>
        <city>Stanford</city>
        <state>California</state>
        <zip>94305-5208</zip>
        <country>United States</country>
      </address>
    </facility>
  </location>
  <location>
    <facility>
      <name>Children's National Medical Center</name>
      <address>
        <city>Washington</city>
        <state>District of Columbia</state>
        <zip>20010-2970</zip>
        <country>United States</country>
      </address>
    </facility>
  </location>
  <location>
    <facility>
      <name>Shands Cancer Center at the University of Florida Health Science Center</name>
      <address>
        <city>Gainesville</city>
        <state>Florida</state>
        <zip>32610-0296</zip>
        <country>United States</country>
      </address>
    </facility>
  </location>
  <location>
    <facility>
      <name>AFLAC Cancer Center and Blood Disorders Service of Children's Healthcare of Atlanta - Scottish Rite Campus</name>
      <address>
        <city>Atlanta</city>
        <state>Georgia</state>
        <zip>30342</zip>
        <country>United States</country>
      </address>
    </facility>
  </location>
  <location>
    <facility>
      <name>MBCCOP-Medical College of Georgia Cancer Center</name>
      <address>
        <city>Augusta</city>
        <state>Georgia</state>
        <zip>30912-4000</zip>
        <country>United States</country>
      </address>
    </facility>
  </location>
  <location>
    <facility>
      <name>Children's Memorial Hospital - Chicago</name>
      <address>
        <city>Chicago</city>
        <state>Illinois</state>
        <zip>60614</zip>
        <country>United States</country>
      </address>
    </facility>
  </location>
  <location>
    <facility>
      <name>Riley Children Cancer Center at Riley Hospital for Children</name>
      <address>
        <city>Indianapolis</city>
        <state>Indiana</state>
        <zip>46202-5225</zip>
        <country>United States</country>
      </address>
    </facility>
  </location>
  <location>
    <facility>
      <name>Kansas Masonic Cancer Research Institute at the University of Kansas Medical Center</name>
      <address>
        <city>Kansas City</city>
        <state>Kansas</state>
        <zip>66160-7357</zip>
        <country>United States</country>
      </address>
    </facility>
  </location>
  <location>
    <facility>
      <name>MBCCOP - LSU Health Sciences Center</name>
      <address>
        <city>New Orleans</city>
        <state>Louisiana</state>
        <zip>70112</zip>
        <country>United States</country>
      </address>
    </facility>
  </location>
  <location>
    <facility>
      <name>Sidney Kimmel Comprehensive Cancer Center at Johns Hopkins</name>
      <address>
        <city>Baltimore</city>
        <state>Maryland</state>
        <zip>21231-7223</zip>
        <country>United States</country>
      </address>
    </facility>
  </location>
  <location>
    <facility>
      <name>Warren Grant Magnuson Clinical Center - NCI Clinical Studies Support</name>
      <address>
        <city>Bethesda</city>
        <state>Maryland</state>
        <zip>20892-1182</zip>
        <country>United States</country>
      </address>
    </facility>
  </location>
  <location>
    <facility>
      <name>Floating Hospital for Children</name>
      <address>
        <city>Boston</city>
        <state>Massachusetts</state>
        <zip>02111</zip>
        <country>United States</country>
      </address>
    </facility>
  </location>
  <location>
    <facility>
      <name>Dana-Farber/Harvard Cancer Center at Dana Farber Cancer Institute</name>
      <address>
        <city>Boston</city>
        <state>Massachusetts</state>
        <zip>02115</zip>
        <country>United States</country>
      </address>
    </facility>
  </location>
  <location>
    <facility>
      <name>University of Michigan Comprehensive Cancer Center</name>
      <address>
        <city>Ann Arbor</city>
        <state>Michigan</state>
        <zip>48109-0914</zip>
        <country>United States</country>
      </address>
    </facility>
  </location>
  <location>
    <facility>
      <name>Children's Hospital of Michigan</name>
      <address>
        <city>Detroit</city>
        <state>Michigan</state>
        <zip>48201</zip>
        <country>United States</country>
      </address>
    </facility>
  </location>
  <location>
    <facility>
      <name>University of Minnesota Cancer Center</name>
      <address>
        <city>Minneapolis</city>
        <state>Minnesota</state>
        <zip>55455</zip>
        <country>United States</country>
      </address>
    </facility>
  </location>
  <location>
    <facility>
      <name>Mayo Clinic Cancer Center</name>
      <address>
        <city>Rochester</city>
        <state>Minnesota</state>
        <zip>55905</zip>
        <country>United States</country>
      </address>
    </facility>
  </location>
  <location>
    <facility>
      <name>University of Mississippi Medical Center</name>
      <address>
        <city>Jackson</city>
        <state>Mississippi</state>
        <zip>39216-4505</zip>
        <country>United States</country>
      </address>
    </facility>
  </location>
  <location>
    <facility>
      <name>Children's Mercy Hospital</name>
      <address>
        <city>Kansas City</city>
        <state>Missouri</state>
        <zip>64108</zip>
        <country>United States</country>
      </address>
    </facility>
  </location>
  <location>
    <facility>
      <name>Cardinal Glennon Children's Hospital</name>
      <address>
        <city>Saint Louis</city>
        <state>Missouri</state>
        <zip>63104</zip>
        <country>United States</country>
      </address>
    </facility>
  </location>
  <location>
    <facility>
      <name>St. Louis Children's Hospital</name>
      <address>
        <city>Saint Louis</city>
        <state>Missouri</state>
        <zip>63110</zip>
        <country>United States</country>
      </address>
    </facility>
  </location>
  <location>
    <facility>
      <name>Cancer Center at Hackensack University Medical Center</name>
      <address>
        <city>Hackensack</city>
        <state>New Jersey</state>
        <zip>07601</zip>
        <country>United States</country>
      </address>
    </facility>
  </location>
  <location>
    <facility>
      <name>Cancer Institute of New Jersey at Robert Wood Johnson University Hospital</name>
      <address>
        <city>New Brunswick</city>
        <state>New Jersey</state>
        <zip>08901</zip>
        <country>United States</country>
      </address>
    </facility>
  </location>
  <location>
    <facility>
      <name>NYU School of Medicine's Kaplan Comprehensive Cancer Center</name>
      <address>
        <city>New York</city>
        <state>New York</state>
        <zip>10016</zip>
        <country>United States</country>
      </address>
    </facility>
  </location>
  <location>
    <facility>
      <name>Memorial Sloan-Kettering Cancer Center</name>
      <address>
        <city>New York</city>
        <state>New York</state>
        <zip>10021</zip>
        <country>United States</country>
      </address>
    </facility>
  </location>
  <location>
    <facility>
      <name>Herbert Irving Comprehensive Cancer Center at Columbia University</name>
      <address>
        <city>New York</city>
        <state>New York</state>
        <zip>10032</zip>
        <country>United States</country>
      </address>
    </facility>
  </location>
  <location>
    <facility>
      <name>SUNY Upstate Medical University Hospital</name>
      <address>
        <city>Syracuse</city>
        <state>New York</state>
        <zip>13210</zip>
        <country>United States</country>
      </address>
    </facility>
  </location>
  <location>
    <facility>
      <name>Duke Comprehensive Cancer Center</name>
      <address>
        <city>Durham</city>
        <state>North Carolina</state>
        <zip>27710</zip>
        <country>United States</country>
      </address>
    </facility>
  </location>
  <location>
    <facility>
      <name>Cincinnati Children's Hospital Medical Center</name>
      <address>
        <city>Cincinnati</city>
        <state>Ohio</state>
        <zip>45229-3039</zip>
        <country>United States</country>
      </address>
    </facility>
  </location>
  <location>
    <facility>
      <name>Columbus Children's Hospital</name>
      <address>
        <city>Columbus</city>
        <state>Ohio</state>
        <zip>43205-2696</zip>
        <country>United States</country>
      </address>
    </facility>
  </location>
  <location>
    <facility>
      <name>Oklahoma University Medical Center</name>
      <address>
        <city>Oklahoma City</city>
        <state>Oklahoma</state>
        <zip>73126</zip>
        <country>United States</country>
      </address>
    </facility>
  </location>
  <location>
    <facility>
      <name>CCOP - Columbia River Oncology Program</name>
      <address>
        <city>Portland</city>
        <state>Oregon</state>
        <zip>97225</zip>
        <country>United States</country>
      </address>
    </facility>
  </location>
  <location>
    <facility>
      <name>Children's Hospital of Philadelphia</name>
      <address>
        <city>Philadelphia</city>
        <state>Pennsylvania</state>
        <zip>19104-4318</zip>
        <country>United States</country>
      </address>
    </facility>
  </location>
  <location>
    <facility>
      <name>Children's Hospital of Pittsburgh</name>
      <address>
        <city>Pittsburgh</city>
        <state>Pennsylvania</state>
        <zip>15213-2583</zip>
        <country>United States</country>
      </address>
    </facility>
  </location>
  <location>
    <facility>
      <name>Hollings Cancer Center at Medical University of South Carolina</name>
      <address>
        <city>Charleston</city>
        <state>South Carolina</state>
        <zip>29425-0721</zip>
        <country>United States</country>
      </address>
    </facility>
  </location>
  <location>
    <facility>
      <name>St. Jude Children's Research Hospital</name>
      <address>
        <city>Memphis</city>
        <state>Tennessee</state>
        <zip>38105-2794</zip>
        <country>United States</country>
      </address>
    </facility>
  </location>
  <location>
    <facility>
      <name>Vanderbilt Children's Hospital</name>
      <address>
        <city>Nashville</city>
        <state>Tennessee</state>
        <zip>37232-6310</zip>
        <country>United States</country>
      </address>
    </facility>
  </location>
  <location>
    <facility>
      <name>Simmons Cancer Center at University of Texas Southwestern Medical Center - Dallas</name>
      <address>
        <city>Dallas</city>
        <state>Texas</state>
        <zip>75390-9063</zip>
        <country>United States</country>
      </address>
    </facility>
  </location>
  <location>
    <facility>
      <name>Cook Children's Medical Center - Fort Worth</name>
      <address>
        <city>Fort Worth</city>
        <state>Texas</state>
        <zip>76104</zip>
        <country>United States</country>
      </address>
    </facility>
  </location>
  <location>
    <facility>
      <name>Texas Children's Cancer Center</name>
      <address>
        <city>Houston</city>
        <state>Texas</state>
        <zip>77030-2399</zip>
        <country>United States</country>
      </address>
    </facility>
  </location>
  <location>
    <facility>
      <name>University of Texas - MD Anderson Cancer Center</name>
      <address>
        <city>Houston</city>
        <state>Texas</state>
        <zip>77030-4009</zip>
        <country>United States</country>
      </address>
    </facility>
  </location>
  <location>
    <facility>
      <name>University of Texas Health Science Center at San Antonio</name>
      <address>
        <city>San Antonio</city>
        <state>Texas</state>
        <zip>78207</zip>
        <country>United States</country>
      </address>
    </facility>
  </location>
  <location>
    <facility>
      <name>MBCCOP - South Texas Pediatrics</name>
      <address>
        <city>San Antonio</city>
        <state>Texas</state>
        <zip>78229-3900</zip>
        <country>United States</country>
      </address>
    </facility>
  </location>
  <location>
    <facility>
      <name>CCOP - Scott and White Hospital</name>
      <address>
        <city>Temple</city>
        <state>Texas</state>
        <zip>76508</zip>
        <country>United States</country>
      </address>
    </facility>
  </location>
  <location>
    <facility>
      <name>Huntsman Cancer Institute</name>
      <address>
        <city>Salt Lake City</city>
        <state>Utah</state>
        <zip>84112</zip>
        <country>United States</country>
      </address>
    </facility>
  </location>
  <location>
    <facility>
      <name>Children's Hospital and Regional Medical Center - Seattle</name>
      <address>
        <city>Seattle</city>
        <state>Washington</state>
        <zip>98105</zip>
        <country>United States</country>
      </address>
    </facility>
  </location>
  <location>
    <facility>
      <name>University of Wisconsin Comprehensive Cancer Center</name>
      <address>
        <city>Madison</city>
        <state>Wisconsin</state>
        <zip>53792-6164</zip>
        <country>United States</country>
      </address>
    </facility>
  </location>
  <location>
    <facility>
      <name>CCOP - Marshfield Clinic Research Foundation</name>
      <address>
        <city>Marshfield</city>
        <state>Wisconsin</state>
        <zip>54449</zip>
        <country>United States</country>
      </address>
    </facility>
  </location>
  <location>
    <facility>
      <name>Midwest Children's Cancer Center</name>
      <address>
        <city>Milwaukee</city>
        <state>Wisconsin</state>
        <zip>53226</zip>
        <country>United States</country>
      </address>
    </facility>
  </location>
  <location>
    <facility>
      <name>Royal Children's Hospital</name>
      <address>
        <city>Parkville</city>
        <state>Victoria</state>
        <zip>3052</zip>
        <country>Australia</country>
      </address>
    </facility>
  </location>
  <location>
    <facility>
      <name>Princess Margaret Hospital for Children</name>
      <address>
        <city>Perth</city>
        <state>Western Australia</state>
        <zip>6001</zip>
        <country>Australia</country>
      </address>
    </facility>
  </location>
  <location>
    <facility>
      <name>Hospital for Sick Children</name>
      <address>
        <city>Toronto</city>
        <state>Ontario</state>
        <zip>M5G 1X8</zip>
        <country>Canada</country>
      </address>
    </facility>
  </location>
  <location>
    <facility>
      <name>Montreal Children's Hospital at McGill University Health Center</name>
      <address>
        <city>Montreal</city>
        <state>Quebec</state>
        <zip>H3G 1A4</zip>
        <country>Canada</country>
      </address>
    </facility>
  </location>
  <location>
    <facility>
      <name>Hopital Sainte Justine</name>
      <address>
        <city>Montreal</city>
        <state>Quebec</state>
        <zip>H3T 1C5</zip>
        <country>Canada</country>
      </address>
    </facility>
  </location>
  <location_countries>
    <country>Australia</country>
    <country>Canada</country>
    <country>United States</country>
  </location_countries>
  <reference>
    <citation>de Nigris F, Balestrieri ML, Napoli C. Targeting c-Myc, Ras and IGF cascade to treat cancer and vascular disorders. Cell Cycle. 2006 Aug;5(15):1621-8. Epub 2006 Aug 1. Review.</citation>
    <PMID>16921263</PMID>
  </reference>
  <results_reference>
    <citation>Widemann BC, Arceci RJ, Jayaprakash N, Fox E, Zannikos P, Goodspeed W, Goodwin A, Wright JJ, Blaney SM, Adamson PC, Balis FM. Phase 1 trial and pharmacokinetic study of the farnesyl transferase inhibitor tipifarnib in children and adolescents with refractory leukemias: a report from the Children's Oncology Group. Pediatr Blood Cancer. 2011 Feb;56(2):226-33. doi: 10.1002/pbc.22775. Epub 2010 Sep 21.</citation>
    <PMID>20860038</PMID>
  </results_reference>
  <verification_date>March 2012</verification_date>
  <study_first_submitted>August 10, 2001</study_first_submitted>
  <study_first_submitted_qc>January 26, 2003</study_first_submitted_qc>
  <study_first_posted type="Estimate">January 27, 2003</study_first_posted>
  <last_update_submitted>March 14, 2012</last_update_submitted>
  <last_update_submitted_qc>March 14, 2012</last_update_submitted_qc>
  <last_update_posted type="Estimate">March 15, 2012</last_update_posted>
  <keyword>recurrent childhood acute lymphoblastic leukemia</keyword>
  <keyword>recurrent childhood acute myeloid leukemia</keyword>
  <keyword>relapsing chronic myelogenous leukemia</keyword>
  <keyword>blastic phase chronic myelogenous leukemia</keyword>
  <keyword>chronic myelogenous leukemia, BCR-ABL1 positive</keyword>
  <keyword>childhood acute promyelocytic leukemia (M3)</keyword>
  <keyword>acute undifferentiated leukemia</keyword>
  <keyword>juvenile myelomonocytic leukemia</keyword>
  <keyword>childhood chronic myelogenous leukemia</keyword>
  <condition_browse>
    <!-- CAUTION:  The following MeSH terms are assigned with an imperfect algorithm            -->
    <mesh_term>Leukemia</mesh_term>
  </condition_browse>
  <intervention_browse>
    <!-- CAUTION:  The following MeSH terms are assigned with an imperfect algorithm            -->
    <mesh_term>Tipifarnib</mesh_term>
  </intervention_browse>
  <!-- Results have not yet been posted for this study                                          -->
</clinical_study>

