<?xml version="1.0" encoding="UTF-8"?>
<clinical_study rank="216">
  <!-- This xml conforms to an XML Schema at:
    https://clinicaltrials.gov/ct2/html/images/info/public.xsd -->
  <required_header>
    <download_date>ClinicalTrials.gov processed this data on May 11, 2021</download_date>
    <link_text>Link to the current ClinicalTrials.gov record.</link_text>
    <url>https://clinicaltrials.gov/show/NCT00003545</url>
  </required_header>
  <id_info>
    <org_study_id>NCI-2012-01840</org_study_id>
    <secondary_id>CLB-19801</secondary_id>
    <secondary_id>SWOG-C19801</secondary_id>
    <secondary_id>CDR0000066600</secondary_id>
    <nct_id>NCT00003545</nct_id>
  </id_info>
  <brief_title>506U78 in Treating Patients With Refractory or Relapsed Acute Lymphoblastic Leukemia or Lymphoblastic Lymphoma</brief_title>
  <official_title>A Phase II Study of 506U78 in Patients With Refractory or Relapsed T-Lineage Acute Lymphoblastic Leukemia (ALL) or Lymphoblastic Lymphomas (LBL)</official_title>
  <sponsors>
    <lead_sponsor>
      <agency>National Cancer Institute (NCI)</agency>
      <agency_class>NIH</agency_class>
    </lead_sponsor>
    <collaborator>
      <agency>Southwest Oncology Group</agency>
      <agency_class>Other</agency_class>
    </collaborator>
  </sponsors>
  <source>National Cancer Institute (NCI)</source>
  <brief_summary>
    <textblock>
      Phase II trial to study the effectiveness of 506U78 in treating patients with refractory or&#xD;
      relapsed acute lymphoblastic leukemia or lymphoblastic lymphoma. Drugs used in chemotherapy&#xD;
      use different ways to stop cancer cells from dividing so they stop growing or die.&#xD;
    </textblock>
  </brief_summary>
  <detailed_description>
    <textblock>
      OBJECTIVES:&#xD;
&#xD;
      I. Determine the complete and partial remission rates, as well as the remission duration, in&#xD;
      patients with refractory or relapsed T-cell acute lymphoblastic leukemia or lymphoblastic&#xD;
      lymphoma receiving 506U78 on an alternate day schedule (days 1, 3, 5).&#xD;
&#xD;
      II. Determine the safety and toxicity of 506U78 administered on this schedule to this patient&#xD;
      population.&#xD;
&#xD;
      OUTLINE:&#xD;
&#xD;
      Patients receive 506U78 IV over 2 hours on days 1, 3, and 5. If residual leukemia/lymphoma is&#xD;
      present on day 22, then patients receive a second course of 506U78. If day 22 marrow is&#xD;
      hypocellular, then a repeat bone marrow biopsy should be obtained on day 29 to assess&#xD;
      response. For day 22 or 29 marrow that is in complete response, patients receive 506U78 for&#xD;
      two more courses on days 1, 3, and 5, administered every 21 days. Patients are followed every&#xD;
      3 month for 1 year, then every 6 months for a maximum of 10 years.&#xD;
    </textblock>
  </detailed_description>
  <overall_status>Completed</overall_status>
  <start_date>August 1998</start_date>
  <primary_completion_date type="Actual">March 2007</primary_completion_date>
  <phase>Phase 2</phase>
  <study_type>Interventional</study_type>
  <has_expanded_access>No</has_expanded_access>
  <study_design_info>
    <allocation>N/A</allocation>
    <intervention_model>Single Group Assignment</intervention_model>
    <primary_purpose>Treatment</primary_purpose>
    <masking>None (Open Label)</masking>
  </study_design_info>
  <number_of_arms>1</number_of_arms>
  <enrollment type="Actual">35</enrollment>
  <condition>Leukemia</condition>
  <condition>Lymphoma</condition>
  <arm_group>
    <arm_group_label>Arm I</arm_group_label>
    <arm_group_type>Experimental</arm_group_type>
    <description>Patients receive 506U78 IV over 2 hours on days 1, 3, and 5. If residual leukemia/lymphoma is present on day 22, then patients receive a second course of 506U78. If day 22 marrow is hypocellular, then a repeat bone marrow biopsy should be obtained on day 29 to assess response. For day 22 or 29 marrow that is in complete response, patients receive 506U78 for two more courses on days 1, 3, and 5, administered every 21 days. Patients are followed every 3 month for 1 year, then every 6 months for a maximum of 10 years.</description>
  </arm_group>
  <intervention>
    <intervention_type>Drug</intervention_type>
    <intervention_name>nelarabine</intervention_name>
    <arm_group_label>Arm I</arm_group_label>
  </intervention>
  <eligibility>
    <criteria>
      <textblock>
        DISEASE CHARACTERISTICS:&#xD;
&#xD;
          -  Histologically confirmed diagnosis of T-cell acute lymphoblastic leukemia (ALL) or&#xD;
             lymphoblastic lymphoma (LBL)&#xD;
&#xD;
          -  Leukemia or lymphoma cells should express at least two of the following cell surface&#xD;
             antigens: CD1a, CD2, CD3 (surface or cytoplasmic), CD4, CD5, CD7, and CD8&#xD;
&#xD;
          -  Leukemia cells should be negative for myeloperoxidase or Sudan Black B If the only T&#xD;
             cell markers present are CD4 and CD7, the leukemic cells should be demonstrated to&#xD;
             lack the myeloid markers CD33 and/or CD13&#xD;
&#xD;
          -  Refractory to at least one induction treatment regimen or in first or later relapse&#xD;
             after achieving a complete remission&#xD;
&#xD;
          -  No CNS leukemia or lymphoma requiring intrathecal or craniospinal radiotherapy&#xD;
&#xD;
        PATIENT CHARACTERISTICS:&#xD;
&#xD;
          -  Age: 16 and over&#xD;
&#xD;
          -  Bilirubin no greater than 2 times upper limit of normal (unless due to leukemia)&#xD;
&#xD;
          -  Creatinine clearance at least 50 mL/min (unless due to leukemia)&#xD;
&#xD;
          -  No neurologic toxicity of grade 3 or greater during prior treatment of ALL/LBL&#xD;
&#xD;
          -  No preexisting neuropathy of grade 2 or greater regardless of causality&#xD;
&#xD;
          -  No history of seizure disorder&#xD;
&#xD;
          -  Not pregnant or nursing&#xD;
&#xD;
          -  Fertile patients must use effective contraception&#xD;
&#xD;
        PRIOR CONCURRENT THERAPY:&#xD;
&#xD;
          -  No concurrent erythropoietin&#xD;
&#xD;
          -  No other concurrent chemotherapy&#xD;
&#xD;
          -  No concurrent dexamethasone or other steroidal antiemetics&#xD;
&#xD;
          -  No concurrent hormone therapy, except for non-disease-related conditions&#xD;
      </textblock>
    </criteria>
    <gender>All</gender>
    <minimum_age>16 Years</minimum_age>
    <maximum_age>N/A</maximum_age>
    <healthy_volunteers>No</healthy_volunteers>
  </eligibility>
  <overall_official>
    <last_name>Daniel DeAngelo, MD, PhD</last_name>
    <role>Study Chair</role>
    <affiliation>Dana-Farber Cancer Institute</affiliation>
  </overall_official>
  <overall_official>
    <last_name>Steven E. Coutre, MD</last_name>
    <role>Study Chair</role>
    <affiliation>Stanford University</affiliation>
  </overall_official>
  <location>
    <facility>
      <name>MBCCOP - Gulf Coast</name>
      <address>
        <city>Mobile</city>
        <state>Alabama</state>
        <zip>36688</zip>
        <country>United States</country>
      </address>
    </facility>
  </location>
  <location>
    <facility>
      <name>CCOP - Greater Phoenix</name>
      <address>
        <city>Phoenix</city>
        <state>Arizona</state>
        <zip>85006-2726</zip>
        <country>United States</country>
      </address>
    </facility>
  </location>
  <location>
    <facility>
      <name>Veterans Affairs Medical Center - Phoenix (Hayden)</name>
      <address>
        <city>Phoenix</city>
        <state>Arizona</state>
        <zip>85012</zip>
        <country>United States</country>
      </address>
    </facility>
  </location>
  <location>
    <facility>
      <name>Veterans Affairs Medical Center - Tucson</name>
      <address>
        <city>Tucson</city>
        <state>Arizona</state>
        <zip>85723</zip>
        <country>United States</country>
      </address>
    </facility>
  </location>
  <location>
    <facility>
      <name>Arizona Cancer Center</name>
      <address>
        <city>Tucson</city>
        <state>Arizona</state>
        <zip>85724</zip>
        <country>United States</country>
      </address>
    </facility>
  </location>
  <location>
    <facility>
      <name>University of Arkansas for Medical Sciences</name>
      <address>
        <city>Little Rock</city>
        <state>Arkansas</state>
        <zip>72205</zip>
        <country>United States</country>
      </address>
    </facility>
  </location>
  <location>
    <facility>
      <name>Veterans Affairs Medical Center - Little Rock (McClellan)</name>
      <address>
        <city>Little Rock</city>
        <state>Arkansas</state>
        <zip>72205</zip>
        <country>United States</country>
      </address>
    </facility>
  </location>
  <location>
    <facility>
      <name>Cancer Center and Beckman Research Institute, City of Hope</name>
      <address>
        <city>Duarte</city>
        <state>California</state>
        <zip>91010-3000</zip>
        <country>United States</country>
      </address>
    </facility>
  </location>
  <location>
    <facility>
      <name>Veterans Affairs Medical Center - Long Beach</name>
      <address>
        <city>Long Beach</city>
        <state>California</state>
        <zip>90822</zip>
        <country>United States</country>
      </address>
    </facility>
  </location>
  <location>
    <facility>
      <name>USC/Norris Comprehensive Cancer Center and Hospital</name>
      <address>
        <city>Los Angeles</city>
        <state>California</state>
        <zip>90033-0804</zip>
        <country>United States</country>
      </address>
    </facility>
  </location>
  <location>
    <facility>
      <name>Veterans Affairs Medical Center - West Los Angeles</name>
      <address>
        <city>Los Angeles</city>
        <state>California</state>
        <zip>90073</zip>
        <country>United States</country>
      </address>
    </facility>
  </location>
  <location>
    <facility>
      <name>Jonsson Comprehensive Cancer Center, UCLA</name>
      <address>
        <city>Los Angeles</city>
        <state>California</state>
        <zip>90095-1781</zip>
        <country>United States</country>
      </address>
    </facility>
  </location>
  <location>
    <facility>
      <name>Veterans Affairs Outpatient Clinic - Martinez</name>
      <address>
        <city>Martinez</city>
        <state>California</state>
        <zip>94553</zip>
        <country>United States</country>
      </address>
    </facility>
  </location>
  <location>
    <facility>
      <name>CCOP - Bay Area Tumor Institute</name>
      <address>
        <city>Oakland</city>
        <state>California</state>
        <zip>94609-3305</zip>
        <country>United States</country>
      </address>
    </facility>
  </location>
  <location>
    <facility>
      <name>Chao Family Comprehensive Cancer Center</name>
      <address>
        <city>Orange</city>
        <state>California</state>
        <zip>92868</zip>
        <country>United States</country>
      </address>
    </facility>
  </location>
  <location>
    <facility>
      <name>University of California Davis Medical Center</name>
      <address>
        <city>Sacramento</city>
        <state>California</state>
        <zip>95817</zip>
        <country>United States</country>
      </address>
    </facility>
  </location>
  <location>
    <facility>
      <name>CCOP - Santa Rosa Memorial Hospital</name>
      <address>
        <city>Santa Rosa</city>
        <state>California</state>
        <zip>95403</zip>
        <country>United States</country>
      </address>
    </facility>
  </location>
  <location>
    <facility>
      <name>Stanford University</name>
      <address>
        <city>Stanford</city>
        <state>California</state>
        <zip>94305</zip>
        <country>United States</country>
      </address>
    </facility>
  </location>
  <location>
    <facility>
      <name>David Grant Medical Center</name>
      <address>
        <city>Travis Air Force Base</city>
        <state>California</state>
        <zip>94535</zip>
        <country>United States</country>
      </address>
    </facility>
  </location>
  <location>
    <facility>
      <name>University of Colorado Cancer Center</name>
      <address>
        <city>Denver</city>
        <state>Colorado</state>
        <zip>80010</zip>
        <country>United States</country>
      </address>
    </facility>
  </location>
  <location>
    <facility>
      <name>Veterans Affairs Medical Center - Denver</name>
      <address>
        <city>Denver</city>
        <state>Colorado</state>
        <zip>80220</zip>
        <country>United States</country>
      </address>
    </facility>
  </location>
  <location>
    <facility>
      <name>CCOP - Atlanta Regional</name>
      <address>
        <city>Atlanta</city>
        <state>Georgia</state>
        <zip>30342-1701</zip>
        <country>United States</country>
      </address>
    </facility>
  </location>
  <location>
    <facility>
      <name>Dwight David Eisenhower Army Medical Center</name>
      <address>
        <city>Fort Gordon</city>
        <state>Georgia</state>
        <zip>30905-5650</zip>
        <country>United States</country>
      </address>
    </facility>
  </location>
  <location>
    <facility>
      <name>Cancer Research Center of Hawaii</name>
      <address>
        <city>Honolulu</city>
        <state>Hawaii</state>
        <zip>96813</zip>
        <country>United States</country>
      </address>
    </facility>
  </location>
  <location>
    <facility>
      <name>MBCCOP - University of Illinois at Chicago</name>
      <address>
        <city>Chicago</city>
        <state>Illinois</state>
        <zip>60612-7323</zip>
        <country>United States</country>
      </address>
    </facility>
  </location>
  <location>
    <facility>
      <name>CCOP - Central Illinois</name>
      <address>
        <city>Decatur</city>
        <state>Illinois</state>
        <zip>62526</zip>
        <country>United States</country>
      </address>
    </facility>
  </location>
  <location>
    <facility>
      <name>Veterans Affairs Medical Center - Hines (Hines Junior VA Hospital)</name>
      <address>
        <city>Hines</city>
        <state>Illinois</state>
        <zip>60141</zip>
        <country>United States</country>
      </address>
    </facility>
  </location>
  <location>
    <facility>
      <name>Loyola University Medical Center</name>
      <address>
        <city>Maywood</city>
        <state>Illinois</state>
        <zip>60153</zip>
        <country>United States</country>
      </address>
    </facility>
  </location>
  <location>
    <facility>
      <name>University of Kansas Medical Center</name>
      <address>
        <city>Kansas City</city>
        <state>Kansas</state>
        <zip>66160-7357</zip>
        <country>United States</country>
      </address>
    </facility>
  </location>
  <location>
    <facility>
      <name>CCOP - Wichita</name>
      <address>
        <city>Wichita</city>
        <state>Kansas</state>
        <zip>67214-3882</zip>
        <country>United States</country>
      </address>
    </facility>
  </location>
  <location>
    <facility>
      <name>Veterans Affairs Medical Center - Wichita</name>
      <address>
        <city>Wichita</city>
        <state>Kansas</state>
        <zip>67218</zip>
        <country>United States</country>
      </address>
    </facility>
  </location>
  <location>
    <facility>
      <name>Veterans Affairs Medical Center - Lexington</name>
      <address>
        <city>Lexington</city>
        <state>Kentucky</state>
        <zip>40511-1093</zip>
        <country>United States</country>
      </address>
    </facility>
  </location>
  <location>
    <facility>
      <name>Albert B. Chandler Medical Center, University of Kentucky</name>
      <address>
        <city>Lexington</city>
        <state>Kentucky</state>
        <zip>40536-0084</zip>
        <country>United States</country>
      </address>
    </facility>
  </location>
  <location>
    <facility>
      <name>MBCCOP - LSU Health Sciences Center</name>
      <address>
        <city>New Orleans</city>
        <state>Louisiana</state>
        <zip>70112</zip>
        <country>United States</country>
      </address>
    </facility>
  </location>
  <location>
    <facility>
      <name>Tulane University School of Medicine</name>
      <address>
        <city>New Orleans</city>
        <state>Louisiana</state>
        <zip>70112</zip>
        <country>United States</country>
      </address>
    </facility>
  </location>
  <location>
    <facility>
      <name>Louisiana State University Health Sciences Center - Shreveport</name>
      <address>
        <city>Shreveport</city>
        <state>Louisiana</state>
        <zip>71130-3932</zip>
        <country>United States</country>
      </address>
    </facility>
  </location>
  <location>
    <facility>
      <name>Veterans Affairs Medical Center - Shreveport</name>
      <address>
        <city>Shreveport</city>
        <state>Louisiana</state>
        <zip>71130</zip>
        <country>United States</country>
      </address>
    </facility>
  </location>
  <location>
    <facility>
      <name>Boston Medical Center</name>
      <address>
        <city>Boston</city>
        <state>Massachusetts</state>
        <zip>02118</zip>
        <country>United States</country>
      </address>
    </facility>
  </location>
  <location>
    <facility>
      <name>Veterans Affairs Medical Center - Boston (Jamaica Plain)</name>
      <address>
        <city>Jamaica Plain</city>
        <state>Massachusetts</state>
        <zip>02130</zip>
        <country>United States</country>
      </address>
    </facility>
  </location>
  <location>
    <facility>
      <name>Veterans Affairs Medical Center - Ann Arbor</name>
      <address>
        <city>Ann Arbor</city>
        <state>Michigan</state>
        <zip>48105</zip>
        <country>United States</country>
      </address>
    </facility>
  </location>
  <location>
    <facility>
      <name>CCOP - Ann Arbor Regional</name>
      <address>
        <city>Ann Arbor</city>
        <state>Michigan</state>
        <zip>48106</zip>
        <country>United States</country>
      </address>
    </facility>
  </location>
  <location>
    <facility>
      <name>University of Michigan Comprehensive Cancer Center</name>
      <address>
        <city>Ann Arbor</city>
        <state>Michigan</state>
        <zip>48109-0752</zip>
        <country>United States</country>
      </address>
    </facility>
  </location>
  <location>
    <facility>
      <name>Barbara Ann Karmanos Cancer Institute</name>
      <address>
        <city>Detroit</city>
        <state>Michigan</state>
        <zip>48201-1379</zip>
        <country>United States</country>
      </address>
    </facility>
  </location>
  <location>
    <facility>
      <name>Veterans Affairs Medical Center - Detroit</name>
      <address>
        <city>Detroit</city>
        <state>Michigan</state>
        <zip>48201-1932</zip>
        <country>United States</country>
      </address>
    </facility>
  </location>
  <location>
    <facility>
      <name>Henry Ford Hospital</name>
      <address>
        <city>Detroit</city>
        <state>Michigan</state>
        <zip>48202</zip>
        <country>United States</country>
      </address>
    </facility>
  </location>
  <location>
    <facility>
      <name>CCOP - Grand Rapids Clinical Oncology Program</name>
      <address>
        <city>Grand Rapids</city>
        <state>Michigan</state>
        <zip>49503</zip>
        <country>United States</country>
      </address>
    </facility>
  </location>
  <location>
    <facility>
      <name>Providence Hospital - Southfield</name>
      <address>
        <city>Southfield</city>
        <state>Michigan</state>
        <zip>48075-9975</zip>
        <country>United States</country>
      </address>
    </facility>
  </location>
  <location>
    <facility>
      <name>CCOP - Duluth</name>
      <address>
        <city>Duluth</city>
        <state>Minnesota</state>
        <zip>55805</zip>
        <country>United States</country>
      </address>
    </facility>
  </location>
  <location>
    <facility>
      <name>Veterans Affairs Medical Center - Biloxi</name>
      <address>
        <city>Biloxi</city>
        <state>Mississippi</state>
        <zip>39531-2410</zip>
        <country>United States</country>
      </address>
    </facility>
  </location>
  <location>
    <facility>
      <name>University of Mississippi Medical Center</name>
      <address>
        <city>Jackson</city>
        <state>Mississippi</state>
        <zip>39216-4505</zip>
        <country>United States</country>
      </address>
    </facility>
  </location>
  <location>
    <facility>
      <name>Veterans Affairs Medical Center - Jackson</name>
      <address>
        <city>Jackson</city>
        <state>Mississippi</state>
        <zip>39216</zip>
        <country>United States</country>
      </address>
    </facility>
  </location>
  <location>
    <facility>
      <name>Keesler Medical Center - Keesler AFB</name>
      <address>
        <city>Keesler AFB</city>
        <state>Mississippi</state>
        <zip>39534-2576</zip>
        <country>United States</country>
      </address>
    </facility>
  </location>
  <location>
    <facility>
      <name>Veterans Affairs Medical Center - Kansas City</name>
      <address>
        <city>Kansas City</city>
        <state>Missouri</state>
        <zip>64128</zip>
        <country>United States</country>
      </address>
    </facility>
  </location>
  <location>
    <facility>
      <name>CCOP - Kansas City</name>
      <address>
        <city>Kansas City</city>
        <state>Missouri</state>
        <zip>64131</zip>
        <country>United States</country>
      </address>
    </facility>
  </location>
  <location>
    <facility>
      <name>St. Louis University Health Sciences Center</name>
      <address>
        <city>Saint Louis</city>
        <state>Missouri</state>
        <zip>63110-0250</zip>
        <country>United States</country>
      </address>
    </facility>
  </location>
  <location>
    <facility>
      <name>CCOP - St. Louis-Cape Girardeau</name>
      <address>
        <city>Saint Louis</city>
        <state>Missouri</state>
        <zip>63141</zip>
        <country>United States</country>
      </address>
    </facility>
  </location>
  <location>
    <facility>
      <name>CCOP - Cancer Research for the Ozarks</name>
      <address>
        <city>Springfield</city>
        <state>Missouri</state>
        <zip>65807</zip>
        <country>United States</country>
      </address>
    </facility>
  </location>
  <location>
    <facility>
      <name>CCOP - Montana Cancer Consortium</name>
      <address>
        <city>Billings</city>
        <state>Montana</state>
        <zip>59101</zip>
        <country>United States</country>
      </address>
    </facility>
  </location>
  <location>
    <facility>
      <name>Veterans Affairs Medical Center - Albuquerque</name>
      <address>
        <city>Albuquerque</city>
        <state>New Mexico</state>
        <zip>87108-5138</zip>
        <country>United States</country>
      </address>
    </facility>
  </location>
  <location>
    <facility>
      <name>MBCCOP - University of New Mexico HSC</name>
      <address>
        <city>Albuquerque</city>
        <state>New Mexico</state>
        <zip>87131</zip>
        <country>United States</country>
      </address>
    </facility>
  </location>
  <location>
    <facility>
      <name>Herbert Irving Comprehensive Cancer Center</name>
      <address>
        <city>New York</city>
        <state>New York</state>
        <zip>10032</zip>
        <country>United States</country>
      </address>
    </facility>
  </location>
  <location>
    <facility>
      <name>CCOP - Southeast Cancer Control Consortium</name>
      <address>
        <city>Winston-Salem</city>
        <state>North Carolina</state>
        <zip>27104-4241</zip>
        <country>United States</country>
      </address>
    </facility>
  </location>
  <location>
    <facility>
      <name>Barrett Cancer Center, The University Hospital</name>
      <address>
        <city>Cincinnati</city>
        <state>Ohio</state>
        <zip>45219</zip>
        <country>United States</country>
      </address>
    </facility>
  </location>
  <location>
    <facility>
      <name>Veterans Affairs Medical Center - Cincinnati</name>
      <address>
        <city>Cincinnati</city>
        <state>Ohio</state>
        <zip>45220-2288</zip>
        <country>United States</country>
      </address>
    </facility>
  </location>
  <location>
    <facility>
      <name>Cleveland Clinic Taussig Cancer Center</name>
      <address>
        <city>Cleveland</city>
        <state>Ohio</state>
        <zip>44195</zip>
        <country>United States</country>
      </address>
    </facility>
  </location>
  <location>
    <facility>
      <name>CCOP - Columbus</name>
      <address>
        <city>Columbus</city>
        <state>Ohio</state>
        <zip>43206</zip>
        <country>United States</country>
      </address>
    </facility>
  </location>
  <location>
    <facility>
      <name>Veterans Affairs Medical Center - Dayton</name>
      <address>
        <city>Dayton</city>
        <state>Ohio</state>
        <zip>45428</zip>
        <country>United States</country>
      </address>
    </facility>
  </location>
  <location>
    <facility>
      <name>CCOP - Dayton</name>
      <address>
        <city>Kettering</city>
        <state>Ohio</state>
        <zip>45429</zip>
        <country>United States</country>
      </address>
    </facility>
  </location>
  <location>
    <facility>
      <name>CCOP - Toledo Community Hospital Oncology Program</name>
      <address>
        <city>Toledo</city>
        <state>Ohio</state>
        <zip>43623-3456</zip>
        <country>United States</country>
      </address>
    </facility>
  </location>
  <location>
    <facility>
      <name>Veterans Affairs Medical Center - Oklahoma City</name>
      <address>
        <city>Oklahoma City</city>
        <state>Oklahoma</state>
        <zip>73104</zip>
        <country>United States</country>
      </address>
    </facility>
  </location>
  <location>
    <facility>
      <name>University of Oklahoma Health Sciences Center</name>
      <address>
        <city>Oklahoma City</city>
        <state>Oklahoma</state>
        <zip>73190</zip>
        <country>United States</country>
      </address>
    </facility>
  </location>
  <location>
    <facility>
      <name>Oregon Cancer Center</name>
      <address>
        <city>Portland</city>
        <state>Oregon</state>
        <zip>97201-3098</zip>
        <country>United States</country>
      </address>
    </facility>
  </location>
  <location>
    <facility>
      <name>Veterans Affairs Medical Center - Portland</name>
      <address>
        <city>Portland</city>
        <state>Oregon</state>
        <zip>97207</zip>
        <country>United States</country>
      </address>
    </facility>
  </location>
  <location>
    <facility>
      <name>CCOP - Columbia River Program</name>
      <address>
        <city>Portland</city>
        <state>Oregon</state>
        <zip>97213</zip>
        <country>United States</country>
      </address>
    </facility>
  </location>
  <location>
    <facility>
      <name>CCOP - Greenville</name>
      <address>
        <city>Greenville</city>
        <state>South Carolina</state>
        <zip>29615</zip>
        <country>United States</country>
      </address>
    </facility>
  </location>
  <location>
    <facility>
      <name>CCOP - Upstate Carolina</name>
      <address>
        <city>Spartanburg</city>
        <state>South Carolina</state>
        <zip>29303</zip>
        <country>United States</country>
      </address>
    </facility>
  </location>
  <location>
    <facility>
      <name>Simmons Cancer Center - Dallas</name>
      <address>
        <city>Dallas</city>
        <state>Texas</state>
        <zip>75235-9154</zip>
        <country>United States</country>
      </address>
    </facility>
  </location>
  <location>
    <facility>
      <name>Brooke Army Medical Center</name>
      <address>
        <city>Fort Sam Houston</city>
        <state>Texas</state>
        <zip>78234</zip>
        <country>United States</country>
      </address>
    </facility>
  </location>
  <location>
    <facility>
      <name>University of Texas Medical Branch</name>
      <address>
        <city>Galveston</city>
        <state>Texas</state>
        <zip>77555-0209</zip>
        <country>United States</country>
      </address>
    </facility>
  </location>
  <location>
    <facility>
      <name>Texas Tech University Health Science Center</name>
      <address>
        <city>Lubbock</city>
        <state>Texas</state>
        <zip>79423</zip>
        <country>United States</country>
      </address>
    </facility>
  </location>
  <location>
    <facility>
      <name>University of Texas Health Science Center at San Antonio</name>
      <address>
        <city>San Antonio</city>
        <state>Texas</state>
        <zip>78284-7811</zip>
        <country>United States</country>
      </address>
    </facility>
  </location>
  <location>
    <facility>
      <name>Veterans Affairs Medical Center - San Antonio (Murphy)</name>
      <address>
        <city>San Antonio</city>
        <state>Texas</state>
        <zip>78284</zip>
        <country>United States</country>
      </address>
    </facility>
  </location>
  <location>
    <facility>
      <name>Veterans Affairs Medical Center - Temple</name>
      <address>
        <city>Temple</city>
        <state>Texas</state>
        <zip>76504</zip>
        <country>United States</country>
      </address>
    </facility>
  </location>
  <location>
    <facility>
      <name>CCOP - Scott and White Hospital</name>
      <address>
        <city>Temple</city>
        <state>Texas</state>
        <zip>76508</zip>
        <country>United States</country>
      </address>
    </facility>
  </location>
  <location>
    <facility>
      <name>Huntsman Cancer Institute</name>
      <address>
        <city>Salt Lake City</city>
        <state>Utah</state>
        <zip>84112</zip>
        <country>United States</country>
      </address>
    </facility>
  </location>
  <location>
    <facility>
      <name>Veterans Affairs Medical Center - Salt Lake City</name>
      <address>
        <city>Salt Lake City</city>
        <state>Utah</state>
        <zip>84148</zip>
        <country>United States</country>
      </address>
    </facility>
  </location>
  <location>
    <facility>
      <name>CCOP - Virginia Mason Research Center</name>
      <address>
        <city>Seattle</city>
        <state>Washington</state>
        <zip>98101</zip>
        <country>United States</country>
      </address>
    </facility>
  </location>
  <location>
    <facility>
      <name>Swedish Cancer Institute</name>
      <address>
        <city>Seattle</city>
        <state>Washington</state>
        <zip>98104</zip>
        <country>United States</country>
      </address>
    </facility>
  </location>
  <location>
    <facility>
      <name>Veterans Affairs Medical Center - Seattle</name>
      <address>
        <city>Seattle</city>
        <state>Washington</state>
        <zip>98108</zip>
        <country>United States</country>
      </address>
    </facility>
  </location>
  <location>
    <facility>
      <name>CCOP - Northwest</name>
      <address>
        <city>Tacoma</city>
        <state>Washington</state>
        <zip>98405-0986</zip>
        <country>United States</country>
      </address>
    </facility>
  </location>
  <location>
    <facility>
      <name>Madigan Army Medical Center</name>
      <address>
        <city>Tacoma</city>
        <state>Washington</state>
        <zip>98431-5000</zip>
        <country>United States</country>
      </address>
    </facility>
  </location>
  <location_countries>
    <country>United States</country>
  </location_countries>
  <results_reference>
    <citation>DeAngelo DJ, Yu D, Johnson JL, Coutre SE, Stone RM, Stopeck AT, Gockerman JP, Mitchell BS, Appelbaum FR, Larson RA. Nelarabine induces complete remissions in adults with relapsed or refractory T-lineage acute lymphoblastic leukemia or lymphoblastic lymphoma: Cancer and Leukemia Group B study 19801. Blood. 2007 Jun 15;109(12):5136-42. Epub 2007 Mar 7.</citation>
    <PMID>17344466</PMID>
  </results_reference>
  <results_reference>
    <citation>De Angelo DJ, Yu D, Dodge RK, et al.: A phase II study of 2-amino-9-b-D-arabinosyl-6-methoxy-9H-purine (506U78) in patients with relapsed or refractory T-Lineage acute lymphoblastic leukemia (ALL) or lymphoblastic lymphoma (LBL): CALGB study 19801. [Abstract] Blood 100 (11 Pt 1): A-743, 2002.</citation>
  </results_reference>
  <verification_date>April 2007</verification_date>
  <study_first_submitted>November 1, 1999</study_first_submitted>
  <study_first_submitted_qc>February 13, 2004</study_first_submitted_qc>
  <study_first_posted type="Estimate">February 16, 2004</study_first_posted>
  <last_update_submitted>February 4, 2013</last_update_submitted>
  <last_update_submitted_qc>February 4, 2013</last_update_submitted_qc>
  <last_update_posted type="Estimate">February 5, 2013</last_update_posted>
  <responsible_party>
    <responsible_party_type>Sponsor</responsible_party_type>
  </responsible_party>
  <keyword>recurrent childhood acute lymphoblastic leukemia</keyword>
  <keyword>recurrent childhood lymphoblastic lymphoma</keyword>
  <keyword>recurrent adult acute lymphoblastic leukemia</keyword>
  <keyword>T-cell childhood acute lymphoblastic leukemia</keyword>
  <keyword>T-cell adult acute lymphoblastic leukemia</keyword>
  <keyword>recurrent adult lymphoblastic lymphoma</keyword>
  <keyword>recurrent adult T-cell leukemia/lymphoma</keyword>
  <condition_browse>
    <!-- CAUTION:  The following MeSH terms are assigned with an imperfect algorithm            -->
    <mesh_term>Lymphoma</mesh_term>
    <mesh_term>Leukemia</mesh_term>
    <mesh_term>Precursor Cell Lymphoblastic Leukemia-Lymphoma</mesh_term>
    <mesh_term>Leukemia, Lymphoid</mesh_term>
  </condition_browse>
  <!-- Results have not yet been posted for this study                                          -->
</clinical_study>

