<?xml version="1.0" encoding="UTF-8"?>
<clinical_study rank="89">
  <!-- This xml conforms to an XML Schema at:
    https://clinicaltrials.gov/ct2/html/images/info/public.xsd -->
  <required_header>
    <download_date>ClinicalTrials.gov processed this data on May 11, 2021</download_date>
    <link_text>Link to the current ClinicalTrials.gov record.</link_text>
    <url>https://clinicaltrials.gov/show/NCT01403415</url>
  </required_header>
  <id_info>
    <org_study_id>NCI-2011-02679</org_study_id>
    <secondary_id>NCI-2011-02679</secondary_id>
    <secondary_id>COG-ADVL1114</secondary_id>
    <secondary_id>CDR0000703889</secondary_id>
    <secondary_id>ADVL1114</secondary_id>
    <secondary_id>ADVL1114</secondary_id>
    <secondary_id>U01CA097452</secondary_id>
    <nct_id>NCT01403415</nct_id>
  </id_info>
  <brief_title>Temsirolimus, Dexamethasone, Mitoxantrone Hydrochloride, Vincristine Sulfate, and Pegaspargase in Treating Young Patients With Relapsed Acute Lymphoblastic Leukemia or Non-Hodgkin Lymphoma</brief_title>
  <official_title>A Phase 1 Study of Temsirolimus in Combination With Intensive Re-induction Therapy for Children With Relapsed Acute Lymphoblastic Leukemia and Non-Hodgkin Lymphoma</official_title>
  <sponsors>
    <lead_sponsor>
      <agency>National Cancer Institute (NCI)</agency>
      <agency_class>NIH</agency_class>
    </lead_sponsor>
  </sponsors>
  <source>National Cancer Institute (NCI)</source>
  <oversight_info>
    <has_dmc>Yes</has_dmc>
  </oversight_info>
  <brief_summary>
    <textblock>
      This phase I trial studies the side effects and the best dose of temsirolimus when given&#xD;
      together with dexamethasone, mitoxantrone hydrochloride, vincristine sulfate, and&#xD;
      pegaspargase in treating young patients with relapsed acute lymphoblastic leukemia or&#xD;
      non-Hodgkin lymphoma. Temsirolimus may stop the growth of cancer cells by blocking some of&#xD;
      the enzymes needed for cell growth. Drugs used in chemotherapy, such as dexamethasone,&#xD;
      mitoxantrone hydrochloride, vincristine sulfate, and pegaspargase work in different ways to&#xD;
      stop the growth of cancer cells, either by killing the cells or by stopping them from&#xD;
      dividing. Giving temsirolimus with combination chemotherapy may be and effective treatment&#xD;
      for acute lymphoblastic leukemia or non-Hodgkin lymphoma.&#xD;
    </textblock>
  </brief_summary>
  <detailed_description>
    <textblock>
      PRIMARY OBJECTIVES:&#xD;
&#xD;
      I. To estimate the maximum-tolerated dose (MTD) and/or recommended phase 2 dose of&#xD;
      temsirolimus administered weekly for 2 doses in combination with intensive re-induction&#xD;
      chemotherapy in children with relapsed acute lymphoblastic leukemia (ALL) or non-Hodgkin&#xD;
      lymphoma (NHL).&#xD;
&#xD;
      II. To define and describe the toxicities of temsirolimus in combination with intensive&#xD;
      re-induction chemotherapy in children with relapsed ALL or NHL administered on this schedule.&#xD;
&#xD;
      SECONDARY OBJECTIVES:&#xD;
&#xD;
      I. To compare minimal-residual disease (MRD) levels present at end of induction to historical&#xD;
      control in patients with relapsed ALL or NHL with bone marrow involvement of disease.&#xD;
&#xD;
      II. To determine the complete remission (CR) rate in patients with ALL or NHL who receive&#xD;
      this regimen.&#xD;
&#xD;
      III. To evaluate responsiveness of patient ALL cells to mammalian target of rapamycin (mTOR)&#xD;
      inhibition using in vitro and in vivo pharmacodynamic assessment of the response of ALL&#xD;
      blasts to temsirolimus.&#xD;
&#xD;
      OUTLINE: This is a dose-escalation study of temsirolimus.&#xD;
&#xD;
      Patients receive dexamethasone orally (PO) or intravenously (IV) on days 1-5 and 15-19;&#xD;
      mitoxantrone hydrochloride IV over 30 minutes on days 1-2; temsirolimus IV over 30 minutes on&#xD;
      days 1 and 8; vincristine sulfate IV on days 1, 8, 15, and 22; and pegaspargase IV over 1&#xD;
      hour on days 3 and 17. Some patients may also receive methotrexate intrathecally (IT) up to&#xD;
      72 hours prior to or on day 1 and on day 8.&#xD;
&#xD;
      After completion of study therapy, patients are followed up for 30 days.&#xD;
    </textblock>
  </detailed_description>
  <overall_status>Completed</overall_status>
  <start_date>September 2011</start_date>
  <primary_completion_date type="Actual">May 2015</primary_completion_date>
  <phase>Phase 1</phase>
  <study_type>Interventional</study_type>
  <has_expanded_access>No</has_expanded_access>
  <study_design_info>
    <allocation>N/A</allocation>
    <intervention_model>Single Group Assignment</intervention_model>
    <primary_purpose>Treatment</primary_purpose>
    <masking>None (Open Label)</masking>
  </study_design_info>
  <primary_outcome>
    <measure>Dose-limiting toxicity of temsirolimus in combination with intensive re-induction chemotherapy graded according to the NCI CTCAE v4.0</measure>
    <time_frame>Up to 30 days post-treatment</time_frame>
    <description>A descriptive summary of all toxicities will be reported.</description>
  </primary_outcome>
  <primary_outcome>
    <measure>MTD and/or recommended phase II dose defined as the maximum dose at which fewer than one-third of patients experience dose-limiting toxicity graded by the National Cancer Institute Common Terminology Criteria for Adverse Events (NCI CTCAE) version 4.0</measure>
    <time_frame>Up to day 36</time_frame>
    <description>A descriptive summary of all toxicities will be reported.</description>
  </primary_outcome>
  <secondary_outcome>
    <measure>CR rate according to Response Evaluation Criteria in Solid Tumors (RECIST) criteria</measure>
    <time_frame>Up to 30 days post-treatment</time_frame>
  </secondary_outcome>
  <secondary_outcome>
    <measure>MRD levels present at the end of induction</measure>
    <time_frame>Up to 30 days post-treatment</time_frame>
    <description>Compared to a historical control in patients with bone marrow involvement of disease using a t-test or nonparametric analog.</description>
  </secondary_outcome>
  <secondary_outcome>
    <measure>mTOR inhibitor effects on downstream signaling in patient lymphoblasts In vitro and in vivo</measure>
    <time_frame>Up to 30 days post-treatment</time_frame>
    <description>The pharmacodynamic data will be summarized with simple summary statistics, including means, medians, ranges, and standard deviations (if numbers and distribution permit).</description>
  </secondary_outcome>
  <number_of_arms>1</number_of_arms>
  <enrollment type="Actual">13</enrollment>
  <condition>Childhood B Acute Lymphoblastic Leukemia</condition>
  <condition>Childhood T Acute Lymphoblastic Leukemia</condition>
  <condition>Mature T-Cell and NK-Cell Non-Hodgkin Lymphoma</condition>
  <condition>Recurrent Childhood Acute Lymphoblastic Leukemia</condition>
  <condition>Recurrent Childhood Lymphoblastic Lymphoma</condition>
  <arm_group>
    <arm_group_label>Treatment (temsirolimus, combination chemotherapy)</arm_group_label>
    <arm_group_type>Experimental</arm_group_type>
    <description>Patients receive dexamethasone PO or IV on days 1-5 and 15-19; mitoxantrone hydrochloride IV over 30 minutes on days 1-2; temsirolimus IV over 30 minutes on days 1 and 8; vincristine sulfate IV on days 1, 8, 15, and 22; and pegaspargase IV over 1 hour on days 3 and 17. Some patients may also receive methotrexate IT up to 72 hours prior to or on day 1 and on day 8.</description>
  </arm_group>
  <intervention>
    <intervention_type>Drug</intervention_type>
    <intervention_name>Dexamethasone</intervention_name>
    <description>Given PO or IV</description>
    <arm_group_label>Treatment (temsirolimus, combination chemotherapy)</arm_group_label>
    <other_name>Aacidexam</other_name>
    <other_name>Adexone</other_name>
    <other_name>Aknichthol Dexa</other_name>
    <other_name>Alba-Dex</other_name>
    <other_name>Alin</other_name>
    <other_name>Alin Depot</other_name>
    <other_name>Alin Oftalmico</other_name>
    <other_name>Amplidermis</other_name>
    <other_name>Anemul mono</other_name>
    <other_name>Auricularum</other_name>
    <other_name>Auxiloson</other_name>
    <other_name>Baycuten</other_name>
    <other_name>Baycuten N</other_name>
    <other_name>Cortidexason</other_name>
    <other_name>Cortisumman</other_name>
    <other_name>Decacort</other_name>
    <other_name>Decadrol</other_name>
    <other_name>Decadron</other_name>
    <other_name>Decalix</other_name>
    <other_name>Decameth</other_name>
    <other_name>Decasone R.p.</other_name>
    <other_name>Dectancyl</other_name>
    <other_name>Dekacort</other_name>
    <other_name>Deltafluorene</other_name>
    <other_name>Deronil</other_name>
    <other_name>Desamethasone</other_name>
    <other_name>Desameton</other_name>
    <other_name>Dexa-Mamallet</other_name>
    <other_name>Dexa-Rhinosan</other_name>
    <other_name>Dexa-Scheroson</other_name>
    <other_name>Dexa-sine</other_name>
    <other_name>Dexacortal</other_name>
    <other_name>Dexacortin</other_name>
    <other_name>Dexafarma</other_name>
    <other_name>Dexafluorene</other_name>
    <other_name>Dexalocal</other_name>
    <other_name>Dexamecortin</other_name>
    <other_name>Dexameth</other_name>
    <other_name>Dexamethasonum</other_name>
    <other_name>Dexamonozon</other_name>
    <other_name>Dexapos</other_name>
    <other_name>Dexinoral</other_name>
    <other_name>Dexone</other_name>
    <other_name>Dinormon</other_name>
    <other_name>Fluorodelta</other_name>
    <other_name>Fortecortin</other_name>
    <other_name>Gammacorten</other_name>
    <other_name>Hexadecadrol</other_name>
    <other_name>Hexadrol</other_name>
    <other_name>Lokalison-F</other_name>
    <other_name>Loverine</other_name>
    <other_name>Methylfluorprednisolone</other_name>
    <other_name>Millicorten</other_name>
    <other_name>Mymethasone</other_name>
    <other_name>Orgadrone</other_name>
    <other_name>Spersadex</other_name>
    <other_name>Visumetazone</other_name>
  </intervention>
  <intervention>
    <intervention_type>Other</intervention_type>
    <intervention_name>Laboratory Biomarker Analysis</intervention_name>
    <description>Correlative studies</description>
    <arm_group_label>Treatment (temsirolimus, combination chemotherapy)</arm_group_label>
  </intervention>
  <intervention>
    <intervention_type>Drug</intervention_type>
    <intervention_name>Methotrexate</intervention_name>
    <description>Given IT</description>
    <arm_group_label>Treatment (temsirolimus, combination chemotherapy)</arm_group_label>
    <other_name>Abitrexate</other_name>
    <other_name>Alpha-Methopterin</other_name>
    <other_name>Amethopterin</other_name>
    <other_name>Brimexate</other_name>
    <other_name>CL 14377</other_name>
    <other_name>CL-14377</other_name>
    <other_name>Emtexate</other_name>
    <other_name>Emthexat</other_name>
    <other_name>Emthexate</other_name>
    <other_name>Farmitrexat</other_name>
    <other_name>Fauldexato</other_name>
    <other_name>Folex</other_name>
    <other_name>Folex PFS</other_name>
    <other_name>Lantarel</other_name>
    <other_name>Ledertrexate</other_name>
    <other_name>Lumexon</other_name>
    <other_name>Maxtrex</other_name>
    <other_name>Medsatrexate</other_name>
    <other_name>Metex</other_name>
    <other_name>Methoblastin</other_name>
    <other_name>Methotrexate LPF</other_name>
    <other_name>Methotrexate Methylaminopterin</other_name>
    <other_name>Methotrexatum</other_name>
    <other_name>Metotrexato</other_name>
    <other_name>Metrotex</other_name>
    <other_name>Mexate</other_name>
    <other_name>Mexate-AQ</other_name>
    <other_name>MTX</other_name>
    <other_name>Novatrex</other_name>
    <other_name>Rheumatrex</other_name>
    <other_name>Texate</other_name>
    <other_name>Tremetex</other_name>
    <other_name>Trexeron</other_name>
    <other_name>Trixilem</other_name>
    <other_name>WR-19039</other_name>
  </intervention>
  <intervention>
    <intervention_type>Drug</intervention_type>
    <intervention_name>Mitoxantrone Hydrochloride</intervention_name>
    <description>Given IV</description>
    <arm_group_label>Treatment (temsirolimus, combination chemotherapy)</arm_group_label>
    <other_name>CL 232315</other_name>
    <other_name>DHAD</other_name>
    <other_name>DHAQ</other_name>
    <other_name>Dihydroxyanthracenedione Dihydrochloride</other_name>
    <other_name>Mitoxantrone Dihydrochloride</other_name>
    <other_name>Mitoxantroni Hydrochloridum</other_name>
    <other_name>Mitozantrone Hydrochloride</other_name>
    <other_name>Mitroxone</other_name>
    <other_name>Neotalem</other_name>
    <other_name>Novantrone</other_name>
    <other_name>Onkotrone</other_name>
    <other_name>Pralifan</other_name>
  </intervention>
  <intervention>
    <intervention_type>Drug</intervention_type>
    <intervention_name>Pegaspargase</intervention_name>
    <description>Given IV</description>
    <arm_group_label>Treatment (temsirolimus, combination chemotherapy)</arm_group_label>
    <other_name>L-Asparaginase with Polyethylene Glycol</other_name>
    <other_name>Oncaspar</other_name>
    <other_name>PEG-Asparaginase</other_name>
    <other_name>PEG-L-Asparaginase</other_name>
    <other_name>PEG-L-Asparaginase (Enzon - Kyowa Hakko)</other_name>
    <other_name>PEGLA</other_name>
    <other_name>Polyethylene Glycol L-Asparaginase</other_name>
    <other_name>Polyethylene Glycol-L-Asparaginase</other_name>
  </intervention>
  <intervention>
    <intervention_type>Other</intervention_type>
    <intervention_name>Pharmacological Study</intervention_name>
    <description>Correlative studies</description>
    <arm_group_label>Treatment (temsirolimus, combination chemotherapy)</arm_group_label>
  </intervention>
  <intervention>
    <intervention_type>Drug</intervention_type>
    <intervention_name>Temsirolimus</intervention_name>
    <description>Given IV</description>
    <arm_group_label>Treatment (temsirolimus, combination chemotherapy)</arm_group_label>
    <other_name>CCI-779</other_name>
    <other_name>CCI-779 Rapamycin Analog</other_name>
    <other_name>Cell Cycle Inhibitor 779</other_name>
    <other_name>Rapamycin Analog</other_name>
    <other_name>Rapamycin Analog CCI-779</other_name>
    <other_name>Torisel</other_name>
  </intervention>
  <intervention>
    <intervention_type>Drug</intervention_type>
    <intervention_name>Vincristine Sulfate</intervention_name>
    <description>Given IV</description>
    <arm_group_label>Treatment (temsirolimus, combination chemotherapy)</arm_group_label>
    <other_name>Kyocristine</other_name>
    <other_name>Leurocristine Sulfate</other_name>
    <other_name>Leurocristine, sulfate</other_name>
    <other_name>Oncovin</other_name>
    <other_name>Vincasar</other_name>
    <other_name>Vincosid</other_name>
    <other_name>Vincrex</other_name>
    <other_name>Vincristine, sulfate</other_name>
  </intervention>
  <eligibility>
    <criteria>
      <textblock>
        Inclusion Criteria:&#xD;
&#xD;
          -  Diagnosis:&#xD;
&#xD;
               -  Patients must have second (2nd) or greater relapse of pre-B ALL, T-cell ALL,&#xD;
                  lymphoblastic lymphoma, or peripheral T-cell lymphoma; patients may not have&#xD;
                  refractory disease&#xD;
&#xD;
               -  Patients with leukemia must have had histologic verification of the malignancy at&#xD;
                  the most recent relapse, including immunophenotyping to confirm diagnosis&#xD;
&#xD;
          -  Disease Status:&#xD;
&#xD;
               -  Leukemia: patients with leukemia must have an M3 marrow with or without&#xD;
                  extramedullary site of relapse OR an M2 bone marrow with an extramedullary site&#xD;
                  of relapse; patients with central nervous system (CNS) 3 status are not eligible&#xD;
                  for enrollment&#xD;
&#xD;
               -  Lymphoma: patients with non-Hodgkin lymphoma must have either measurable or&#xD;
                  evaluable disease&#xD;
&#xD;
          -  Patient's current disease state must be one for which there is no known curative&#xD;
             therapy or therapy proven to prolong survival with an acceptable quality of life&#xD;
&#xD;
          -  Karnofsky &gt;= 50% for patients &gt; 16 years of age and Lansky &gt;= 50 for patients =&lt; 16&#xD;
             years of age; patients who are unable to walk because of paralysis, but who are up in&#xD;
             a wheelchair, will be considered ambulatory for the purpose of assessing the&#xD;
             performance score&#xD;
&#xD;
          -  Prior Therapy:&#xD;
&#xD;
               -  Patients must have fully recovered from the acute toxic effects of all prior&#xD;
                  anti-cancer chemotherapy, defined as resolution of all such toxicities to =&lt;&#xD;
                  grade 2 or per the inclusion/exclusion criteria&#xD;
&#xD;
               -  Myelosuppressive chemotherapy:&#xD;
&#xD;
                    -  Patients with leukemia or lymphoma who relapse while receiving standard&#xD;
                       maintenance chemotherapy with steroid, vincristine pulses and oral&#xD;
                       outpatient chemotherapy will not be required to have a waiting period before&#xD;
                       enrollment onto this study&#xD;
&#xD;
                    -  Patients who relapse while they are not receiving standard maintenance&#xD;
                       therapy, must have fully recovered from all acute toxic effects of prior&#xD;
                       therapy; at least 14 days must have elapsed after the completion of&#xD;
                       cytotoxic therapy, with the exception of hydroxyurea&#xD;
&#xD;
                    -  Note: cytoreduction with hydroxyurea in patients can be initiated and&#xD;
                       continued for up to 24 hours prior to the start of protocol therapy&#xD;
&#xD;
               -  Hematopoietic growth factors: at least 14 days after the last dose of a&#xD;
                  long-acting growth factor (e.g. Neulasta) or 7 days for short-acting growth&#xD;
                  factor; for agents that have known adverse events occurring beyond 7 days after&#xD;
                  administration, this period must be extended beyond the time during which adverse&#xD;
                  events are known to occur; the duration of this interval must be discussed with&#xD;
                  the study chair&#xD;
&#xD;
               -  Biologic (anti-neoplastic agent): at least 7 days after the last dose of a&#xD;
                  biologic agent; for agents that have known adverse events occurring beyond 7 days&#xD;
                  after administration, this period must be extended beyond the time during which&#xD;
                  adverse events are known to occur; the duration of this interval must be&#xD;
                  discussed with the study chair&#xD;
&#xD;
               -  Immunotherapy: at least 42 days after the completion of any type of&#xD;
                  immunotherapy, e.g. tumor vaccines&#xD;
&#xD;
               -  Monoclonal antibodies: at least 3 half-lives of the antibody after the last dose&#xD;
                  of a monoclonal antibody with the exception of blinatumomab; patients must have&#xD;
                  been off blinatumomab infusion for at least 7 days and all drug-related toxicity&#xD;
                  must have resolved to grade 1 or lower as outline in the inclusion and exclusion&#xD;
                  criteria&#xD;
&#xD;
               -  Radiation therapy (XRT): at least 14 days after local palliative XRT (small&#xD;
                  port); at least 84 days must have elapsed if prior total body irradiation (TBI),&#xD;
                  craniospinal XRT or if &gt;= 50% radiation of pelvis; at least 42 days must have&#xD;
                  elapsed if other substantial bone marrow (BM) radiation&#xD;
&#xD;
               -  Stem cell infusion: no evidence of active graft versus (vs.) host disease and at&#xD;
                  least 84 days must have elapsed after transplant or stem cell infusion&#xD;
&#xD;
               -  Study specific limitations on prior therapy: patient may not have received prior&#xD;
                  therapy with an mTOR inhibitor&#xD;
&#xD;
               -  Note: intrathecal (IT) methotrexate (MTX) that is given up to 72 hours prior to&#xD;
                  initiation of systemic chemotherapy per ADVL1114 counts as protocol therapy and&#xD;
                  not prior anti-cancer therapy; IT MTX given &gt; 72 hours prior does not count as&#xD;
                  protocol therapy&#xD;
&#xD;
          -  Platelet count &gt;= 20,000/mm^3 (may receive platelet transfusions) to initiate therapy&#xD;
&#xD;
               -  Patients must not be known to be refractory to red cell or platelet transfusion&#xD;
&#xD;
          -  Creatinine clearance or radioisotope glomerular filtration rate (GFR) &gt;= 70ml/min/1.73&#xD;
             m^2 or a serum creatinine based on age/gender as follows:&#xD;
&#xD;
               -  0.6 mg/dL (1 to &lt; 2 years of age)&#xD;
&#xD;
               -  0.8 mg/dL (2 to &lt; 6 years of age)&#xD;
&#xD;
               -  1.0 mg/dL (6 to &lt; 10 years of age)&#xD;
&#xD;
               -  1.2 mg/dL (10 to &lt; 13 years of age)&#xD;
&#xD;
               -  1.5 mg/dL (male) or 1.4 mg/dL (female) (13 to &lt; 16 years of age)&#xD;
&#xD;
               -  1.7 mg/dL (male) or 1.4 mg/dL (female) (&gt;= 16 years of age)&#xD;
&#xD;
          -  Bilirubin (sum of conjugated + unconjugated) =&lt; 1.5 x upper limit of normal (ULN) for&#xD;
             age&#xD;
&#xD;
          -  Serum glutamate pyruvate transaminase (SGPT) (alanine aminotransferase [ALT]) =&lt; 225&#xD;
             U/L; for the purpose of this study, the ULN for SGPT is 45 U/L&#xD;
&#xD;
          -  Gamma-glutamyl transpeptidase (GGT) =&lt; ULN for age&#xD;
&#xD;
          -  Serum albumin &gt;= 2 g/dL&#xD;
&#xD;
          -  Shortening fraction of &gt;= 27% by echocardiogram, or ejection fraction of &gt;= 50% by&#xD;
             gated radionuclide study&#xD;
&#xD;
          -  Pulse oximetry &gt; 94% on room air&#xD;
&#xD;
          -  Baseline chest x-ray; patients with active infectious disease or pneumonitis are not&#xD;
             eligible&#xD;
&#xD;
          -  Serum triglyceride level =&lt; 300 mg/dL and serum cholesterol level =&lt; 300 mg/dL&#xD;
&#xD;
          -  Random or fasting blood glucose within the upper normal limits for age; if the initial&#xD;
             blood glucose is a random sample that is above the upper normal limits, then a&#xD;
             follow-up fasting blood glucose can be obtained and must be within the upper normal&#xD;
             limits for age&#xD;
&#xD;
          -  All patients and/or their parents or legally authorized representatives must sign a&#xD;
             written informed consent; assent, when appropriate, will be obtained according to&#xD;
             institutional guidelines&#xD;
&#xD;
        Exclusion Criteria:&#xD;
&#xD;
          -  Pregnant or breast-feeding women will not be entered on this study; pregnancy tests&#xD;
             must be obtained in girls who are post-menarchal; males or females of reproductive&#xD;
             potential may not participate unless they have agreed to use an effective&#xD;
             contraceptive method&#xD;
&#xD;
          -  Patients receiving stable or decreasing doses of corticosteroids for =&lt; 7 days prior&#xD;
             to enrollment, or who are receiving increasing doses of corticosteroids, are not&#xD;
             eligible for enrollment; the exception to this is pulsed steroids used for maintenance&#xD;
             chemotherapy&#xD;
&#xD;
          -  Patients who are currently receiving another investigational drug are not eligible&#xD;
&#xD;
          -  Patients who are currently receiving other anti-cancer agents are not eligible (except&#xD;
             patients receiving hydroxyurea, which may be continued until 24 hours prior to start&#xD;
             of protocol therapy)&#xD;
&#xD;
          -  Patients who are receiving cyclosporine, tacrolimus or other agents to prevent&#xD;
             graft-versus-host disease post bone marrow transplant are not eligible for this trial&#xD;
&#xD;
          -  Patients who cannot receive asparaginase are not permitted on trial; substitution with&#xD;
             Asparaginase Erwinia Chrysanthemi is acceptable&#xD;
&#xD;
          -  Cumulative prior anthracycline exposure must not exceed 400 mg/m^2 (each 10 mg/m^2 of&#xD;
             idarubicin or mitoxantrone should be calculated as the isotoxic equivalent of 30&#xD;
             mg/m^2 of daunorubicin or doxorubicin)&#xD;
&#xD;
          -  Patients who are currently receiving therapeutic anticoagulants (including aspirin,&#xD;
             low molecular weight heparin, and others) are not eligible&#xD;
&#xD;
          -  Patients who are currently receiving angiotensin-converting enzyme (ACE) inhibitors&#xD;
             are not eligible due to the development of angioneurotic edema-type reactions in some&#xD;
             subjects who received concurrent treatment with temsirolimus + ACE inhibitors&#xD;
&#xD;
          -  Enzyme-Inducing anti-convulsants: patients who are currently receiving enzyme-inducing&#xD;
             anti-convulsants (i.e., phenytoin, phenobarbital, or carbamazepine) are not eligible&#xD;
&#xD;
          -  Patients with CNS 3 status at enrollment are not eligible&#xD;
&#xD;
          -  Patients must have no pre-existing grade 1 or higher ulcerations, fistulas, mucosal&#xD;
             lesions, or skin barrier breakdown&#xD;
&#xD;
          -  Patients who have an uncontrolled infection are not eligible&#xD;
&#xD;
          -  Patients with known optic nerve and/or retinal involvement (because it may not be&#xD;
             possible to safely delay irradiation) are not eligible; patients presenting with&#xD;
             visual disturbances by history or physical exam should have an ophthalmological exam&#xD;
             and magnetic resonance imaging (MRI) within 14 days prior to enrollment to determine&#xD;
             whether there is optic nerve or retinal involvement&#xD;
&#xD;
          -  Patients with known Down syndrome, Fanconi anemia, Kostmann syndrome, Shwachman&#xD;
             syndrome or any other known bone marrow failure syndrome are not eligible&#xD;
&#xD;
          -  Patients who have received a prior solid organ transplantation are not eligible&#xD;
&#xD;
          -  Patients who in the opinion of the investigator may not be able to comply with the&#xD;
             safety monitoring requirements of the study are not eligible&#xD;
      </textblock>
    </criteria>
    <gender>All</gender>
    <minimum_age>1 Year</minimum_age>
    <maximum_age>21 Years</maximum_age>
    <healthy_volunteers>No</healthy_volunteers>
  </eligibility>
  <overall_official>
    <last_name>Susan Rheingold</last_name>
    <role>Principal Investigator</role>
    <affiliation>COG Phase I Consortium</affiliation>
  </overall_official>
  <location>
    <facility>
      <name>Children's Hospital of Alabama</name>
      <address>
        <city>Birmingham</city>
        <state>Alabama</state>
        <zip>35233</zip>
        <country>United States</country>
      </address>
    </facility>
  </location>
  <location>
    <facility>
      <name>Phoenix Childrens Hospital</name>
      <address>
        <city>Phoenix</city>
        <state>Arizona</state>
        <zip>85016</zip>
        <country>United States</country>
      </address>
    </facility>
  </location>
  <location>
    <facility>
      <name>Childrens Hospital of Orange County</name>
      <address>
        <city>Orange</city>
        <state>California</state>
        <zip>92868</zip>
        <country>United States</country>
      </address>
    </facility>
  </location>
  <location>
    <facility>
      <name>Lucile Packard Children's Hospital Stanford University</name>
      <address>
        <city>Palo Alto</city>
        <state>California</state>
        <zip>94304</zip>
        <country>United States</country>
      </address>
    </facility>
  </location>
  <location>
    <facility>
      <name>Rady Children's Hospital - San Diego</name>
      <address>
        <city>San Diego</city>
        <state>California</state>
        <zip>92123</zip>
        <country>United States</country>
      </address>
    </facility>
  </location>
  <location>
    <facility>
      <name>UCSF Medical Center-Parnassus</name>
      <address>
        <city>San Francisco</city>
        <state>California</state>
        <zip>94143</zip>
        <country>United States</country>
      </address>
    </facility>
  </location>
  <location>
    <facility>
      <name>Children's National Medical Center</name>
      <address>
        <city>Washington</city>
        <state>District of Columbia</state>
        <zip>20010</zip>
        <country>United States</country>
      </address>
    </facility>
  </location>
  <location>
    <facility>
      <name>Children's Healthcare of Atlanta - Egleston</name>
      <address>
        <city>Atlanta</city>
        <state>Georgia</state>
        <zip>30322</zip>
        <country>United States</country>
      </address>
    </facility>
  </location>
  <location>
    <facility>
      <name>Lurie Children's Hospital-Chicago</name>
      <address>
        <city>Chicago</city>
        <state>Illinois</state>
        <zip>60611</zip>
        <country>United States</country>
      </address>
    </facility>
  </location>
  <location>
    <facility>
      <name>Riley Hospital for Children</name>
      <address>
        <city>Indianapolis</city>
        <state>Indiana</state>
        <zip>46202</zip>
        <country>United States</country>
      </address>
    </facility>
  </location>
  <location>
    <facility>
      <name>C S Mott Children's Hospital</name>
      <address>
        <city>Ann Arbor</city>
        <state>Michigan</state>
        <zip>48109</zip>
        <country>United States</country>
      </address>
    </facility>
  </location>
  <location>
    <facility>
      <name>Children's Hospitals and Clinics of Minnesota - Minneapolis</name>
      <address>
        <city>Minneapolis</city>
        <state>Minnesota</state>
        <zip>55404</zip>
        <country>United States</country>
      </address>
    </facility>
  </location>
  <location>
    <facility>
      <name>University of Minnesota Medical Center-Fairview</name>
      <address>
        <city>Minneapolis</city>
        <state>Minnesota</state>
        <zip>55455</zip>
        <country>United States</country>
      </address>
    </facility>
  </location>
  <location>
    <facility>
      <name>University of Mississippi Medical Center</name>
      <address>
        <city>Jackson</city>
        <state>Mississippi</state>
        <zip>39216</zip>
        <country>United States</country>
      </address>
    </facility>
  </location>
  <location>
    <facility>
      <name>The Childrens Mercy Hospital</name>
      <address>
        <city>Kansas City</city>
        <state>Missouri</state>
        <zip>64108</zip>
        <country>United States</country>
      </address>
    </facility>
  </location>
  <location>
    <facility>
      <name>Washington University School of Medicine</name>
      <address>
        <city>Saint Louis</city>
        <state>Missouri</state>
        <zip>63110</zip>
        <country>United States</country>
      </address>
    </facility>
  </location>
  <location>
    <facility>
      <name>Columbia University Medical Center</name>
      <address>
        <city>New York</city>
        <state>New York</state>
        <zip>10032</zip>
        <country>United States</country>
      </address>
    </facility>
  </location>
  <location>
    <facility>
      <name>University of North Carolina at Chapel Hill</name>
      <address>
        <city>Chapel Hill</city>
        <state>North Carolina</state>
        <zip>27599</zip>
        <country>United States</country>
      </address>
    </facility>
  </location>
  <location>
    <facility>
      <name>Cincinnati Children's Hospital Medical Center</name>
      <address>
        <city>Cincinnati</city>
        <state>Ohio</state>
        <zip>45229</zip>
        <country>United States</country>
      </address>
    </facility>
  </location>
  <location>
    <facility>
      <name>Rainbow Babies and Childrens Hospital</name>
      <address>
        <city>Cleveland</city>
        <state>Ohio</state>
        <zip>44106</zip>
        <country>United States</country>
      </address>
    </facility>
  </location>
  <location>
    <facility>
      <name>Nationwide Children's Hospital</name>
      <address>
        <city>Columbus</city>
        <state>Ohio</state>
        <zip>43205</zip>
        <country>United States</country>
      </address>
    </facility>
  </location>
  <location>
    <facility>
      <name>University of Oklahoma Health Sciences Center</name>
      <address>
        <city>Oklahoma City</city>
        <state>Oklahoma</state>
        <zip>73104</zip>
        <country>United States</country>
      </address>
    </facility>
  </location>
  <location>
    <facility>
      <name>Oregon Health and Science University</name>
      <address>
        <city>Portland</city>
        <state>Oregon</state>
        <zip>97239</zip>
        <country>United States</country>
      </address>
    </facility>
  </location>
  <location>
    <facility>
      <name>Children's Hospital of Philadelphia</name>
      <address>
        <city>Philadelphia</city>
        <state>Pennsylvania</state>
        <zip>19104</zip>
        <country>United States</country>
      </address>
    </facility>
  </location>
  <location>
    <facility>
      <name>Children's Hospital of Pittsburgh of UPMC</name>
      <address>
        <city>Pittsburgh</city>
        <state>Pennsylvania</state>
        <zip>15224</zip>
        <country>United States</country>
      </address>
    </facility>
  </location>
  <location>
    <facility>
      <name>Vanderbilt University/Ingram Cancer Center</name>
      <address>
        <city>Nashville</city>
        <state>Tennessee</state>
        <zip>37232</zip>
        <country>United States</country>
      </address>
    </facility>
  </location>
  <location>
    <facility>
      <name>UT Southwestern/Simmons Cancer Center-Dallas</name>
      <address>
        <city>Dallas</city>
        <state>Texas</state>
        <zip>75390</zip>
        <country>United States</country>
      </address>
    </facility>
  </location>
  <location>
    <facility>
      <name>Baylor College of Medicine</name>
      <address>
        <city>Houston</city>
        <state>Texas</state>
        <zip>77030</zip>
        <country>United States</country>
      </address>
    </facility>
  </location>
  <location>
    <facility>
      <name>Primary Children's Hospital</name>
      <address>
        <city>Salt Lake City</city>
        <state>Utah</state>
        <zip>84113</zip>
        <country>United States</country>
      </address>
    </facility>
  </location>
  <location>
    <facility>
      <name>Midwest Children's Cancer Center</name>
      <address>
        <city>Milwaukee</city>
        <state>Wisconsin</state>
        <zip>53226</zip>
        <country>United States</country>
      </address>
    </facility>
  </location>
  <location>
    <facility>
      <name>Hospital for Sick Children</name>
      <address>
        <city>Toronto</city>
        <state>Ontario</state>
        <zip>M5G 1X8</zip>
        <country>Canada</country>
      </address>
    </facility>
  </location>
  <location_countries>
    <country>Canada</country>
    <country>United States</country>
  </location_countries>
  <verification_date>March 2015</verification_date>
  <study_first_submitted>July 21, 2011</study_first_submitted>
  <study_first_submitted_qc>July 26, 2011</study_first_submitted_qc>
  <study_first_posted type="Estimate">July 27, 2011</study_first_posted>
  <last_update_submitted>July 9, 2015</last_update_submitted>
  <last_update_submitted_qc>July 9, 2015</last_update_submitted_qc>
  <last_update_posted type="Estimate">July 10, 2015</last_update_posted>
  <responsible_party>
    <responsible_party_type>Sponsor</responsible_party_type>
  </responsible_party>
  <condition_browse>
    <!-- CAUTION:  The following MeSH terms are assigned with an imperfect algorithm            -->
    <mesh_term>Lymphoma</mesh_term>
    <mesh_term>Leukemia</mesh_term>
    <mesh_term>Lymphoma, Non-Hodgkin</mesh_term>
    <mesh_term>Precursor Cell Lymphoblastic Leukemia-Lymphoma</mesh_term>
    <mesh_term>Leukemia, Lymphoid</mesh_term>
    <mesh_term>Precursor T-Cell Lymphoblastic Leukemia-Lymphoma</mesh_term>
    <mesh_term>Lymphoma, T-Cell, Peripheral</mesh_term>
    <mesh_term>Lymphoma, T-Cell</mesh_term>
  </condition_browse>
  <intervention_browse>
    <!-- CAUTION:  The following MeSH terms are assigned with an imperfect algorithm            -->
    <mesh_term>Sirolimus</mesh_term>
    <mesh_term>Dexamethasone</mesh_term>
    <mesh_term>Dexamethasone acetate</mesh_term>
    <mesh_term>Methotrexate</mesh_term>
    <mesh_term>Vincristine</mesh_term>
    <mesh_term>Asparaginase</mesh_term>
    <mesh_term>Mitoxantrone</mesh_term>
    <mesh_term>Pegaspargase</mesh_term>
    <mesh_term>BB 1101</mesh_term>
  </intervention_browse>
  <!-- Results have not yet been posted for this study                                          -->
</clinical_study>

