<?xml version="1.0" encoding="UTF-8"?>
<clinical_study rank="117">
  <!-- This xml conforms to an XML Schema at:
    https://clinicaltrials.gov/ct2/html/images/info/public.xsd -->
  <required_header>
    <download_date>ClinicalTrials.gov processed this data on May 11, 2021</download_date>
    <link_text>Link to the current ClinicalTrials.gov record.</link_text>
    <url>https://clinicaltrials.gov/show/NCT01175785</url>
  </required_header>
  <id_info>
    <org_study_id>2378.00</org_study_id>
    <secondary_id>NCI-2010-01426</secondary_id>
    <secondary_id>2378</secondary_id>
    <secondary_id>2378.00</secondary_id>
    <secondary_id>P30CA015704</secondary_id>
    <secondary_id>RC2HL101844</secondary_id>
    <nct_id>NCT01175785</nct_id>
  </id_info>
  <brief_title>Infusion of Off-the-Shelf Expanded Cord Blood Cells to Augment Cord Blood Transplant in Patients With Hematologic Malignancies</brief_title>
  <official_title>Infusion of Off-the-Shelf Ex Vivo Expanded Cryopreserved Cord Blood Progenitor Cells to Augment Single or Double Myeloablative Cord Blood Transplantation in Patients With Hematologic Malignancies</official_title>
  <sponsors>
    <lead_sponsor>
      <agency>Nohla Therapeutics, Inc.</agency>
      <agency_class>Industry</agency_class>
    </lead_sponsor>
    <collaborator>
      <agency>National Heart, Lung, and Blood Institute (NHLBI)</agency>
      <agency_class>NIH</agency_class>
    </collaborator>
    <collaborator>
      <agency>National Cancer Institute (NCI)</agency>
      <agency_class>NIH</agency_class>
    </collaborator>
    <collaborator>
      <agency>Fred Hutchinson Cancer Research Center</agency>
      <agency_class>Other</agency_class>
    </collaborator>
  </sponsors>
  <source>Nohla Therapeutics, Inc.</source>
  <oversight_info>
    <has_dmc>No</has_dmc>
    <is_fda_regulated_drug>Yes</is_fda_regulated_drug>
    <is_fda_regulated_device>No</is_fda_regulated_device>
  </oversight_info>
  <brief_summary>
    <textblock>
      This phase II trial is studying the safety and potential efficacy of infusing non-human&#xD;
      leukocyte antigen matched ex vivo expanded cord blood progenitors with one or two&#xD;
      unmanipulated umbilical cord blood units for transplantation following conditioning with&#xD;
      fludarabine phosphate, cyclophosphamide and total body irradiation, and immunosuppression&#xD;
      with cyclosporine and mycophenolate mofetil for patients with hematologic malignancies.&#xD;
      Chemotherapy, such as fludarabine phosphate and cyclophosphamide, and total-body irradiation&#xD;
      given before an umbilical cord blood transplant stops the growth of leukemia cells and works&#xD;
      to prevent the patient's immune system from rejecting the donor's stem cells. The healthy&#xD;
      stem cells from the donor's umbilical cord blood help the patient's bone marrow make new red&#xD;
      blood cells, white blood cells, and platelets. It may take several weeks for these new blood&#xD;
      cells to grow. During that period of time, patients are at increased risk for bleeding and&#xD;
      infection. Faster recovery of white blood cells may decrease the number and severity of&#xD;
      infections. Studies have shown that counts recover more quickly when more cord blood cells&#xD;
      are given with the transplant. We have developed a way of growing or &quot;expanding&quot; the number&#xD;
      of cord blood cells in the lab so that there are more cells available for transplant. We are&#xD;
      doing this study to find out whether or not giving these expanded cells along with one or two&#xD;
      unexpanded cord blood units is safe and if use of expanded cells can decrease the time it&#xD;
      takes for white blood cells to recover after transplant. We will study the time it takes for&#xD;
      blood counts to recover, which of the two or three cord blood units makes up the patient's&#xD;
      new blood system, and how quickly immune system cells return.&#xD;
    </textblock>
  </brief_summary>
  <detailed_description>
    <textblock>
      PRIMARY OBJECTIVES:&#xD;
&#xD;
      I. Examine the safety and toxicity when ex vivo expanded cord blood cells are infused as an&#xD;
      off-the-shelf non-human leukocyte antigen (HLA) matched product with the goal of providing&#xD;
      rapid but transient myelopoiesis in the setting of a single or double umbilical cord blood&#xD;
      transplant.&#xD;
&#xD;
      II. Examine the in vivo persistence of the ex vivo expanded cord blood product. The kinetics&#xD;
      and durability of hematopoietic reconstitution will be determined and the relative&#xD;
      contribution to engraftment of the expanded cord blood product and the unmanipulated cord&#xD;
      blood unit(s) in early and long-term engraftment will be determined by frequent determination&#xD;
      of donor chimerisms in the peripheral blood.&#xD;
&#xD;
      SECONDARY OBJECTIVES&#xD;
&#xD;
      I. Estimate the incidence and severity of acute and chronic graft-versus-host-disease (GVHD)&#xD;
      in patients receiving off-the-shelf ex vivo expanded and cryopreserved cord blood cells.&#xD;
&#xD;
      II. Estimate the incidence of transplant related mortality at day 100.&#xD;
&#xD;
      III. Estimate the incidence of malignant relapse and probabilities of overall and event-free&#xD;
      survival at 1 and 2 years post transplant.&#xD;
&#xD;
      IV. Obtain preliminary data on the incidence of infections/viral reactivation from the start&#xD;
      of conditioning to 100 days post transplant and then at 6 months, 1 year and 2 years post&#xD;
      transplant as possible.&#xD;
&#xD;
      V. Obtain preliminary data on the phenotype and function of immune cells recovering in&#xD;
      patients receiving expanded and unmanipulated cord blood grafts.&#xD;
&#xD;
      VI. Examination of possible immunologic factors leading to emergence of a dominant unit.&#xD;
&#xD;
      OUTLINE:&#xD;
&#xD;
      MYELOABLATIVE CONDITIONING: Patients receive fludarabine phosphate intravenously (IV) over 1&#xD;
      hour on days -8 to -6 and cyclophosphamide IV on days -7 and -6. Patients undergo total-body&#xD;
      irradiation (TBI) twice daily on days -4 to -1.&#xD;
&#xD;
      TRANSPLANTATION: Patients undergo unmanipulated single- or double-unit umbilical cord blood&#xD;
      transplantation on day 0 and receive ex vivo-expanded cord blood progenitor cells IV over 4&#xD;
      hours following the last unmanipulated cord blood infusion.&#xD;
&#xD;
      GVHD PROPHYLAXIS: Patients initially receive cyclosporine (CSP) IV over 1 hour beginning on&#xD;
      day -3. CSP may be given orally (PO) when the patient can tolerate oral medications and has a&#xD;
      normal gastrointestinal transit time. CSP is given until day 100, and may taper on day 101 if&#xD;
      there is no graft versus host disease. Patients also receive mycophenolate mofetil (MMF) IV&#xD;
      every 8 hours on days 0 to 7 and then may receive MMF PO beginning day 8 to 30. MMF is&#xD;
      continued for a minimum of 30 days or until 7 days after blood counts recover whichever is&#xD;
      later. If there is no evidence of acute GVHD and donor cluster of differentiation (CD)3&#xD;
      engraftment is at least 50% from one donor MMF may be tapered.&#xD;
    </textblock>
  </detailed_description>
  <overall_status>Completed</overall_status>
  <start_date>August 2010</start_date>
  <completion_date type="Actual">August 2014</completion_date>
  <primary_completion_date type="Actual">August 2014</primary_completion_date>
  <phase>Phase 2</phase>
  <study_type>Interventional</study_type>
  <has_expanded_access>No</has_expanded_access>
  <study_design_info>
    <allocation>N/A</allocation>
    <intervention_model>Single Group Assignment</intervention_model>
    <primary_purpose>Treatment</primary_purpose>
    <masking>None (Open Label)</masking>
  </study_design_info>
  <primary_outcome>
    <measure>Time to neutrophil engraftment</measure>
    <time_frame>By day 42</time_frame>
    <description>Defined as the first of 2 consecutive days in which the absolute neutrophil count (ANC) &gt;= 500.</description>
  </primary_outcome>
  <primary_outcome>
    <measure>Time to platelet engraftment</measure>
    <time_frame>By day 100</time_frame>
  </primary_outcome>
  <primary_outcome>
    <measure>Overall survival</measure>
    <time_frame>Day 100</time_frame>
  </primary_outcome>
  <primary_outcome>
    <measure>Overall survival</measure>
    <time_frame>Day 180</time_frame>
  </primary_outcome>
  <primary_outcome>
    <measure>Overall survival</measure>
    <time_frame>1 year</time_frame>
  </primary_outcome>
  <primary_outcome>
    <measure>Overall survival</measure>
    <time_frame>2 years</time_frame>
  </primary_outcome>
  <primary_outcome>
    <measure>Event-free survival</measure>
    <time_frame>Day 100</time_frame>
  </primary_outcome>
  <primary_outcome>
    <measure>Event-free survival</measure>
    <time_frame>Day 180</time_frame>
  </primary_outcome>
  <primary_outcome>
    <measure>Event-free survival</measure>
    <time_frame>1 year</time_frame>
  </primary_outcome>
  <primary_outcome>
    <measure>Event-free survival</measure>
    <time_frame>2 years</time_frame>
  </primary_outcome>
  <primary_outcome>
    <measure>Incidence of severe (grades 3-4) acute GVHD</measure>
    <time_frame>Up to day 100</time_frame>
  </primary_outcome>
  <primary_outcome>
    <measure>Incidence of grade greater than or equal to 3 infusional toxicity</measure>
    <time_frame>By day 100</time_frame>
    <description>Toxicities will be graded using the National Cancer Institute Common Terminology Criteria for Adverse Events version 3.0.</description>
  </primary_outcome>
  <primary_outcome>
    <measure>Primary graft failure</measure>
    <time_frame>By day 42</time_frame>
    <description>Defined as failure to achieve ANC &gt;= 500/mm^3 of donor origin.</description>
  </primary_outcome>
  <primary_outcome>
    <measure>Secondary graft failure</measure>
    <time_frame>Up to 2 years</time_frame>
  </primary_outcome>
  <number_of_arms>1</number_of_arms>
  <enrollment type="Actual">15</enrollment>
  <condition>Accelerated Phase Chronic Myelogenous Leukemia</condition>
  <condition>Adult Acute Myeloid Leukemia in Remission</condition>
  <condition>Adult Acute Myeloid Leukemia With 11q23 (MLL) Abnormalities</condition>
  <condition>Adult Acute Myeloid Leukemia With Del(5q)</condition>
  <condition>Adult Acute Myeloid Leukemia With Inv(16)(p13;q22)</condition>
  <condition>Adult Acute Myeloid Leukemia With t(15;17)(q22;q12)</condition>
  <condition>Adult Acute Myeloid Leukemia With t(16;16)(p13;q22)</condition>
  <condition>Adult Acute Myeloid Leukemia With t(8;21)(q22;q22)</condition>
  <condition>Childhood Acute Lymphoblastic Leukemia in Remission</condition>
  <condition>Childhood Acute Myeloid Leukemia in Remission</condition>
  <condition>Childhood Chronic Myelogenous Leukemia</condition>
  <condition>Childhood Myelodysplastic Syndromes</condition>
  <condition>Chronic Phase Chronic Myelogenous Leukemia</condition>
  <condition>de Novo Myelodysplastic Syndromes</condition>
  <condition>Previously Treated Myelodysplastic Syndromes</condition>
  <condition>Refractory Anemia</condition>
  <condition>Refractory Anemia With Excess Blasts</condition>
  <condition>Refractory Anemia With Excess Blasts in Transformation</condition>
  <condition>Relapsing Chronic Myelogenous Leukemia</condition>
  <condition>Secondary Myelodysplastic Syndromes</condition>
  <arm_group>
    <arm_group_label>Treatment (chemo, radiation, transplant, GVHD prophylaxis)</arm_group_label>
    <arm_group_type>Experimental</arm_group_type>
    <description>Patients receive fludarabine phosphate IV over 1 hour on days -8 to -6 and cyclophosphamide IV on days -7 and -6. Patients undergo TBI twice daily on days -4 to -1. Patients undergo unmanipulated single- or double-unit umbilical cord blood transplantation on day 0 and receive ex vivo-expanded cord blood progenitor cells IV over 4 hours following the last unmanipulated cord blood infusion. Patients initially receive CSP IV over 1 hour beginning on day -3. CSP may be given PO when the patient can tolerate oral medications and has a normal gastrointestinal transit time. CSP is given until day 100, and may taper on day 101 if there is no graft versus host disease. Patients also receive MMF IV every 8 hours on days 0 to 7 and then may receive MMF PO beginning day 8 to 30. MMF is continued for a minimum of 30 days or until 7 days after blood counts recover whichever is later. If there is no evidence of acute GVHD and donor CD3 engraftment is at least 50% from one donor MMF may be tapered.</description>
  </arm_group>
  <intervention>
    <intervention_type>Procedure</intervention_type>
    <intervention_name>umbilical cord blood transplantation</intervention_name>
    <description>Undergo unmanipulated umbilical cord blood transplant</description>
    <arm_group_label>Treatment (chemo, radiation, transplant, GVHD prophylaxis)</arm_group_label>
    <other_name>cord blood transplantation</other_name>
    <other_name>transplantation, umbilical cord blood</other_name>
    <other_name>UCB transplantation</other_name>
  </intervention>
  <intervention>
    <intervention_type>Drug</intervention_type>
    <intervention_name>fludarabine phosphate</intervention_name>
    <description>Given IV</description>
    <arm_group_label>Treatment (chemo, radiation, transplant, GVHD prophylaxis)</arm_group_label>
    <other_name>2-F-ara-AMP</other_name>
    <other_name>Beneflur</other_name>
    <other_name>Fludara</other_name>
  </intervention>
  <intervention>
    <intervention_type>Drug</intervention_type>
    <intervention_name>cyclophosphamide</intervention_name>
    <description>Given IV</description>
    <arm_group_label>Treatment (chemo, radiation, transplant, GVHD prophylaxis)</arm_group_label>
    <other_name>CPM</other_name>
    <other_name>CTX</other_name>
    <other_name>Cytoxan</other_name>
    <other_name>Endoxan</other_name>
    <other_name>Endoxana</other_name>
  </intervention>
  <intervention>
    <intervention_type>Biological</intervention_type>
    <intervention_name>ex vivo-expanded cord blood progenitor cell infusion</intervention_name>
    <description>Undergo ex-vivo expanded cryopreserved cord blood progenitor cells</description>
    <arm_group_label>Treatment (chemo, radiation, transplant, GVHD prophylaxis)</arm_group_label>
    <other_name>Dilanubicel</other_name>
    <other_name>NLA101</other_name>
  </intervention>
  <intervention>
    <intervention_type>Radiation</intervention_type>
    <intervention_name>total-body irradiation</intervention_name>
    <description>Undergo TBI</description>
    <arm_group_label>Treatment (chemo, radiation, transplant, GVHD prophylaxis)</arm_group_label>
    <other_name>TBI</other_name>
  </intervention>
  <intervention>
    <intervention_type>Drug</intervention_type>
    <intervention_name>cyclosporine</intervention_name>
    <description>Given IV</description>
    <arm_group_label>Treatment (chemo, radiation, transplant, GVHD prophylaxis)</arm_group_label>
    <other_name>ciclosporin</other_name>
    <other_name>cyclosporin</other_name>
    <other_name>cyclosporin A</other_name>
    <other_name>CYSP</other_name>
    <other_name>Sandimmune</other_name>
  </intervention>
  <intervention>
    <intervention_type>Drug</intervention_type>
    <intervention_name>mycophenolate mofetil</intervention_name>
    <description>Given IV and PO</description>
    <arm_group_label>Treatment (chemo, radiation, transplant, GVHD prophylaxis)</arm_group_label>
    <other_name>Cellcept</other_name>
    <other_name>MMF</other_name>
  </intervention>
  <intervention>
    <intervention_type>Other</intervention_type>
    <intervention_name>laboratory biomarker analysis</intervention_name>
    <description>Correlative studies</description>
    <arm_group_label>Treatment (chemo, radiation, transplant, GVHD prophylaxis)</arm_group_label>
  </intervention>
  <eligibility>
    <criteria>
      <textblock>
        Inclusion Criteria:&#xD;
&#xD;
          -  Acute myeloid leukemia:&#xD;
&#xD;
               -  High risk complete response (CR)1 as evidenced by preceding myelodysplastic&#xD;
                  syndromes (MDS), high risk cytogenetics (for example, monosomy 5 or 7, or as&#xD;
                  defined by referring institution treatment protocol), &gt;= 2 cycles to obtain CR,&#xD;
                  erythroblastic or megakaryocytic leukemia; &gt;= CR2&#xD;
&#xD;
               -  All patients must be in CR as defined by hematologic recovery and &lt; 5% blasts by&#xD;
                  morphology within the bone marrow and a cellularity of &gt;= 15%&#xD;
&#xD;
               -  Patients in which adequate marrow/biopsy specimens cannot be obtained to&#xD;
                  determine remission status by morphologic assessment, but have fulfilled criteria&#xD;
                  of remission by flow cytometry, recovery of peripheral blood counts with no&#xD;
                  circulating blasts, and/or normal cytogenetics (if applicable) may still be&#xD;
                  eligible; reasonable attempts must be made to obtain an adequate specimen for&#xD;
                  morphologic assessment, including possible repeat procedures; these patients must&#xD;
                  be discussed with the Principal Investigator, Colleen Delaney prior to enrollment&#xD;
&#xD;
          -  Acute lymphoblastic leukemia:&#xD;
&#xD;
               -  High risk CR1 [for example, but not limited to: t(9;22), t(1;19), t(4;11) or&#xD;
                  other mixed lineage leukemia (MLL) rearrangements, hypodiploid]&#xD;
&#xD;
               -  Greater than 1 cycle to obtain CR&#xD;
&#xD;
               -  &gt;= CR2&#xD;
&#xD;
               -  All patients must be in CR as defined by hematologic recovery and &lt; 5% blasts by&#xD;
                  morphology within the bone marrow and a cellularity of &gt;= 15%&#xD;
&#xD;
               -  Patients in which adequate marrow/biopsy specimens cannot be obtained to&#xD;
                  determine remission status by morphologic assessment, but have fulfilled criteria&#xD;
                  of remission by flow cytometry, recovery of peripheral blood counts with no&#xD;
                  circulating blasts, and/or normal cytogenetics (if applicable) may still be&#xD;
                  eligible; reasonable attempts must be made to obtain an adequate specimen for&#xD;
                  morphologic assessment, including possible repeat procedures; these patients must&#xD;
                  be discussed with the Principal Investigator, Colleen Delaney prior to enrollment&#xD;
&#xD;
          -  Chronic myelogenous leukemia excluding refractory blast crisis; to be eligible in&#xD;
             first chronic phase (CP1) patient must have failed or be intolerant to imatinib&#xD;
             mesylate&#xD;
&#xD;
          -  Myelodysplasia (MDS) International Prognostic Scoring System (IPSS) intermediate 2&#xD;
             (Int-2) or high risk (i.e., refractory anemia with excess myeloblasts [RAEB],&#xD;
             refractory anemia with excess blasts in transformation [RAEB-T]) or refractory anemia&#xD;
             with severe pancytopenia or high risk cytogenetics; blasts must be &lt; 10% by a&#xD;
             representative bone marrow aspirate morphology&#xD;
&#xD;
          -  Karnofsky (&gt;= 16 years old) &gt;= 70%&#xD;
&#xD;
          -  Lansky (&lt; 16 years old) &gt;= 50%&#xD;
&#xD;
          -  Calculated creatinine clearance must be &gt; 60 mL and serum creatinine =&lt; 2 mg/dL&#xD;
             (adults)&#xD;
&#xD;
          -  Calculated creatinine clearance must be &gt; 60 mL/min (children &lt; 18 years old)&#xD;
&#xD;
          -  Total serum bilirubin must be &lt; 3 mg/dl&#xD;
&#xD;
          -  Transaminases must be &lt; 3 x the upper limit of normal&#xD;
&#xD;
          -  Diffusion capacity of the lung for carbon monoxide (DLCO) corrected &gt; 50% normal&#xD;
&#xD;
          -  For pediatric patients unable to perform pulmonary function tests, oxygen (O2)&#xD;
             saturation &gt; 92% on room air&#xD;
&#xD;
          -  Left ventricular ejection fraction &gt; 45% OR shortening fraction &gt; 26%&#xD;
&#xD;
          -  Ability to understand and the willingness to sign a written informed consent document&#xD;
&#xD;
        Exclusion Criteria:&#xD;
&#xD;
          -  Uncontrolled viral or bacterial infection at the time of study enrollment&#xD;
&#xD;
          -  Active or recent (prior 6 month) invasive fungal infection without infectious disease&#xD;
             (ID) consult and approval&#xD;
&#xD;
          -  History of human immunodeficiency virus (HIV) infection&#xD;
&#xD;
          -  Pregnant or breastfeeding&#xD;
&#xD;
          -  If =&lt; 18 years old, prior myeloablative transplant within the last 6 months&#xD;
&#xD;
          -  If &gt; 18 years old prior myeloablative allotransplant or autologous transplant&#xD;
&#xD;
          -  Extensive prior therapy including &gt; 12 months alkylator therapy or &gt; 6 months&#xD;
             alkylator therapy with extensive radiation&#xD;
      </textblock>
    </criteria>
    <gender>All</gender>
    <minimum_age>6 Months</minimum_age>
    <maximum_age>45 Years</maximum_age>
    <healthy_volunteers>No</healthy_volunteers>
  </eligibility>
  <overall_official>
    <last_name>Colleen Delaney</last_name>
    <role>Principal Investigator</role>
    <affiliation>Fred Hutchinson Cancer Research Center/University of Washington Cancer Consortium</affiliation>
  </overall_official>
  <location>
    <facility>
      <name>Fred Hutchinson Cancer Research Center/University of Washington Cancer Consortium</name>
      <address>
        <city>Seattle</city>
        <state>Washington</state>
        <zip>98109</zip>
        <country>United States</country>
      </address>
    </facility>
  </location>
  <location_countries>
    <country>United States</country>
  </location_countries>
  <verification_date>February 2019</verification_date>
  <study_first_submitted>August 3, 2010</study_first_submitted>
  <study_first_submitted_qc>August 4, 2010</study_first_submitted_qc>
  <study_first_posted type="Estimate">August 5, 2010</study_first_posted>
  <disposition_first_submitted>April 5, 2017</disposition_first_submitted>
  <disposition_first_submitted_qc>April 5, 2017</disposition_first_submitted_qc>
  <disposition_first_posted type="Actual">April 6, 2017</disposition_first_posted>
  <last_update_submitted>February 27, 2019</last_update_submitted>
  <last_update_submitted_qc>February 27, 2019</last_update_submitted_qc>
  <last_update_posted type="Actual">March 5, 2019</last_update_posted>
  <responsible_party>
    <responsible_party_type>Sponsor</responsible_party_type>
  </responsible_party>
  <condition_browse>
    <!-- CAUTION:  The following MeSH terms are assigned with an imperfect algorithm            -->
    <mesh_term>Leukemia</mesh_term>
    <mesh_term>Leukemia, Myeloid</mesh_term>
    <mesh_term>Leukemia, Myeloid, Acute</mesh_term>
    <mesh_term>Preleukemia</mesh_term>
    <mesh_term>Precursor Cell Lymphoblastic Leukemia-Lymphoma</mesh_term>
    <mesh_term>Leukemia, Myelogenous, Chronic, BCR-ABL Positive</mesh_term>
    <mesh_term>Hematologic Neoplasms</mesh_term>
    <mesh_term>Leukemia, Myeloid, Chronic-Phase</mesh_term>
    <mesh_term>Leukemia, Myeloid, Accelerated Phase</mesh_term>
    <mesh_term>Anemia</mesh_term>
    <mesh_term>Myelodysplastic Syndromes</mesh_term>
    <mesh_term>Anemia, Refractory</mesh_term>
    <mesh_term>Anemia, Refractory, with Excess of Blasts</mesh_term>
    <mesh_term>Syndrome</mesh_term>
  </condition_browse>
  <intervention_browse>
    <!-- CAUTION:  The following MeSH terms are assigned with an imperfect algorithm            -->
    <mesh_term>Cyclosporine</mesh_term>
    <mesh_term>Mycophenolic Acid</mesh_term>
    <mesh_term>Cyclophosphamide</mesh_term>
    <mesh_term>Fludarabine</mesh_term>
    <mesh_term>Fludarabine phosphate</mesh_term>
    <mesh_term>Cyclosporins</mesh_term>
  </intervention_browse>
  <!-- Results have not yet been posted, but a results disposition has been submitted           -->
</clinical_study>

