<?xml version="1.0" encoding="UTF-8"?>
<clinical_study rank="142">
  <!-- This xml conforms to an XML Schema at:
    https://clinicaltrials.gov/ct2/html/images/info/public.xsd -->
  <required_header>
    <download_date>ClinicalTrials.gov processed this data on May 11, 2021</download_date>
    <link_text>Link to the current ClinicalTrials.gov record.</link_text>
    <url>https://clinicaltrials.gov/show/NCT00002502</url>
  </required_header>
  <id_info>
    <org_study_id>92-103</org_study_id>
    <secondary_id>CDR0000077927</secondary_id>
    <secondary_id>NCI-H92-0143</secondary_id>
    <nct_id>NCT00002502</nct_id>
  </id_info>
  <brief_title>Combination Chemotherapy and Bone Marrow Transplantation in Treating Patients With Leukemia or Myelodysplastic Syndrome</brief_title>
  <official_title>BUSULFAN AND CYCLOPHOSPHAMIDE FOR CYTOREDUCTION OF PATIENTS WITH ACUTE AND CHRONIC LEUKEMIAS AND MYELODYSPLASTIC SYNDROMES UNDERGOING ALLOGENEIC BONE MARROW TRANSPLANTATION WHO CANNOT BE TREATED WITH TOTAL BODY IRRADIATION</official_title>
  <sponsors>
    <lead_sponsor>
      <agency>Memorial Sloan Kettering Cancer Center</agency>
      <agency_class>Other</agency_class>
    </lead_sponsor>
    <collaborator>
      <agency>National Cancer Institute (NCI)</agency>
      <agency_class>NIH</agency_class>
    </collaborator>
  </sponsors>
  <source>Memorial Sloan Kettering Cancer Center</source>
  <brief_summary>
    <textblock>
      RATIONALE: Drugs used in chemotherapy use different ways to stop cancer cells from dividing&#xD;
      so they stop growing or die. Combining chemotherapy with bone marrow transplantation may&#xD;
      allow the doctor to give higher doses of chemotherapy drugs and kill more cancer cells.&#xD;
&#xD;
      PURPOSE: Phase II trial to study the effectiveness of combination chemotherapy consisting of&#xD;
      busulfan and cyclophosphamide followed by bone marrow transplantation in treating patients&#xD;
      who have acute or chronic leukemia or myelodysplastic syndrome.&#xD;
    </textblock>
  </brief_summary>
  <detailed_description>
    <textblock>
      OBJECTIVES: I. Determine the effect of marrow ablation with high dose&#xD;
      busulfan/cyclophosphamide on engraftment, incidence of posttransplant relapse, incidence and&#xD;
      severity of graft versus host disease (GVHD), and incidence and severity of nonGVHD&#xD;
      posttransplant complications in patients with acute or chronic leukemia or myelodysplastic&#xD;
      syndrome who are eligible for allogeneic bone marrow transplants from HLA&#xD;
      identical/compatible donors but who cannot or should not receive total body irradiation as&#xD;
      part of their cytoreductive regimen.&#xD;
&#xD;
      OUTLINE: 2-Drug Combination Cytoreductive Chemotherapy followed by Bone Marrow Transplant&#xD;
      with, as indicated, CNS Prophylaxis. Busulfan, BU, NSC-750; Cyclophosphamide, CTX, NSC-26271;&#xD;
      followed by Allogeneic Bone Marrow, AlBM; with, as indicated, Intrathecal Cytarabine, IT&#xD;
      ARA-C, NSC-63878.&#xD;
&#xD;
      PROJECTED ACCRUAL: At least 15 patients will be accrued for this study.&#xD;
    </textblock>
  </detailed_description>
  <overall_status>Completed</overall_status>
  <start_date>July 1992</start_date>
  <completion_date type="Actual">May 2000</completion_date>
  <primary_completion_date type="Actual">May 2000</primary_completion_date>
  <phase>Phase 2</phase>
  <study_type>Interventional</study_type>
  <has_expanded_access>No</has_expanded_access>
  <study_design_info>
    <primary_purpose>Treatment</primary_purpose>
  </study_design_info>
  <condition>Leukemia</condition>
  <condition>Lymphoma</condition>
  <condition>Multiple Myeloma and Plasma Cell Neoplasm</condition>
  <condition>Myelodysplastic Syndromes</condition>
  <intervention>
    <intervention_type>Drug</intervention_type>
    <intervention_name>busulfan</intervention_name>
  </intervention>
  <intervention>
    <intervention_type>Drug</intervention_type>
    <intervention_name>cyclophosphamide</intervention_name>
  </intervention>
  <intervention>
    <intervention_type>Drug</intervention_type>
    <intervention_name>cytarabine</intervention_name>
  </intervention>
  <intervention>
    <intervention_type>Procedure</intervention_type>
    <intervention_name>allogeneic bone marrow transplantation</intervention_name>
  </intervention>
  <eligibility>
    <criteria>
      <textblock>
        DISEASE CHARACTERISTICS: Primary or secondary acute nonlymphocytic leukemia and acute&#xD;
        lymphocytic leukemia in one of the following states: First or greater remission Early&#xD;
        relapse Chronic myelogenous leukemia (CML) in one of the following states: First or greater&#xD;
        chronic phase Treatment on this protocol is preferred to total body irradiation containing&#xD;
        protocols for patients under 40 with CML in stable first chronic phase who are otherwise&#xD;
        eligible for allogeneic bone marrow transplantation Accelerated phase Myeloid or lymphoid&#xD;
        blast crisis Myelodysplastic syndromes of the following types: Refractory anemia Refractory&#xD;
        anemia with ringed sideroblasts Refractory anemia with excess blasts Chronic myelomonocytic&#xD;
        leukemia Multiple myeloma Non-Hodgkin's lymphoma HLA identical bone marrow donor available&#xD;
        Unable to undergo total body irradiation because of one of the following reasons: Under age&#xD;
        2 (CNS still growing and at high risk of permanent radiation injury) Prior high dose&#xD;
        radiotherapy to the brain, lungs, heart, liver, or abdomen In relapse following allogeneic&#xD;
        or autologous transplant using total body irradiation for ablation, but eligible for a&#xD;
        second transplant No current CNS involvement&#xD;
&#xD;
        PATIENT CHARACTERISTICS: Age: 50 and under (patients aged 51-55 accrued on a case-by-case&#xD;
        basis after discussion and approval by the BMT service) Performance status: Karnofsky&#xD;
        70-100% Life expectancy: Greater than 8 weeks Hematopoietic: Not specified Hepatic:&#xD;
        Bilirubin less than 1.5 mg/dL AST no greater than 3 times normal Neither value increasing&#xD;
        for at least 2-4 weeks prior to transplant Renal: Creatinine less than 2 times normal and&#xD;
        not rising for at least 2-4 weeks prior to transplant OR Creatinine clearance greater than&#xD;
        80 mL/min Cardiovascular: Left ventricular ejection fraction at least 50% Cardiac function&#xD;
        good Pulmonary: No severe restrictive lung disease No chronic obstructive pulmonary disease&#xD;
        Other: No active viral or bacterial infection at transplant No coexisting medical problem&#xD;
        that would significantly increase the risk of the transplant procedure Not pregnant&#xD;
&#xD;
        PRIOR CONCURRENT THERAPY: Prior therapy allowed, including prior bone marrow transplant&#xD;
      </textblock>
    </criteria>
    <gender>All</gender>
    <minimum_age>N/A</minimum_age>
    <maximum_age>55 Years</maximum_age>
    <healthy_volunteers>No</healthy_volunteers>
  </eligibility>
  <overall_official>
    <last_name>Esperanza B. Papadopoulos, MD</last_name>
    <role>Study Chair</role>
    <affiliation>Memorial Sloan Kettering Cancer Center</affiliation>
  </overall_official>
  <location>
    <facility>
      <name>Memorial Sloan-Kettering Cancer Center</name>
      <address>
        <city>New York</city>
        <state>New York</state>
        <zip>10021</zip>
        <country>United States</country>
      </address>
    </facility>
  </location>
  <location_countries>
    <country>United States</country>
  </location_countries>
  <verification_date>June 2013</verification_date>
  <study_first_submitted>November 1, 1999</study_first_submitted>
  <study_first_submitted_qc>July 16, 2004</study_first_submitted_qc>
  <study_first_posted type="Estimate">July 19, 2004</study_first_posted>
  <last_update_submitted>June 26, 2013</last_update_submitted>
  <last_update_submitted_qc>June 26, 2013</last_update_submitted_qc>
  <last_update_posted type="Estimate">June 27, 2013</last_update_posted>
  <keyword>stage I adult Hodgkin lymphoma</keyword>
  <keyword>stage II adult Hodgkin lymphoma</keyword>
  <keyword>stage III adult Hodgkin lymphoma</keyword>
  <keyword>stage IV adult Hodgkin lymphoma</keyword>
  <keyword>recurrent childhood acute lymphoblastic leukemia</keyword>
  <keyword>recurrent adult Hodgkin lymphoma</keyword>
  <keyword>stage I cutaneous T-cell non-Hodgkin lymphoma</keyword>
  <keyword>stage II cutaneous T-cell non-Hodgkin lymphoma</keyword>
  <keyword>stage III cutaneous T-cell non-Hodgkin lymphoma</keyword>
  <keyword>stage IV cutaneous T-cell non-Hodgkin lymphoma</keyword>
  <keyword>recurrent cutaneous T-cell non-Hodgkin lymphoma</keyword>
  <keyword>childhood Burkitt lymphoma</keyword>
  <keyword>refractory multiple myeloma</keyword>
  <keyword>Waldenström macroglobulinemia</keyword>
  <keyword>stage I multiple myeloma</keyword>
  <keyword>stage II multiple myeloma</keyword>
  <keyword>stage III multiple myeloma</keyword>
  <keyword>stage I childhood lymphoblastic lymphoma</keyword>
  <keyword>stage II childhood lymphoblastic lymphoma</keyword>
  <keyword>stage III childhood lymphoblastic lymphoma</keyword>
  <keyword>stage IV childhood lymphoblastic lymphoma</keyword>
  <keyword>recurrent childhood lymphoblastic lymphoma</keyword>
  <keyword>recurrent childhood acute myeloid leukemia</keyword>
  <keyword>recurrent adult acute myeloid leukemia</keyword>
  <keyword>recurrent adult acute lymphoblastic leukemia</keyword>
  <keyword>childhood diffuse large cell lymphoma</keyword>
  <keyword>childhood immunoblastic large cell lymphoma</keyword>
  <keyword>chronic phase chronic myelogenous leukemia</keyword>
  <keyword>accelerated phase chronic myelogenous leukemia</keyword>
  <keyword>blastic phase chronic myelogenous leukemia</keyword>
  <keyword>adult acute myeloid leukemia in remission</keyword>
  <keyword>adult acute lymphoblastic leukemia in remission</keyword>
  <keyword>childhood acute myeloid leukemia in remission</keyword>
  <keyword>childhood acute lymphoblastic leukemia in remission</keyword>
  <keyword>stage II childhood Hodgkin lymphoma</keyword>
  <keyword>stage I childhood Hodgkin lymphoma</keyword>
  <keyword>stage III childhood Hodgkin lymphoma</keyword>
  <keyword>stage IV childhood Hodgkin lymphoma</keyword>
  <keyword>recurrent/refractory childhood Hodgkin lymphoma</keyword>
  <keyword>stage I grade 1 follicular lymphoma</keyword>
  <keyword>stage I grade 2 follicular lymphoma</keyword>
  <keyword>stage I grade 3 follicular lymphoma</keyword>
  <keyword>stage I adult diffuse small cleaved cell lymphoma</keyword>
  <keyword>stage I adult diffuse mixed cell lymphoma</keyword>
  <keyword>stage I adult diffuse large cell lymphoma</keyword>
  <keyword>stage I adult immunoblastic large cell lymphoma</keyword>
  <keyword>stage I adult lymphoblastic lymphoma</keyword>
  <keyword>stage I adult Burkitt lymphoma</keyword>
  <keyword>refractory anemia</keyword>
  <keyword>refractory anemia with ringed sideroblasts</keyword>
  <keyword>refractory anemia with excess blasts</keyword>
  <keyword>chronic myelomonocytic leukemia</keyword>
  <keyword>stage III grade 1 follicular lymphoma</keyword>
  <keyword>stage III grade 2 follicular lymphoma</keyword>
  <keyword>stage III grade 3 follicular lymphoma</keyword>
  <keyword>stage III adult diffuse small cleaved cell lymphoma</keyword>
  <keyword>stage III adult diffuse mixed cell lymphoma</keyword>
  <keyword>stage III adult diffuse large cell lymphoma</keyword>
  <keyword>stage III adult immunoblastic large cell lymphoma</keyword>
  <keyword>stage III adult lymphoblastic lymphoma</keyword>
  <keyword>stage III adult Burkitt lymphoma</keyword>
  <keyword>stage IV grade 1 follicular lymphoma</keyword>
  <keyword>stage IV grade 2 follicular lymphoma</keyword>
  <keyword>stage IV grade 3 follicular lymphoma</keyword>
  <keyword>stage IV adult diffuse small cleaved cell lymphoma</keyword>
  <keyword>stage IV adult diffuse mixed cell lymphoma</keyword>
  <keyword>stage IV adult diffuse large cell lymphoma</keyword>
  <keyword>stage IV adult immunoblastic large cell lymphoma</keyword>
  <keyword>stage IV adult lymphoblastic lymphoma</keyword>
  <keyword>stage IV adult Burkitt lymphoma</keyword>
  <keyword>recurrent grade 1 follicular lymphoma</keyword>
  <keyword>recurrent grade 2 follicular lymphoma</keyword>
  <keyword>recurrent grade 3 follicular lymphoma</keyword>
  <keyword>recurrent adult diffuse small cleaved cell lymphoma</keyword>
  <keyword>recurrent adult diffuse mixed cell lymphoma</keyword>
  <keyword>recurrent adult diffuse large cell lymphoma</keyword>
  <keyword>recurrent adult immunoblastic large cell lymphoma</keyword>
  <keyword>recurrent adult lymphoblastic lymphoma</keyword>
  <keyword>recurrent adult Burkitt lymphoma</keyword>
  <keyword>secondary acute myeloid leukemia</keyword>
  <keyword>de novo myelodysplastic syndromes</keyword>
  <keyword>previously treated myelodysplastic syndromes</keyword>
  <keyword>secondary myelodysplastic syndromes</keyword>
  <keyword>intraocular lymphoma</keyword>
  <keyword>stage I childhood small noncleaved cell lymphoma</keyword>
  <keyword>stage I childhood large cell lymphoma</keyword>
  <keyword>stage II childhood small noncleaved cell lymphoma</keyword>
  <keyword>stage II childhood large cell lymphoma</keyword>
  <keyword>stage III childhood small noncleaved cell lymphoma</keyword>
  <keyword>stage III childhood large cell lymphoma</keyword>
  <keyword>stage IV childhood small noncleaved cell lymphoma</keyword>
  <keyword>stage IV childhood large cell lymphoma</keyword>
  <keyword>recurrent childhood small noncleaved cell lymphoma</keyword>
  <keyword>recurrent childhood large cell lymphoma</keyword>
  <keyword>stage I mantle cell lymphoma</keyword>
  <keyword>contiguous stage II grade 1 follicular lymphoma</keyword>
  <keyword>contiguous stage II grade 2 follicular lymphoma</keyword>
  <keyword>contiguous stage II grade 3 follicular lymphoma</keyword>
  <keyword>contiguous stage II adult diffuse small cleaved cell lymphoma</keyword>
  <keyword>contiguous stage II mantle cell lymphoma</keyword>
  <keyword>contiguous stage II adult diffuse mixed cell lymphoma</keyword>
  <keyword>contiguous stage II adult immunoblastic large cell lymphoma</keyword>
  <keyword>contiguous stage II adult diffuse large cell lymphoma</keyword>
  <keyword>contiguous stage II adult Burkitt lymphoma</keyword>
  <keyword>contiguous stage II adult lymphoblastic lymphoma</keyword>
  <keyword>noncontiguous stage II grade 1 follicular lymphoma</keyword>
  <keyword>noncontiguous stage II grade 2 follicular lymphoma</keyword>
  <keyword>noncontiguous stage II grade 3 follicular lymphoma</keyword>
  <keyword>noncontiguous stage II adult diffuse small cleaved cell lymphoma</keyword>
  <keyword>noncontiguous stage II mantle cell lymphoma</keyword>
  <keyword>noncontiguous stage II adult diffuse mixed cell lymphoma</keyword>
  <keyword>noncontiguous stage II adult immunoblastic large cell lymphoma</keyword>
  <keyword>noncontiguous stage II adult diffuse large cell lymphoma</keyword>
  <keyword>noncontiguous stage II adult Burkitt lymphoma</keyword>
  <keyword>noncontiguous stage II adult lymphoblastic lymphoma</keyword>
  <keyword>stage III mantle cell lymphoma</keyword>
  <keyword>stage IV mantle cell lymphoma</keyword>
  <keyword>recurrent mantle cell lymphoma</keyword>
  <keyword>angioimmunoblastic T-cell lymphoma</keyword>
  <keyword>anaplastic large cell lymphoma</keyword>
  <keyword>noncontiguous stage II small lymphocytic lymphoma</keyword>
  <keyword>noncontiguous stage II marginal zone lymphoma</keyword>
  <keyword>recurrent marginal zone lymphoma</keyword>
  <keyword>recurrent small lymphocytic lymphoma</keyword>
  <keyword>stage I marginal zone lymphoma</keyword>
  <keyword>stage I small lymphocytic lymphoma</keyword>
  <keyword>stage III small lymphocytic lymphoma</keyword>
  <keyword>stage III marginal zone lymphoma</keyword>
  <keyword>stage IV small lymphocytic lymphoma</keyword>
  <keyword>stage IV marginal zone lymphoma</keyword>
  <keyword>contiguous stage II marginal zone lymphoma</keyword>
  <keyword>contiguous stage II small lymphocytic lymphoma</keyword>
  <keyword>extranodal marginal zone B-cell lymphoma of mucosa-associated lymphoid tissue</keyword>
  <keyword>nodal marginal zone B-cell lymphoma</keyword>
  <keyword>splenic marginal zone lymphoma</keyword>
  <keyword>childhood myelodysplastic syndromes</keyword>
  <condition_browse>
    <!-- CAUTION:  The following MeSH terms are assigned with an imperfect algorithm            -->
    <mesh_term>Lymphoma</mesh_term>
    <mesh_term>Leukemia</mesh_term>
    <mesh_term>Multiple Myeloma</mesh_term>
    <mesh_term>Neoplasms, Plasma Cell</mesh_term>
    <mesh_term>Preleukemia</mesh_term>
    <mesh_term>Myelodysplastic Syndromes</mesh_term>
    <mesh_term>Syndrome</mesh_term>
  </condition_browse>
  <intervention_browse>
    <!-- CAUTION:  The following MeSH terms are assigned with an imperfect algorithm            -->
    <mesh_term>Cytarabine</mesh_term>
    <mesh_term>Cyclophosphamide</mesh_term>
    <mesh_term>Busulfan</mesh_term>
  </intervention_browse>
  <!-- Results have not yet been posted for this study                                          -->
</clinical_study>

