<?xml version="1.0" encoding="UTF-8"?>
<clinical_study rank="167">
  <!-- This xml conforms to an XML Schema at:
    https://clinicaltrials.gov/ct2/html/images/info/public.xsd -->
  <required_header>
    <download_date>ClinicalTrials.gov processed this data on May 11, 2021</download_date>
    <link_text>Link to the current ClinicalTrials.gov record.</link_text>
    <url>https://clinicaltrials.gov/show/NCT00526292</url>
  </required_header>
  <id_info>
    <org_study_id>07-035</org_study_id>
    <secondary_id>FD-R-004128</secondary_id>
    <nct_id>NCT00526292</nct_id>
  </id_info>
  <brief_title>Chemotherapy and a Donor Natural Killer Cell Infusion in Treating Patients With Relapsed or Persistent Leukemia or Myelodysplastic Syndrome After a Donor Stem Cell Transplant</brief_title>
  <official_title>Phase II Trial of HLA Haploidentical Natural Killer Cell Infusion for Treatment of Relapsed or Persistent Leukemia Following Allogeneic Hematopoietic Stem Cell Transplant</official_title>
  <sponsors>
    <lead_sponsor>
      <agency>Memorial Sloan Kettering Cancer Center</agency>
      <agency_class>Other</agency_class>
    </lead_sponsor>
    <collaborator>
      <agency>National Cancer Institute (NCI)</agency>
      <agency_class>NIH</agency_class>
    </collaborator>
  </sponsors>
  <source>Memorial Sloan Kettering Cancer Center</source>
  <brief_summary>
    <textblock>
      The goal of this study is to see if there is a benefit to giving chemotherapy and then&#xD;
      natural killer (NK) cells. The NK cells must come from a family member who shares half of the&#xD;
      patients HLA proteins. NK cells are a type of white blood cell. They can recognize and kill&#xD;
      abnormal cells in the body.&#xD;
&#xD;
      Patients whose blood cancer is not cured with a stem cell transplant do not have standard&#xD;
      treatment options. Studies have shown that NK cells from a donor can be given safely and can&#xD;
      be helpful in treating some blood diseases. These NK cells are collected from the patients&#xD;
      donor and purified using a separation system called CliniMACS that has been used safely in&#xD;
      previous studies and is used in this study with the approval of the Federal Food and Drug&#xD;
      Administration. The researchers want to find out what effects the NK cells will have on blood&#xD;
      cancer and bone marrow function and how to maximize its benefits in treating blood cancers.&#xD;
      The researchers hope that giving chemotherapy and then NK cells will be a better treatment&#xD;
      for the disease than the current available treatment options.&#xD;
&#xD;
      Funding Source - Food and Drug Administration/Office of Orphan Products Development&#xD;
    </textblock>
  </brief_summary>
  <detailed_description>
    <textblock>
      OBJECTIVES:&#xD;
&#xD;
      Primary&#xD;
&#xD;
        -  Determine the anti-leukemic efficacy of allogeneic HLA-haploidentical related natural&#xD;
           killer (NK) cell infusion following a cytoreductive regimen with cyclophosphamide and&#xD;
           fludarabine in patients with acute myeloid leukemia (AML), myelodysplastic syndromes&#xD;
           (MDS), or blastic CML who have relapsed following allogeneic hematopoietic stem cell&#xD;
           transplant, where efficacy is defined as the achievement of complete or partial&#xD;
           remission at one year following NK cell infusion.&#xD;
&#xD;
      Secondary&#xD;
&#xD;
        -  To assess treatment efficacy, as defined by achievement of complete or partial&#xD;
           remission, at 3 and 6 months following HLA-haploidentical related NK cell infusion.&#xD;
&#xD;
        -  To assess the effects of an HLA-haploidentical related NK cell infusion on the sustained&#xD;
           engraftment and recovery of an HLA-matched stem cell allograft.&#xD;
&#xD;
        -  To assess the risk of inducing graft-vs-host disease (GVHD) or altering its severity.&#xD;
&#xD;
        -  To provide preliminary evidence that specific donor KIR-recipient HLA ligand&#xD;
           combinations relating to missing self-MHC class I ligand or missing class I ligand are&#xD;
           associated with higher NK alloreactivity and improved outcome.&#xD;
&#xD;
        -  To monitor the extent and duration of NK cell donor chimerism.&#xD;
&#xD;
        -  To monitor NK cell reconstitution through NK receptor cell surface phenotyping&#xD;
           (CD94/NKG2A, ILT-2, KIR expression) and function (intracellular IFN-γ, cytotoxicity) on&#xD;
           day 15, 30, 60, 100, and 200 following the NK infusion and to correlate with outcome.&#xD;
&#xD;
        -  To correlate the magnitude of NK effect with disease and known survival risk factors&#xD;
           (time from allogeneic HSCT to relapse; &lt; 6 months vs &gt; 6 months).&#xD;
    </textblock>
  </detailed_description>
  <overall_status>Completed</overall_status>
  <start_date>August 2007</start_date>
  <completion_date type="Actual">July 2015</completion_date>
  <primary_completion_date type="Actual">July 2015</primary_completion_date>
  <phase>Phase 2</phase>
  <study_type>Interventional</study_type>
  <has_expanded_access>No</has_expanded_access>
  <study_design_info>
    <allocation>N/A</allocation>
    <intervention_model>Single Group Assignment</intervention_model>
    <primary_purpose>Treatment</primary_purpose>
    <masking>None (Open Label)</masking>
  </study_design_info>
  <primary_outcome>
    <measure>Treatment Efficacy as Defined by Complete or Partial Remission</measure>
    <time_frame>3 Months following treatment</time_frame>
  </primary_outcome>
  <number_of_arms>1</number_of_arms>
  <enrollment type="Actual">12</enrollment>
  <condition>Leukemia</condition>
  <condition>Myelodysplastic Syndromes</condition>
  <arm_group>
    <arm_group_label>natural killer (NK) cells with salvage chemotherapy</arm_group_label>
    <arm_group_type>Experimental</arm_group_type>
    <description>This is a Phase II study, designed to determine the efficacy of natural killer (NK) cells isolated from HLA-haploidentical related donors when infused following a salvage chemotherapy regimen into patients who have relapsed or persistent leukemia following an allogeneic HLA-compatible HSCT and who are ineligible for a second HSCT.</description>
  </arm_group>
  <intervention>
    <intervention_type>Biological</intervention_type>
    <intervention_name>natural killer cell therapy</intervention_name>
    <description>The patient must be admitted by Day -8 to the Bone Marrow Transplant Service. On Day 0, patients will receive a single dose of allogeneic NK cells isolated from a HLA-haploidentical related donor and will be monitored for hematopoietic recovery.</description>
    <arm_group_label>natural killer (NK) cells with salvage chemotherapy</arm_group_label>
  </intervention>
  <intervention>
    <intervention_type>Drug</intervention_type>
    <intervention_name>cyclophosphamide</intervention_name>
    <description>Day -6 cyclophosphamide 60mg/kg infused over 1 hour (dose adjusted for body weight) for 2 days</description>
    <arm_group_label>natural killer (NK) cells with salvage chemotherapy</arm_group_label>
  </intervention>
  <intervention>
    <intervention_type>Drug</intervention_type>
    <intervention_name>fludarabine</intervention_name>
    <description>Day -5 fludarabine 25mg/m2 CIV for 5 days</description>
    <arm_group_label>natural killer (NK) cells with salvage chemotherapy</arm_group_label>
  </intervention>
  <eligibility>
    <criteria>
      <textblock>
        Subject Inclusion Criteria:&#xD;
&#xD;
        Diagnosis and Status&#xD;
&#xD;
          -  Patients with a pathologically confirmed diagnosis of relapsed or persistent resistant&#xD;
             AML, MDS, or blastic CML following HSCT and who have been deemed ineligible for second&#xD;
             HSCT after consideration of adequacy of their physical function, extent of disease,&#xD;
             and prior treatment-related toxicities.&#xD;
&#xD;
        Eligible patients have evidence of disease with ≥5% bone marrow involvement detected by&#xD;
        morphology or abnormal cytogenetics (by karyotype or FISH). Patients with molecular&#xD;
        detection of markers characteristic of the patient's disease from two consecutive bone&#xD;
        marrow biopsies are also eligible. Following diagnosis of relapsed disease, treatment to&#xD;
        reduce leukemic burden is allowed prior to protocol therapy without the need for additional&#xD;
        disease documentation prior to cyclophosphamide and fludarabine.&#xD;
&#xD;
          -  Patients with extramedullary relapse are eligible except for those with CNS&#xD;
             involvement.&#xD;
&#xD;
          -  Patients must have received an allogeneic HSCT.&#xD;
&#xD;
          -  Patient must not be pregnant and must be using adequate form of birth control.&#xD;
&#xD;
          -  Patients must have a Karnofsky (adult) or Lansky (pediatric) Performance Status ≥ 60%.&#xD;
&#xD;
          -  Hospitalization does not preclude enrollment, as long as the patient's performance&#xD;
             status is ≥ 60% according to the KPS grading scale.&#xD;
&#xD;
          -  Patients must have adequate physical function measured by :&#xD;
&#xD;
        Cardiac: asymptomatic and LVEF at rest must be &gt; 50%. Hepatic: &lt; 2x ULN ALT and &lt; 1.5 total&#xD;
        serum bilirubin, unless liver is involved with disease, there is congenital benign&#xD;
        hyperbilirubinemia, or other reversible causes of hepatic abnormalities are documented.&#xD;
&#xD;
        Renal: serum creatinine &lt;1.5 mg/dl or if serum creatinine is outside the normal range, then&#xD;
        CrCl &gt; 50 ml/min Pulmonary: Patient cannot be oxygen-dependent.&#xD;
&#xD;
          -  Patients with documented GVHD are not excluded from this trial, but either must not&#xD;
             have used systemic immunosuppression for two weeks, or during immunosuppression taper&#xD;
             have documented two subtherapeutic levels at least one week apart. Immunosuppressive&#xD;
             agents include but are not limited to systemic steroids, calcineurin inhibitors,&#xD;
             MTOR-inhibitors, Budesonide, anti-thymocyte globulin. The maximal allowable dose of&#xD;
             corticosteroids is the equivalent of 10 mg/day prednisone.&#xD;
&#xD;
          -  Patients with grade I/II acute GVHD or limited chronic GVHD and receiving localized&#xD;
             GVHD therapy (e.g. topical steroids) are not excluded from this trial.&#xD;
&#xD;
          -  Patients having received previous adoptive cellular therapy such as donor lymphocyte&#xD;
             infusion (DLI) are not excluded from this trial as long as their disease has been&#xD;
             documented to progress within two months of receiving DLI or if the patient has not&#xD;
             received DLI within two months of NK cell infusion.&#xD;
&#xD;
          -  Patients who have received cytoreductive therapy following documentation of relapse&#xD;
             and prior to enrollment are not excluded from this trial. The interval between&#xD;
             standard reinduction chemotherapy and start of protocol chemotherapy should be a&#xD;
             minimum of 2 weeks, and all induction chemotherapy-related toxicities should be&#xD;
             documented to be completely resolved. For patients receiving nonintensive&#xD;
             chemotherapies such as hydroxyurea or low-dose cytarabine, nonintensive chemotherapies&#xD;
             should be discontinued upon initiation of protocol chemotherapy.&#xD;
&#xD;
          -  Each patient must be willing to participate as a research subject and must sign an&#xD;
             informed consent form. Parents or legal guardians of patients who are minors may sign&#xD;
             the informed consent form&#xD;
&#xD;
          -  Patients must have an eligible NK donor.&#xD;
&#xD;
          -  There are no age restrictions to this protocol.&#xD;
&#xD;
        NK Cell Donor Eligibility&#xD;
&#xD;
          -  Donor is blood-related and HLA-haploidentical to the recipient.&#xD;
&#xD;
          -  Donor has undergone serologic testing for transmissible diseases as per blood banking&#xD;
             guidelines for organ and tissue donors. Tests include but are not limited to: HepBsAg,&#xD;
             HepBsAb, HepBcAb, HepC antibody, HIV, HTLV I and II, VZV, CMV and VDRL, and West Nile&#xD;
             Virus . Donor must have normal negative test results for HIV, HTLV I and II, and West&#xD;
             Nile Virus. Donor exposure to other viral pathogens will be discussed on a&#xD;
             case-by-case basis by the Transplant team.&#xD;
&#xD;
          -  Donor has a CXR and EKG performed.&#xD;
&#xD;
          -  Donor must be able to undergo leukopheresis for total volume of 10-15 liters.&#xD;
&#xD;
          -  Donor is not pregnant.&#xD;
&#xD;
          -  Donor does not have concurrent malignancy or autoimmune disease.&#xD;
&#xD;
          -  There is no age restriction for the donor.&#xD;
&#xD;
        Subject Exclusion Criteria:&#xD;
&#xD;
          -  Patients on systemic immunosuppression with therapeutic drug levels. Patients whose&#xD;
             immunosuppression is being actively tapered and have documentation of subtherapeutic&#xD;
             drug levels one week apart are not excluded from enrollment. For patients receiving&#xD;
             corticosteroids, the maximal allowable dose of corticosteroids is the equivalent of 10&#xD;
             mg/day prednisone.&#xD;
&#xD;
          -  Patients with untreated or uncontrolled active infection. Infections that are&#xD;
             controlled or being appropriately treated does not exclude a patient from enrollment.&#xD;
&#xD;
        NK Cell Donor Exclusion&#xD;
&#xD;
          -  Donor has cardiac risk factors precluding ability to undergo leukopheresis.&#xD;
&#xD;
          -  Donor has evidence of concurrent malignancy or autoimmune disease.&#xD;
&#xD;
          -  Donor is pregnant.&#xD;
      </textblock>
    </criteria>
    <gender>All</gender>
    <minimum_age>N/A</minimum_age>
    <maximum_age>120 Years</maximum_age>
    <healthy_volunteers>No</healthy_volunteers>
  </eligibility>
  <overall_official>
    <last_name>Katherine Hsu, MD, PhD</last_name>
    <role>Principal Investigator</role>
    <affiliation>Memorial Sloan Kettering Cancer Center</affiliation>
  </overall_official>
  <overall_official>
    <last_name>Ann Alice Jakubowski, MD, PhD</last_name>
    <role>Principal Investigator</role>
    <affiliation>Memorial Sloan Kettering Cancer Center</affiliation>
  </overall_official>
  <location>
    <facility>
      <name>Memorial Sloan Kettering Cancer Center</name>
      <address>
        <city>New York</city>
        <state>New York</state>
        <zip>10065</zip>
        <country>United States</country>
      </address>
    </facility>
  </location>
  <location_countries>
    <country>United States</country>
  </location_countries>
  <verification_date>January 2016</verification_date>
  <study_first_submitted>September 5, 2007</study_first_submitted>
  <study_first_submitted_qc>September 5, 2007</study_first_submitted_qc>
  <study_first_posted type="Estimate">September 10, 2007</study_first_posted>
  <results_first_submitted>January 14, 2016</results_first_submitted>
  <results_first_submitted_qc>January 14, 2016</results_first_submitted_qc>
  <results_first_posted type="Estimate">February 12, 2016</results_first_posted>
  <last_update_submitted>January 14, 2016</last_update_submitted>
  <last_update_submitted_qc>January 14, 2016</last_update_submitted_qc>
  <last_update_posted type="Estimate">February 12, 2016</last_update_posted>
  <responsible_party>
    <responsible_party_type>Sponsor</responsible_party_type>
  </responsible_party>
  <keyword>recurrent adult acute lymphoblastic leukemia</keyword>
  <keyword>recurrent adult acute myeloid leukemia</keyword>
  <keyword>blastic phase chronic myelogenous leukemia</keyword>
  <keyword>previously treated myelodysplastic syndromes</keyword>
  <keyword>childhood myelodysplastic syndromes</keyword>
  <keyword>recurrent childhood acute lymphoblastic leukemia</keyword>
  <keyword>recurrent childhood acute myeloid leukemia</keyword>
  <keyword>childhood chronic myelogenous leukemia</keyword>
  <keyword>relapsing chronic myelogenous leukemia</keyword>
  <keyword>adult acute myeloid leukemia with 11q23 (MLL) abnormalities</keyword>
  <keyword>adult acute myeloid leukemia with inv(16)(p13;q22)</keyword>
  <keyword>adult acute myeloid leukemia with t(15;17)(q22;q12)</keyword>
  <keyword>adult acute myeloid leukemia with t(16;16)(p13;q22)</keyword>
  <keyword>adult acute myeloid leukemia with t(8;21)(q22;q22)</keyword>
  <condition_browse>
    <!-- CAUTION:  The following MeSH terms are assigned with an imperfect algorithm            -->
    <mesh_term>Leukemia</mesh_term>
    <mesh_term>Preleukemia</mesh_term>
    <mesh_term>Myelodysplastic Syndromes</mesh_term>
    <mesh_term>Syndrome</mesh_term>
  </condition_browse>
  <intervention_browse>
    <!-- CAUTION:  The following MeSH terms are assigned with an imperfect algorithm            -->
    <mesh_term>Cyclophosphamide</mesh_term>
    <mesh_term>Fludarabine</mesh_term>
  </intervention_browse>

  <clinical_results>

    <participant_flow>
      <group_list>
        <group group_id="P1">
          <title>HLA Haploidentical Natural Killer Cell Infusion</title>
          <description>HLA Haploidentical Natural Killer Cell Infusion for Treatment of Relapsed or Persistent Leukemia</description>
        </group>
      </group_list>
      <period_list>
        <period>
          <title>Overall Study</title>
          <milestone_list>
            <milestone>
              <title>STARTED</title>
              <participants_list>
                <participants group_id="P1" count="6"/>
              </participants_list>
            </milestone>
            <milestone>
              <title>COMPLETED</title>
              <participants_list>
                <participants group_id="P1" count="6"/>
              </participants_list>
            </milestone>
            <milestone>
              <title>NOT COMPLETED</title>
              <participants_list>
                <participants group_id="P1" count="0"/>
              </participants_list>
            </milestone>
          </milestone_list>
        </period>
      </period_list>
    </participant_flow>

    <baseline>
      <group_list>
        <group group_id="B1">
          <title>HLA Haploidentical Natural Killer Cell Infusion</title>
          <description>HLA Haploidentical Natural Killer Cell Infusion for Treatment of Relapsed or Persistent Leukemia</description>
        </group>
      </group_list>
      <analyzed_list>
        <analyzed>
          <units>Participants</units>
          <scope>Overall</scope>
          <count_list>
            <count group_id="B1" value="6"/>
          </count_list>
        </analyzed>
      </analyzed_list>
      <measure_list>
        <measure>
          <title>Age</title>
          <units>Participants</units>
          <param>Count of Participants</param>
          <class_list>
            <class>
              <category_list>
                <category>
                  <title>&lt;=18 years</title>
                  <measurement_list>
                    <measurement group_id="B1" value="3"/>
                  </measurement_list>
                </category>
                <category>
                  <title>Between 18 and 65 years</title>
                  <measurement_list>
                    <measurement group_id="B1" value="3"/>
                  </measurement_list>
                </category>
                <category>
                  <title>&gt;=65 years</title>
                  <measurement_list>
                    <measurement group_id="B1" value="0"/>
                  </measurement_list>
                </category>
              </category_list>
            </class>
          </class_list>
        </measure>
        <measure>
          <title>Sex: Female, Male</title>
          <units>Participants</units>
          <param>Count of Participants</param>
          <class_list>
            <class>
              <category_list>
                <category>
                  <title>Female</title>
                  <measurement_list>
                    <measurement group_id="B1" value="2"/>
                  </measurement_list>
                </category>
                <category>
                  <title>Male</title>
                  <measurement_list>
                    <measurement group_id="B1" value="4"/>
                  </measurement_list>
                </category>
              </category_list>
            </class>
          </class_list>
        </measure>
      </measure_list>
    </baseline>

    <outcome_list>
      <outcome>
        <type>Primary</type>
        <title>Treatment Efficacy as Defined by Complete or Partial Remission</title>
        <time_frame>3 Months following treatment</time_frame>
        <group_list>
          <group group_id="O1">
            <title>HLA Haploidentical Natural Killer Cell Infusion</title>
            <description>HLA Haploidentical Natural Killer Cell Infusion for Treatment of Relapsed or Persistent Leukemia</description>
          </group>
        </group_list>
        <measure>
          <title>Treatment Efficacy as Defined by Complete or Partial Remission</title>
          <units>participants</units>
          <param>Number</param>
          <analyzed_list>
            <analyzed>
              <units>Participants</units>
              <scope>Measure</scope>
              <count_list>
                <count group_id="O1" value="6"/>
              </count_list>
            </analyzed>
          </analyzed_list>
          <class_list>
            <class>
              <title>Complete Remission</title>
              <category_list>
                <category>
                  <measurement_list>
                    <measurement group_id="O1" value="1"/>
                  </measurement_list>
                </category>
              </category_list>
            </class>
            <class>
              <title>Progression of Disease (POD)</title>
              <category_list>
                <category>
                  <measurement_list>
                    <measurement group_id="O1" value="5"/>
                  </measurement_list>
                </category>
              </category_list>
            </class>
          </class_list>
        </measure>
      </outcome>
    </outcome_list>

    <reported_events>
      <group_list>
        <group group_id="E1">
          <title>HLA Haploidentical Natural Killer Cell Infusion</title>
          <description>HLA Haploidentical Natural Killer Cell Infusion for Treatment of Relapsed or Persistent Leukemia</description>
        </group>
      </group_list>
      <serious_events>
        <default_vocab>CTC-3.0</default_vocab>
        <default_assessment>Systematic Assessment</default_assessment>
        <category_list>
          <category>
            <title>Total</title>
            <event_list>
              <event>
                <sub_title>Total, serious adverse events</sub_title>
                <counts group_id="E1" subjects_affected="4" subjects_at_risk="6"/>
              </event>
            </event_list>
          </category>
          <category>
            <title>General disorders</title>
            <event_list>
              <event>
                <sub_title>Death not associated with CTCAE term-Disease progression NOS</sub_title>
                <counts group_id="E1" subjects_affected="3" subjects_at_risk="6"/>
              </event>
              <event>
                <sub_title>Febrile neutropenia</sub_title>
                <counts group_id="E1" subjects_affected="1" subjects_at_risk="6"/>
              </event>
            </event_list>
          </category>
        </category_list>
      </serious_events>
      <other_events>
        <frequency_threshold>5</frequency_threshold>
        <default_vocab>CTC-3.0</default_vocab>
        <default_assessment>Systematic Assessment</default_assessment>
        <category_list>
          <category>
            <title>Total</title>
            <event_list>
              <event>
                <sub_title>Total, other adverse events</sub_title>
                <counts group_id="E1" subjects_affected="6" subjects_at_risk="6"/>
              </event>
            </event_list>
          </category>
          <category>
            <title>Blood and lymphatic system disorders</title>
            <event_list>
              <event>
                <sub_title>Hemoglobin</sub_title>
                <counts group_id="E1" subjects_affected="5" subjects_at_risk="6"/>
              </event>
              <event>
                <sub_title>Leukocytes (total WBC)</sub_title>
                <counts group_id="E1" subjects_affected="6" subjects_at_risk="6"/>
              </event>
              <event>
                <sub_title>Lymphopenia</sub_title>
                <counts group_id="E1" subjects_affected="6" subjects_at_risk="6"/>
              </event>
              <event>
                <sub_title>Neutrophils/granulocytes (ANC/AGC)</sub_title>
                <counts group_id="E1" subjects_affected="6" subjects_at_risk="6"/>
              </event>
              <event>
                <sub_title>Platelets</sub_title>
                <counts group_id="E1" subjects_affected="6" subjects_at_risk="6"/>
              </event>
            </event_list>
          </category>
          <category>
            <title>Metabolism and nutrition disorders</title>
            <event_list>
              <event>
                <sub_title>Glucose, high (hyperglycemia)</sub_title>
                <counts group_id="E1" subjects_affected="1" subjects_at_risk="6"/>
              </event>
              <event>
                <sub_title>Magnesium, high (hypermagnesemia)</sub_title>
                <counts group_id="E1" subjects_affected="2" subjects_at_risk="6"/>
              </event>
              <event>
                <sub_title>Phosphate, low (hypophosphatemia)</sub_title>
                <counts group_id="E1" subjects_affected="2" subjects_at_risk="6"/>
              </event>
              <event>
                <sub_title>Potassium, high (hyperkalemia)</sub_title>
                <counts group_id="E1" subjects_affected="1" subjects_at_risk="6"/>
              </event>
              <event>
                <sub_title>Potassium, low (hypokalemia)</sub_title>
                <counts group_id="E1" subjects_affected="1" subjects_at_risk="6"/>
              </event>
            </event_list>
          </category>
        </category_list>
      </other_events>
    </reported_events>

    <certain_agreements>
      <pi_employee>All Principal Investigators ARE employed by the organization sponsoring the study.</pi_employee>
      <restrictive_agreement>There is NOT an agreement between Principal Investigators and the Sponsor (or its agents) that restricts the PI's rights to discuss or publish trial results after the trial is completed. </restrictive_agreement>
    </certain_agreements>
    <point_of_contact>
      <name_or_title>Dr. Katherine Hsu</name_or_title>
      <organization>Memorial Sloan Kettering Cancer Center</organization>
      <phone>646-888-2667</phone>
      <email>hsuk@mskcc.org</email>
    </point_of_contact>
  </clinical_results>
</clinical_study>

