<?xml version="1.0" encoding="UTF-8"?>
<clinical_study rank="128">
  <!-- This xml conforms to an XML Schema at:
    https://clinicaltrials.gov/ct2/html/images/info/public.xsd -->
  <required_header>
    <download_date>ClinicalTrials.gov processed this data on May 11, 2021</download_date>
    <link_text>Link to the current ClinicalTrials.gov record.</link_text>
    <url>https://clinicaltrials.gov/show/NCT00002705</url>
  </required_header>
  <id_info>
    <org_study_id>NCI-2012-01833</org_study_id>
    <secondary_id>POG-9575</secondary_id>
    <secondary_id>CDR0000064511</secondary_id>
    <nct_id>NCT00002705</nct_id>
  </id_info>
  <brief_title>Topotecan in Treating Children With Refractory Leukemia</brief_title>
  <official_title>TOPOTECAN FOR CHILDREN WITH REFRACTORY LEUKEMIA, A PEDIATRIC ONCOLOGY GROUP PHASE I COOPERATIVE AGREEMENT STUDY</official_title>
  <sponsors>
    <lead_sponsor>
      <agency>National Cancer Institute (NCI)</agency>
      <agency_class>NIH</agency_class>
    </lead_sponsor>
  </sponsors>
  <source>National Cancer Institute (NCI)</source>
  <brief_summary>
    <textblock>
      Phase I trial to study the effectiveness of topotecan in treating children with refractory&#xD;
      leukemia. Drugs used in chemotherapy use different ways to stop cancer cells from dividing so&#xD;
      they stop growing or die.&#xD;
    </textblock>
  </brief_summary>
  <detailed_description>
    <textblock>
      OBJECTIVES:&#xD;
&#xD;
      I. Describe the qualitative and quantitative toxic effects, including acute and chronic&#xD;
      dose-limiting toxicity, cumulative toxicity, and time to recovery, in pediatric patients with&#xD;
      refractory leukemia who are treated with a 30-minute daily infusion of topotecan (TOPO) for&#xD;
      up to 12 consecutive days every 3 weeks.&#xD;
&#xD;
      II. Estimate the maximum tolerated dose of TOPO that results in tolerable, predictable, and&#xD;
      reversible toxicity.&#xD;
&#xD;
      III. Determine the precautions and supportive therapy that should be used and the clinical&#xD;
      and laboratory studies needed to monitor or alter therapy to prevent unacceptable toxicity in&#xD;
      these patients.&#xD;
&#xD;
      IV. Observe any antileukemic effects that may occur during this phase I study in which&#xD;
      duration of treatment is increased from 7 to 9 and then 12 days and TOPO doses are escalated.&#xD;
&#xD;
      V. Determine the recommended phase II pediatric dose of TOPO. VI. Characterize the&#xD;
      pharmacokinetic parameters of TOPO and evaluate changes in these parameters with the first&#xD;
      and last doses to determine whether there is drug accumulation.&#xD;
&#xD;
      VII. Correlate, if possible, these pharmacokinetic parameters with clinical response and&#xD;
      toxicity.&#xD;
&#xD;
      OUTLINE:&#xD;
&#xD;
      Single-Agent Chemotherapy. Topotecan, TOPO, NSC-609699.&#xD;
    </textblock>
  </detailed_description>
  <overall_status>Completed</overall_status>
  <start_date>April 1996</start_date>
  <primary_completion_date type="Actual">January 2001</primary_completion_date>
  <phase>Phase 1</phase>
  <study_type>Interventional</study_type>
  <has_expanded_access>No</has_expanded_access>
  <study_design_info>
    <allocation>N/A</allocation>
    <intervention_model>Single Group Assignment</intervention_model>
    <primary_purpose>Treatment</primary_purpose>
    <masking>None (Open Label)</masking>
  </study_design_info>
  <number_of_arms>1</number_of_arms>
  <enrollment type="Actual">3</enrollment>
  <condition>Leukemia</condition>
  <arm_group>
    <arm_group_label>Arm I</arm_group_label>
    <arm_group_type>Experimental</arm_group_type>
    <description>Single-Agent Chemotherapy. Topotecan, TOPO, NSC-609699.</description>
  </arm_group>
  <intervention>
    <intervention_type>Drug</intervention_type>
    <intervention_name>topotecan hydrochloride</intervention_name>
    <arm_group_label>Arm I</arm_group_label>
  </intervention>
  <eligibility>
    <criteria>
      <textblock>
        DISEASE CHARACTERISTICS:&#xD;
&#xD;
        -Histologically or cytologically confirmed leukemia refractory to conventional therapy or&#xD;
        for which no effective curative therapy exists&#xD;
&#xD;
        PATIENT CHARACTERISTICS:&#xD;
&#xD;
          -  Age: Under 21&#xD;
&#xD;
          -  Performance status: ECOG 0-2&#xD;
&#xD;
          -  Life expectancy: At least 8 weeks&#xD;
&#xD;
          -  Adequate platelet count and hemoglobin required (transfusion allowed)&#xD;
&#xD;
          -  Bilirubin no greater than 1.5 mg/dL&#xD;
&#xD;
          -  AST or ALT no greater than 2 times normal&#xD;
&#xD;
          -  Creatinine less than 1.5 mg/dL&#xD;
&#xD;
          -  Adequate nutritional status, e.g. higher than third percentile weight for height&#xD;
&#xD;
          -  Albumin at least 3 g/dL&#xD;
&#xD;
          -  No severe uncontrolled infection&#xD;
&#xD;
          -  No pregnant women&#xD;
&#xD;
          -  Effective contraception required of fertile women&#xD;
&#xD;
        PRIOR CONCURRENT THERAPY:&#xD;
&#xD;
          -  At least 3 weeks since systemic chemotherapy (6 weeks since nitrosoureas)&#xD;
&#xD;
          -  Recovered at least 3 months since bone marrow transplant (at least 6 months since&#xD;
             total-body irradiation)&#xD;
&#xD;
          -  No concurrent anticancer therapy&#xD;
&#xD;
          -  No concurrent treatment studies&#xD;
      </textblock>
    </criteria>
    <gender>All</gender>
    <minimum_age>N/A</minimum_age>
    <maximum_age>20 Years</maximum_age>
    <healthy_volunteers>No</healthy_volunteers>
  </eligibility>
  <overall_official>
    <last_name>Wayne Lee Furman, MD</last_name>
    <role>Study Chair</role>
    <affiliation>St. Jude Children's Research Hospital</affiliation>
  </overall_official>
  <location>
    <facility>
      <name>University of Alabama Comprehensive Cancer Center</name>
      <address>
        <city>Birmingham</city>
        <state>Alabama</state>
        <zip>35294</zip>
        <country>United States</country>
      </address>
    </facility>
  </location>
  <location>
    <facility>
      <name>University of Arkansas for Medical Sciences</name>
      <address>
        <city>Little Rock</city>
        <state>Arkansas</state>
        <zip>72205</zip>
        <country>United States</country>
      </address>
    </facility>
  </location>
  <location>
    <facility>
      <name>University of California San Diego Cancer Center</name>
      <address>
        <city>La Jolla</city>
        <state>California</state>
        <zip>92093-0658</zip>
        <country>United States</country>
      </address>
    </facility>
  </location>
  <location>
    <facility>
      <name>Lucile Packard Children's Hospital at Stanford</name>
      <address>
        <city>Palo Alto</city>
        <state>California</state>
        <zip>94304</zip>
        <country>United States</country>
      </address>
    </facility>
  </location>
  <location>
    <facility>
      <name>Shands Hospital and Clinics, University of Florida</name>
      <address>
        <city>Gainesville</city>
        <state>Florida</state>
        <zip>32610-100277</zip>
        <country>United States</country>
      </address>
    </facility>
  </location>
  <location>
    <facility>
      <name>Emory University Hospital - Atlanta</name>
      <address>
        <city>Atlanta</city>
        <state>Georgia</state>
        <zip>30322</zip>
        <country>United States</country>
      </address>
    </facility>
  </location>
  <location>
    <facility>
      <name>Children's Memorial Hospital, Chicago</name>
      <address>
        <city>Chicago</city>
        <state>Illinois</state>
        <zip>60614</zip>
        <country>United States</country>
      </address>
    </facility>
  </location>
  <location>
    <facility>
      <name>University of Kansas Medical Center</name>
      <address>
        <city>Kansas City</city>
        <state>Kansas</state>
        <zip>66160-7357</zip>
        <country>United States</country>
      </address>
    </facility>
  </location>
  <location>
    <facility>
      <name>Via Christi Regional Medical Center</name>
      <address>
        <city>Wichita</city>
        <state>Kansas</state>
        <zip>67214</zip>
        <country>United States</country>
      </address>
    </facility>
  </location>
  <location>
    <facility>
      <name>MBCCOP - LSU Medical Center</name>
      <address>
        <city>New Orleans</city>
        <state>Louisiana</state>
        <zip>70112</zip>
        <country>United States</country>
      </address>
    </facility>
  </location>
  <location>
    <facility>
      <name>Johns Hopkins Oncology Center</name>
      <address>
        <city>Baltimore</city>
        <state>Maryland</state>
        <zip>21287</zip>
        <country>United States</country>
      </address>
    </facility>
  </location>
  <location>
    <facility>
      <name>Boston Floating Hospital Infants and Children</name>
      <address>
        <city>Boston</city>
        <state>Massachusetts</state>
        <zip>02111</zip>
        <country>United States</country>
      </address>
    </facility>
  </location>
  <location>
    <facility>
      <name>Dana-Farber Cancer Institute</name>
      <address>
        <city>Boston</city>
        <state>Massachusetts</state>
        <zip>02115</zip>
        <country>United States</country>
      </address>
    </facility>
  </location>
  <location>
    <facility>
      <name>Children's Hospital of Michigan</name>
      <address>
        <city>Detroit</city>
        <state>Michigan</state>
        <zip>48201</zip>
        <country>United States</country>
      </address>
    </facility>
  </location>
  <location>
    <facility>
      <name>Washington University School of Medicine</name>
      <address>
        <city>Saint Louis</city>
        <state>Missouri</state>
        <zip>63110</zip>
        <country>United States</country>
      </address>
    </facility>
  </location>
  <location>
    <facility>
      <name>Hackensack University Medical Center</name>
      <address>
        <city>Hackensack</city>
        <state>New Jersey</state>
        <zip>07601</zip>
        <country>United States</country>
      </address>
    </facility>
  </location>
  <location>
    <facility>
      <name>Roswell Park Cancer Institute</name>
      <address>
        <city>Buffalo</city>
        <state>New York</state>
        <zip>14263-0001</zip>
        <country>United States</country>
      </address>
    </facility>
  </location>
  <location>
    <facility>
      <name>State University of New York - Upstate Medical University</name>
      <address>
        <city>Syracuse</city>
        <state>New York</state>
        <zip>13210</zip>
        <country>United States</country>
      </address>
    </facility>
  </location>
  <location>
    <facility>
      <name>Memorial Mission Hospital</name>
      <address>
        <city>Asheville</city>
        <state>North Carolina</state>
        <zip>28801</zip>
        <country>United States</country>
      </address>
    </facility>
  </location>
  <location>
    <facility>
      <name>Duke Comprehensive Cancer Center</name>
      <address>
        <city>Durham</city>
        <state>North Carolina</state>
        <zip>27710</zip>
        <country>United States</country>
      </address>
    </facility>
  </location>
  <location>
    <facility>
      <name>Saint Jude Children's Research Hospital</name>
      <address>
        <city>Memphis</city>
        <state>Tennessee</state>
        <zip>38105-2794</zip>
        <country>United States</country>
      </address>
    </facility>
  </location>
  <location>
    <facility>
      <name>Medical City Dallas Hospital</name>
      <address>
        <city>Dallas</city>
        <state>Texas</state>
        <zip>75230</zip>
        <country>United States</country>
      </address>
    </facility>
  </location>
  <location>
    <facility>
      <name>Simmons Cancer Center - Dallas</name>
      <address>
        <city>Dallas</city>
        <state>Texas</state>
        <zip>75235-9154</zip>
        <country>United States</country>
      </address>
    </facility>
  </location>
  <location>
    <facility>
      <name>Baylor College of Medicine</name>
      <address>
        <city>Houston</city>
        <state>Texas</state>
        <zip>77030</zip>
        <country>United States</country>
      </address>
    </facility>
  </location>
  <location>
    <facility>
      <name>San Antonio Military Pediatric Cancer and Blood Disorders Center</name>
      <address>
        <city>Lackland Air Force Base</city>
        <state>Texas</state>
        <zip>78236-5300</zip>
        <country>United States</country>
      </address>
    </facility>
  </location>
  <location>
    <facility>
      <name>University of Texas Health Science Center at San Antonio</name>
      <address>
        <city>San Antonio</city>
        <state>Texas</state>
        <zip>78284-7811</zip>
        <country>United States</country>
      </address>
    </facility>
  </location>
  <location>
    <facility>
      <name>Midwest Children's Cancer Center</name>
      <address>
        <city>Milwaukee</city>
        <state>Wisconsin</state>
        <zip>53226</zip>
        <country>United States</country>
      </address>
    </facility>
  </location>
  <location>
    <facility>
      <name>Montreal Children's Hospital</name>
      <address>
        <city>Montreal</city>
        <state>Quebec</state>
        <zip>H3H 1P3</zip>
        <country>Canada</country>
      </address>
    </facility>
  </location>
  <location>
    <facility>
      <name>Hopital Sainte Justine</name>
      <address>
        <city>Montreal</city>
        <state>Quebec</state>
        <zip>H3T 1C5</zip>
        <country>Canada</country>
      </address>
    </facility>
  </location>
  <location>
    <facility>
      <name>University of Puerto Rico School of Medicine Medical Sciences Campus</name>
      <address>
        <city>San Juan</city>
        <zip>00936-5067</zip>
        <country>Puerto Rico</country>
      </address>
    </facility>
  </location>
  <location>
    <facility>
      <name>Clinique de Pediatrie</name>
      <address>
        <city>Geneva</city>
        <zip>1211</zip>
        <country>Switzerland</country>
      </address>
    </facility>
  </location>
  <location_countries>
    <country>Canada</country>
    <country>Puerto Rico</country>
    <country>Switzerland</country>
    <country>United States</country>
  </location_countries>
  <results_reference>
    <citation>Furman WL, Stewart CF, Kirstein M, Kepner JL, Bernstein ML, Kung F, Vietti TJ, Steuber CP, Becton DL, Baruchel S, Pratt C. Protracted intermittent schedule of topotecan in children with refractory acute leukemia: a pediatric oncology group study. J Clin Oncol. 2002 Mar 15;20(6):1617-24.</citation>
    <PMID>11896112</PMID>
  </results_reference>
  <verification_date>May 2001</verification_date>
  <study_first_submitted>November 1, 1999</study_first_submitted>
  <study_first_submitted_qc>June 30, 2004</study_first_submitted_qc>
  <study_first_posted type="Estimate">July 1, 2004</study_first_posted>
  <last_update_submitted>January 31, 2013</last_update_submitted>
  <last_update_submitted_qc>January 31, 2013</last_update_submitted_qc>
  <last_update_posted type="Estimate">February 1, 2013</last_update_posted>
  <responsible_party>
    <responsible_party_type>Sponsor</responsible_party_type>
  </responsible_party>
  <keyword>recurrent childhood acute lymphoblastic leukemia</keyword>
  <keyword>recurrent childhood acute myeloid leukemia</keyword>
  <keyword>relapsing chronic myelogenous leukemia</keyword>
  <condition_browse>
    <!-- CAUTION:  The following MeSH terms are assigned with an imperfect algorithm            -->
    <mesh_term>Leukemia</mesh_term>
  </condition_browse>
  <intervention_browse>
    <!-- CAUTION:  The following MeSH terms are assigned with an imperfect algorithm            -->
    <mesh_term>Topotecan</mesh_term>
  </intervention_browse>
  <!-- Results have not yet been posted for this study                                          -->
</clinical_study>

