<?xml version="1.0" encoding="UTF-8"?>
<clinical_study rank="29">
  <!-- This xml conforms to an XML Schema at:
    https://clinicaltrials.gov/ct2/html/images/info/public.xsd -->
  <required_header>
    <download_date>ClinicalTrials.gov processed this data on May 11, 2021</download_date>
    <link_text>Link to the current ClinicalTrials.gov record.</link_text>
    <url>https://clinicaltrials.gov/show/NCT00070421</url>
  </required_header>
  <id_info>
    <org_study_id>LFT-NEWORLD</org_study_id>
    <secondary_id>CDR0000334398</secondary_id>
    <secondary_id>WCCC-2000-194</secondary_id>
    <nct_id>NCT00070421</nct_id>
  </id_info>
  <brief_title>Study of @neWorld: A Virtual Community for Children With Cancer</brief_title>
  <official_title>@neWorld: A Virtual Community For Kids With Cancer</official_title>
  <sponsors>
    <lead_sponsor>
      <agency>Leap of Faith Technologies</agency>
      <agency_class>Industry</agency_class>
    </lead_sponsor>
    <collaborator>
      <agency>National Cancer Institute (NCI)</agency>
      <agency_class>NIH</agency_class>
    </collaborator>
  </sponsors>
  <source>National Cancer Institute (NCI)</source>
  <brief_summary>
    <textblock>
      RATIONALE: Using an Internet Web site that enables children with cancer to interact online&#xD;
      with classmates, participate in classroom activities, get easy-to-read medical information,&#xD;
      and chat with family members, medical staff, and other children with cancer may help children&#xD;
      cope with isolation, fear, and decreased self-esteem.&#xD;
&#xD;
      PURPOSE: This phase I/II trial is studying the effectiveness of an Internet Web site in&#xD;
      providing social support and education to children who are undergoing treatment for cancer.&#xD;
    </textblock>
  </brief_summary>
  <detailed_description>
    <textblock>
      OBJECTIVES:&#xD;
&#xD;
        -  Develop an Internet-based application that allows pediatric patients with cancer to&#xD;
           enter a virtual community with the following capabilities:&#xD;
&#xD;
             -  Interact with classmates and participate in classroom activities via e-mail, chat&#xD;
                groups, online field trips, art studio, music room, and game room&#xD;
&#xD;
             -  Identify and interact with a community of peers with similar medical conditions&#xD;
&#xD;
             -  Access a dictionary to get medical information in understandable terms&#xD;
&#xD;
             -  Interact with the medical community online&#xD;
&#xD;
             -  Interact with family members online&#xD;
&#xD;
        -  Determine the acceptability of this program among groups of these patients and their&#xD;
           classmates, teachers, family members, and healthcare providers using focus groups.&#xD;
&#xD;
        -  Determine the effect of this program on self-esteem, coping behaviors, perceived social&#xD;
           support, cancer-relevant medical knowledge, and feelings of control over health destiny&#xD;
           in these patients.&#xD;
&#xD;
        -  Determine the effect of this program on the performance of these patients in school.&#xD;
&#xD;
        -  Determine the effect of this program in alleviating psychological distress in these&#xD;
           patients.&#xD;
&#xD;
      OUTLINE: This is a multicenter study.&#xD;
&#xD;
        -  Phase I: Students, family members, teachers, and health providers participate in focus&#xD;
           groups to provide system design and implementation input and to assess overall&#xD;
           acceptability of a prototype Internet-based application for pediatric cancer patients.&#xD;
&#xD;
        -  Phase II: Patients are assigned to 1 of 2 groups, based on participating center.&#xD;
&#xD;
             -  Group 1: Patients have access to and utilize the Internet-based application&#xD;
                @neWorld.&#xD;
&#xD;
             -  Group 2: Patients do not have access to or utilize @neWorld. In both groups,&#xD;
                patients complete questionnaires measuring psychological distress, quality of life,&#xD;
                self-esteem, coping behaviors, perceived academic and social competence, perceived&#xD;
                social support, cancer-relevant medical knowledge, feelings of control over health&#xD;
                destiny, utilization of psychological services, and performance in school at&#xD;
                baseline and 3 and 6 months.&#xD;
&#xD;
      PROJECTED ACCRUAL: A total of 94 patients (44 for group 1 and 50 for group 2) will be accrued&#xD;
      for this study.&#xD;
    </textblock>
  </detailed_description>
  <overall_status>Completed</overall_status>
  <start_date>April 2003</start_date>
  <completion_date type="Actual">January 2005</completion_date>
  <phase>Phase 1/Phase 2</phase>
  <study_type>Interventional</study_type>
  <has_expanded_access>No</has_expanded_access>
  <condition>Leukemia</condition>
  <condition>Lymphoma</condition>
  <condition>Psychosocial Effects of Cancer and Its Treatment</condition>
  <condition>Unspecified Childhood Solid Tumor, Protocol Specific</condition>
  <intervention>
    <intervention_type>Procedure</intervention_type>
    <intervention_name>complementary or alternative medicine procedure</intervention_name>
  </intervention>
  <intervention>
    <intervention_type>Procedure</intervention_type>
    <intervention_name>management of therapy complications</intervention_name>
  </intervention>
  <intervention>
    <intervention_type>Procedure</intervention_type>
    <intervention_name>psychosocial assessment and care</intervention_name>
  </intervention>
  <eligibility>
    <criteria>
      <textblock>
        DISEASE CHARACTERISTICS:&#xD;
&#xD;
          -  Diagnosis of cancer&#xD;
&#xD;
          -  Currently receiving treatment for cancer&#xD;
&#xD;
        PATIENT CHARACTERISTICS:&#xD;
&#xD;
        Age&#xD;
&#xD;
          -  10 to 15&#xD;
&#xD;
        Performance status&#xD;
&#xD;
          -  Active&#xD;
&#xD;
        Life expectancy&#xD;
&#xD;
          -  Not specified&#xD;
&#xD;
        Hematopoietic&#xD;
&#xD;
          -  Not specified&#xD;
&#xD;
        Hepatic&#xD;
&#xD;
          -  Not specified&#xD;
&#xD;
        Renal&#xD;
&#xD;
          -  Not specified&#xD;
&#xD;
        Other&#xD;
&#xD;
          -  Able to read and speak English&#xD;
&#xD;
        PRIOR CONCURRENT THERAPY:&#xD;
&#xD;
        Biologic therapy&#xD;
&#xD;
          -  Not specified&#xD;
&#xD;
        Chemotherapy&#xD;
&#xD;
          -  Not specified&#xD;
&#xD;
        Endocrine therapy&#xD;
&#xD;
          -  Not specified&#xD;
&#xD;
        Radiotherapy&#xD;
&#xD;
          -  Not specified&#xD;
&#xD;
        Surgery&#xD;
&#xD;
          -  Not specified&#xD;
      </textblock>
    </criteria>
    <gender>All</gender>
    <minimum_age>10 Years</minimum_age>
    <maximum_age>15 Years</maximum_age>
    <healthy_volunteers>No</healthy_volunteers>
  </eligibility>
  <overall_official>
    <last_name>Barbara Rapchak</last_name>
    <role>Study Chair</role>
    <affiliation>Leap of Faith Technologies</affiliation>
  </overall_official>
  <location>
    <facility>
      <name>Leap of Faith Technologies, Incorporated</name>
      <address>
        <city>Crystal Lake</city>
        <state>Illinois</state>
        <zip>60014</zip>
        <country>United States</country>
      </address>
    </facility>
  </location>
  <location_countries>
    <country>United States</country>
  </location_countries>
  <verification_date>December 2004</verification_date>
  <study_first_submitted>October 3, 2003</study_first_submitted>
  <study_first_submitted_qc>October 6, 2003</study_first_submitted_qc>
  <study_first_posted type="Estimate">October 7, 2003</study_first_posted>
  <last_update_submitted>May 14, 2013</last_update_submitted>
  <last_update_submitted_qc>May 14, 2013</last_update_submitted_qc>
  <last_update_posted type="Estimate">May 15, 2013</last_update_posted>
  <keyword>psychosocial effects of cancer and its treatment</keyword>
  <keyword>unspecified childhood solid tumor, protocol specific</keyword>
  <keyword>childhood acute lymphoblastic leukemia in remission</keyword>
  <keyword>childhood acute myeloid leukemia in remission</keyword>
  <keyword>recurrent childhood acute lymphoblastic leukemia</keyword>
  <keyword>recurrent childhood acute myeloid leukemia</keyword>
  <keyword>recurrent childhood large cell lymphoma</keyword>
  <keyword>recurrent childhood lymphoblastic lymphoma</keyword>
  <keyword>recurrent childhood small noncleaved cell lymphoma</keyword>
  <keyword>stage I childhood Hodgkin lymphoma</keyword>
  <keyword>stage I childhood large cell lymphoma</keyword>
  <keyword>stage I childhood lymphoblastic lymphoma</keyword>
  <keyword>stage I childhood small noncleaved cell lymphoma</keyword>
  <keyword>stage II childhood Hodgkin lymphoma</keyword>
  <keyword>stage II childhood large cell lymphoma</keyword>
  <keyword>stage II childhood lymphoblastic lymphoma</keyword>
  <keyword>stage II childhood small noncleaved cell lymphoma</keyword>
  <keyword>stage III childhood Hodgkin lymphoma</keyword>
  <keyword>stage III childhood large cell lymphoma</keyword>
  <keyword>stage III childhood lymphoblastic lymphoma</keyword>
  <keyword>stage III childhood small noncleaved cell lymphoma</keyword>
  <keyword>stage IV childhood Hodgkin lymphoma</keyword>
  <keyword>stage IV childhood large cell lymphoma</keyword>
  <keyword>stage IV childhood lymphoblastic lymphoma</keyword>
  <keyword>stage IV childhood small noncleaved cell lymphoma</keyword>
  <keyword>recurrent/refractory childhood Hodgkin lymphoma</keyword>
  <condition_browse>
    <!-- CAUTION:  The following MeSH terms are assigned with an imperfect algorithm            -->
    <mesh_term>Lymphoma</mesh_term>
    <mesh_term>Leukemia</mesh_term>
  </condition_browse>
  <!-- Results have not yet been posted for this study                                          -->
</clinical_study>

