<?xml version="1.0" encoding="UTF-8"?>
<clinical_study rank="193">
  <!-- This xml conforms to an XML Schema at:
    https://clinicaltrials.gov/ct2/html/images/info/public.xsd -->
  <required_header>
    <download_date>ClinicalTrials.gov processed this data on May 11, 2021</download_date>
    <link_text>Link to the current ClinicalTrials.gov record.</link_text>
    <url>https://clinicaltrials.gov/show/NCT00002471</url>
  </required_header>
  <id_info>
    <org_study_id>90-013</org_study_id>
    <secondary_id>CDR0000076672</secondary_id>
    <secondary_id>NYU-97-9</secondary_id>
    <secondary_id>NCI-V90-0104</secondary_id>
    <nct_id>NCT00002471</nct_id>
  </id_info>
  <brief_title>Combination Chemotherapy in Treating Patients With Acute B-Lymphoblastic Leukemia or Non-Hodgkin's Lymphoma</brief_title>
  <official_title>Phase II Trial of Intensive, Short-Course Combination Chemotherapy in the Treatment of Newly Diagnosed Patients With Poor-Risk Nonlymphoblastic Lymphoma and Acute B-Lymphoblastic Leukemia and in Patients With Recurrent Non-Hodgkin's Lymphoma</official_title>
  <sponsors>
    <lead_sponsor>
      <agency>Memorial Sloan Kettering Cancer Center</agency>
      <agency_class>Other</agency_class>
    </lead_sponsor>
  </sponsors>
  <source>Memorial Sloan Kettering Cancer Center</source>
  <brief_summary>
    <textblock>
      RATIONALE: Drugs used in chemotherapy use different ways to stop cancer cells from dividing&#xD;
      so they stop growing or die. Combining more than one drug may kill more cancer cells.&#xD;
&#xD;
      PURPOSE: Phase II trial to study the effectiveness of combination chemotherapy in treating&#xD;
      patients who have acute B-lymphoblastic leukemia or recurrent non-Hodgkin's lymphoma.&#xD;
    </textblock>
  </brief_summary>
  <detailed_description>
    <textblock>
      OBJECTIVES: I. Improve the survival of children and adolescents with poor-risk&#xD;
      nonlymphoblastic lymphoma and acute B-lymphoblastic leukemia using an intensive, short-course&#xD;
      regimen of combination chemotherapy. II. Assess the toxicity of the regimen.&#xD;
&#xD;
      OUTLINE: Nonrandomized study. Induction: 7-Drug Combination Chemotherapy with Leucovorin&#xD;
      Rescue plus Triple Intrathecal Therapy (TIT). Cyclophosphamide, CTX, NSC-26271; Thiotepa,&#xD;
      TSPA, NSC-6396; Vincristine, VCR, NSC-67574; Daunorubicin, DNR, NSC-82151; Dexamethasone, DM,&#xD;
      NSC-34521; Etoposide, VP-16, NSC-141540; Methotrexate, MTX, NSC-740; with Leucovorin calcium,&#xD;
      Citrovorum Factor, CF, NSC-3590; plus TIT: IT MTX; IT Cytarabine, IT ARA-C, NSC-63878; IT&#xD;
      Hydrocortisone, IT HC, NSC-10483. Consolidation: 6-Drug Combination Chemotherapy with&#xD;
      Leucovorin Rescue plus TIT. ARA-C; VP-16; Asparaginase (E. coli), ASP, NSC-109229; MTX; VCR;&#xD;
      Methylprednisolone, MePRDL, NSC-19987; with CF; plus TIT. Reinduction: 7-Drug Combination&#xD;
      Chemotherapy with Leucovorin Rescue plus TIT. CTX; TSPA; VCR; DNR; DM; VP-16; MTX; with CF;&#xD;
      plus TIT.&#xD;
&#xD;
      PROJECTED ACCRUAL: A maximum of 30 patients, accrued from 4 institutions, will be entered. If&#xD;
      at any time more than 3 patients are not &quot;event free&quot;, the trial will be terminated early,&#xD;
      with patients considered event free if they enter remission, do not die as a result of&#xD;
      treatment toxicity, and do not experience progression within 1 year from the start of&#xD;
      therapy.&#xD;
    </textblock>
  </detailed_description>
  <overall_status>Completed</overall_status>
  <start_date>February 1990</start_date>
  <completion_date type="Actual">January 2003</completion_date>
  <primary_completion_date type="Actual">January 2003</primary_completion_date>
  <phase>Phase 2</phase>
  <study_type>Interventional</study_type>
  <has_expanded_access>No</has_expanded_access>
  <study_design_info>
    <primary_purpose>Treatment</primary_purpose>
  </study_design_info>
  <condition>Leukemia</condition>
  <condition>Lymphoma</condition>
  <intervention>
    <intervention_type>Drug</intervention_type>
    <intervention_name>asparaginase</intervention_name>
  </intervention>
  <intervention>
    <intervention_type>Drug</intervention_type>
    <intervention_name>cyclophosphamide</intervention_name>
  </intervention>
  <intervention>
    <intervention_type>Drug</intervention_type>
    <intervention_name>cytarabine</intervention_name>
  </intervention>
  <intervention>
    <intervention_type>Drug</intervention_type>
    <intervention_name>daunorubicin hydrochloride</intervention_name>
  </intervention>
  <intervention>
    <intervention_type>Drug</intervention_type>
    <intervention_name>dexamethasone</intervention_name>
  </intervention>
  <intervention>
    <intervention_type>Drug</intervention_type>
    <intervention_name>etoposide</intervention_name>
  </intervention>
  <intervention>
    <intervention_type>Drug</intervention_type>
    <intervention_name>leucovorin calcium</intervention_name>
  </intervention>
  <intervention>
    <intervention_type>Drug</intervention_type>
    <intervention_name>methotrexate</intervention_name>
  </intervention>
  <intervention>
    <intervention_type>Drug</intervention_type>
    <intervention_name>methylprednisolone</intervention_name>
  </intervention>
  <intervention>
    <intervention_type>Drug</intervention_type>
    <intervention_name>therapeutic hydrocortisone</intervention_name>
  </intervention>
  <intervention>
    <intervention_type>Drug</intervention_type>
    <intervention_name>thiotepa</intervention_name>
  </intervention>
  <intervention>
    <intervention_type>Drug</intervention_type>
    <intervention_name>vincristine sulfate</intervention_name>
  </intervention>
  <eligibility>
    <criteria>
      <textblock>
        DISEASE CHARACTERISTICS: Newly diagnosed undifferentiated nonlymphoblastic non-Hodgkin's&#xD;
        lymphoma (Burkitt's or non-Burkitt's) Newly diagnosed large cell lymphoma with CNS&#xD;
        involvement Recurrent non-Hodgkin's lymphoma L-3 and B-cell leukemia included At least 1 of&#xD;
        the following required: LDH at least 500 IU/liter (old method) or 2,000 IU/liter (new&#xD;
        method) Bone marrow involvement (greater than 5% lymphoblasts) CNS involvement&#xD;
        (lymphoblasts on CSF cytospin or intracranial mass on CT or MRI scan)&#xD;
&#xD;
        PATIENT CHARACTERISTICS: Age: Any age Performance status: Not specified Hematopoietic: Not&#xD;
        specified Hepatic: Not specified Renal: Not specified&#xD;
&#xD;
        PRIOR CONCURRENT THERAPY: Prior therapy allowed for non-Hodgkin's lymphoma No prior therapy&#xD;
        for all other diseases&#xD;
      </textblock>
    </criteria>
    <gender>All</gender>
    <minimum_age>N/A</minimum_age>
    <maximum_age>N/A</maximum_age>
    <healthy_volunteers>No</healthy_volunteers>
  </eligibility>
  <overall_official>
    <last_name>Norma Wollner, MD</last_name>
    <role>Study Chair</role>
    <affiliation>Memorial Sloan Kettering Cancer Center</affiliation>
  </overall_official>
  <location>
    <facility>
      <name>University of Michigan Comprehensive Cancer Center</name>
      <address>
        <city>Ann Arbor</city>
        <state>Michigan</state>
        <zip>48109-0752</zip>
        <country>United States</country>
      </address>
    </facility>
  </location>
  <location>
    <facility>
      <name>Kaplan Cancer Center</name>
      <address>
        <city>New York</city>
        <state>New York</state>
        <zip>10016</zip>
        <country>United States</country>
      </address>
    </facility>
  </location>
  <location>
    <facility>
      <name>Memorial Sloan-Kettering Cancer Center</name>
      <address>
        <city>New York</city>
        <state>New York</state>
        <zip>10021</zip>
        <country>United States</country>
      </address>
    </facility>
  </location>
  <location>
    <facility>
      <name>Children's Hospital of Philadelphia</name>
      <address>
        <city>Philadelphia</city>
        <state>Pennsylvania</state>
        <zip>19104</zip>
        <country>United States</country>
      </address>
    </facility>
  </location>
  <location_countries>
    <country>United States</country>
  </location_countries>
  <reference>
    <citation>Finlay JL, Wasserman R, Willoughby M, et al.: A pilot study of brief intensive chemotherapy for children with high-risk small non-cleaved cell lymphoma (SNCCL) and acute B-cell leukemmia (B-ALL). Med Pediatr Oncol 21(8): A-18, 535, 1993.</citation>
  </reference>
  <verification_date>June 2013</verification_date>
  <study_first_submitted>November 1, 1999</study_first_submitted>
  <study_first_submitted_qc>August 27, 2004</study_first_submitted_qc>
  <study_first_posted type="Estimate">August 30, 2004</study_first_posted>
  <last_update_submitted>June 19, 2013</last_update_submitted>
  <last_update_submitted_qc>June 19, 2013</last_update_submitted_qc>
  <last_update_posted type="Estimate">June 20, 2013</last_update_posted>
  <keyword>childhood Burkitt lymphoma</keyword>
  <keyword>L3 childhood acute lymphoblastic leukemia</keyword>
  <keyword>B-cell childhood acute lymphoblastic leukemia</keyword>
  <keyword>L3 adult acute lymphoblastic leukemia</keyword>
  <keyword>B-cell adult acute lymphoblastic leukemia</keyword>
  <keyword>recurrent adult non-Hodgkin lymphoma</keyword>
  <keyword>stage III adult diffuse large cell lymphoma</keyword>
  <keyword>stage III adult immunoblastic large cell lymphoma</keyword>
  <keyword>stage III adult Burkitt lymphoma</keyword>
  <keyword>stage IV grade 3 follicular lymphoma</keyword>
  <keyword>stage IV adult diffuse large cell lymphoma</keyword>
  <keyword>stage IV adult immunoblastic large cell lymphoma</keyword>
  <keyword>stage IV adult Burkitt lymphoma</keyword>
  <keyword>recurrent grade 3 follicular lymphoma</keyword>
  <keyword>recurrent adult diffuse large cell lymphoma</keyword>
  <keyword>recurrent adult immunoblastic large cell lymphoma</keyword>
  <keyword>recurrent adult Burkitt lymphoma</keyword>
  <keyword>stage III childhood small noncleaved cell lymphoma</keyword>
  <keyword>stage IV childhood small noncleaved cell lymphoma</keyword>
  <keyword>stage IV childhood large cell lymphoma</keyword>
  <keyword>recurrent childhood small noncleaved cell lymphoma</keyword>
  <keyword>recurrent childhood large cell lymphoma</keyword>
  <condition_browse>
    <!-- CAUTION:  The following MeSH terms are assigned with an imperfect algorithm            -->
    <mesh_term>Lymphoma</mesh_term>
    <mesh_term>Leukemia</mesh_term>
    <mesh_term>Lymphoma, Non-Hodgkin</mesh_term>
    <mesh_term>Precursor Cell Lymphoblastic Leukemia-Lymphoma</mesh_term>
    <mesh_term>Leukemia, Lymphoid</mesh_term>
  </condition_browse>
  <intervention_browse>
    <!-- CAUTION:  The following MeSH terms are assigned with an imperfect algorithm            -->
    <mesh_term>Leucovorin</mesh_term>
    <mesh_term>Cytarabine</mesh_term>
    <mesh_term>Dexamethasone</mesh_term>
    <mesh_term>Methylprednisolone</mesh_term>
    <mesh_term>Hydrocortisone</mesh_term>
    <mesh_term>Hydrocortisone 17-butyrate 21-propionate</mesh_term>
    <mesh_term>Hydrocortisone acetate</mesh_term>
    <mesh_term>Hydrocortisone hemisuccinate</mesh_term>
    <mesh_term>Cyclophosphamide</mesh_term>
    <mesh_term>Thiotepa</mesh_term>
    <mesh_term>Methotrexate</mesh_term>
    <mesh_term>Etoposide</mesh_term>
    <mesh_term>Vincristine</mesh_term>
    <mesh_term>Daunorubicin</mesh_term>
    <mesh_term>Asparaginase</mesh_term>
    <mesh_term>Levoleucovorin</mesh_term>
  </intervention_browse>
  <!-- Results have not yet been posted for this study                                          -->
</clinical_study>

