<?xml version="1.0" encoding="UTF-8"?>
<clinical_study rank="198">
  <!-- This xml conforms to an XML Schema at:
    https://clinicaltrials.gov/ct2/html/images/info/public.xsd -->
  <required_header>
    <download_date>ClinicalTrials.gov processed this data on May 11, 2021</download_date>
    <link_text>Link to the current ClinicalTrials.gov record.</link_text>
    <url>https://clinicaltrials.gov/show/NCT00276601</url>
  </required_header>
  <id_info>
    <org_study_id>J0442, CDR0000449985</org_study_id>
    <secondary_id>P30CA006973</secondary_id>
    <secondary_id>JHOC-J0442</secondary_id>
    <secondary_id>WIRB-20041058</secondary_id>
    <nct_id>NCT00276601</nct_id>
  </id_info>
  <brief_title>Combination Chemotherapy in Treating Patients With Acute Promyelocytic Leukemia</brief_title>
  <official_title>A Pilot Study of Arsenic Trioxide-Based Consolidation Therapy for the Primary Treatment of Acute Promyelocytic Leukemia</official_title>
  <sponsors>
    <lead_sponsor>
      <agency>Sidney Kimmel Comprehensive Cancer Center at Johns Hopkins</agency>
      <agency_class>Other</agency_class>
    </lead_sponsor>
    <collaborator>
      <agency>National Cancer Institute (NCI)</agency>
      <agency_class>NIH</agency_class>
    </collaborator>
  </sponsors>
  <source>Sidney Kimmel Comprehensive Cancer Center at Johns Hopkins</source>
  <brief_summary>
    <textblock>
      RATIONALE: Drugs used in chemotherapy work in different ways to stop the growth of cancer&#xD;
      cells, either by killing the cells or by stopping them from dividing. Giving more than one&#xD;
      drug (combination chemotherapy) may kill more cancer cells.&#xD;
&#xD;
      PURPOSE: This phase II trial is studying how well giving combination chemotherapy works in&#xD;
      treating patients with acute promyelocytic leukemia.&#xD;
    </textblock>
  </brief_summary>
  <detailed_description>
    <textblock>
      OBJECTIVES:&#xD;
&#xD;
        -  Determine, preliminarily, the safety of incorporating arsenic trioxide (ATO) into&#xD;
           cytarabine and daunorubicin hydrochloride-based consolidation therapy followed by&#xD;
           tretinoin maintenance therapy in patients receiving induction tretinoin and daunorubicin&#xD;
           hydrochloride with acute promyelocytic leukemia (APL) induced into remission with&#xD;
           tretinoin and daunorubicin hydrochloride.&#xD;
&#xD;
        -  Determine, preliminarily, the efficacy of this strategy in inducing and maintaining&#xD;
           molecular remissions in patients treated with this regimen.&#xD;
&#xD;
      OUTLINE: This is a pilot, multicenter study.&#xD;
&#xD;
        -  Induction therapy: Patients receive oral tretinoin twice daily on days 1-60 and&#xD;
           daunorubicin hydrochloride IV on days 4, 6, and 8. Patients are evaluated between days&#xD;
           60-67 and proceed to consolidation therapy.&#xD;
&#xD;
        -  Consolidation therapy: Patients receive cytarabine IV continuously on days 1-3,&#xD;
           daunorubicin hydrochloride IV on days 1-3, and arsenic trioxide IV over 1-2 hours once&#xD;
           daily, 5 days a week, beginning on day 8 and continuing for 6 weeks. Patients with&#xD;
           clinical and/or cytogenic, but not molecular, remission receive additional arsenic&#xD;
           trioxide once daily, 5 days a week, for 30 doses (6 weeks). Patients achieving clinical&#xD;
           and molecular remission after completion of 6 or 12 weeks of arsenic trioxide proceed to&#xD;
           maintenance therapy.&#xD;
&#xD;
        -  Maintenance therapy: Patients receive oral tretinoin once daily on days 1-15. Treatment&#xD;
           repeats every 3 months for 8 courses (2 years).&#xD;
&#xD;
      After completion of study treatment, patients are followed periodically for up to 5 years.&#xD;
&#xD;
      PROJECTED ACCRUAL: A total of 50 patients will be accrued for this study.&#xD;
    </textblock>
  </detailed_description>
  <overall_status>Completed</overall_status>
  <start_date>October 2004</start_date>
  <completion_date type="Actual">June 2013</completion_date>
  <primary_completion_date type="Actual">December 2007</primary_completion_date>
  <phase>Phase 2</phase>
  <study_type>Interventional</study_type>
  <has_expanded_access>No</has_expanded_access>
  <study_design_info>
    <primary_purpose>Treatment</primary_purpose>
  </study_design_info>
  <primary_outcome>
    <measure>Disease-free survival at 2 and 5 years after study completion</measure>
  </primary_outcome>
  <primary_outcome>
    <measure>Safety of arsenic trioxide following cytarabine and anthracycline immediately after study completion</measure>
  </primary_outcome>
  <secondary_outcome>
    <measure>Validate peripheral blood real-time PCR for minimal disease monitoring as measured by real-time PCR for PML-RARalpha monthly for two years after study completion</measure>
  </secondary_outcome>
  <condition>Leukemia</condition>
  <intervention>
    <intervention_type>Drug</intervention_type>
    <intervention_name>arsenic trioxide</intervention_name>
  </intervention>
  <intervention>
    <intervention_type>Drug</intervention_type>
    <intervention_name>cytarabine</intervention_name>
  </intervention>
  <intervention>
    <intervention_type>Drug</intervention_type>
    <intervention_name>daunorubicin hydrochloride</intervention_name>
  </intervention>
  <intervention>
    <intervention_type>Drug</intervention_type>
    <intervention_name>mercaptopurine</intervention_name>
  </intervention>
  <intervention>
    <intervention_type>Drug</intervention_type>
    <intervention_name>methotrexate</intervention_name>
  </intervention>
  <intervention>
    <intervention_type>Drug</intervention_type>
    <intervention_name>tretinoin</intervention_name>
  </intervention>
  <eligibility>
    <criteria>
      <textblock>
        DISEASE CHARACTERISTICS:&#xD;
&#xD;
          -  Diagnosis of acute promyelocytic leukemia (APL) by morphologic and flow cytometric&#xD;
             documentation (high orthogonal light scatter, lack of HLA-DR expression)&#xD;
&#xD;
               -  Patients with classical APL as well as the microgranular variant (M3V) are&#xD;
                  eligible&#xD;
&#xD;
                    -  In cases where the diagnosis is unclear, consultation with a&#xD;
                       hematopathologist is required before enrolling the patient in the study&#xD;
&#xD;
          -  Patients found to have cytogenetic abnormalities that do not produce the PML-RARα gene&#xD;
             rearrangement will be removed from study and will not be included in data analysis&#xD;
&#xD;
        PATIENT CHARACTERISTICS:&#xD;
&#xD;
          -  Patients will not be excluded because of performance status or comorbid disease&#xD;
&#xD;
          -  Premenopausal female patients must have a negative pregnancy test&#xD;
&#xD;
        PRIOR CONCURRENT THERAPY:&#xD;
&#xD;
          -  No prior chemotherapy for APL except hydroxyurea&#xD;
      </textblock>
    </criteria>
    <gender>All</gender>
    <minimum_age>5 Years</minimum_age>
    <maximum_age>74 Years</maximum_age>
    <healthy_volunteers>No</healthy_volunteers>
  </eligibility>
  <overall_official>
    <last_name>Steven D. Gore, MD</last_name>
    <role>Study Chair</role>
    <affiliation>Sidney Kimmel Comprehensive Cancer Center at Johns Hopkins</affiliation>
  </overall_official>
  <location>
    <facility>
      <name>Comprehensive Cancer Center at University of Alabama at Birmingham</name>
      <address>
        <city>Birmingham</city>
        <state>Alabama</state>
        <zip>35294</zip>
        <country>United States</country>
      </address>
    </facility>
  </location>
  <location>
    <facility>
      <name>University of Florida Shands Cancer Center</name>
      <address>
        <city>Gainesville</city>
        <state>Florida</state>
        <zip>32610-0232</zip>
        <country>United States</country>
      </address>
    </facility>
  </location>
  <location>
    <facility>
      <name>Blood and Marrow Transplant Group of Georgia</name>
      <address>
        <city>Atlanta</city>
        <state>Georgia</state>
        <zip>30342</zip>
        <country>United States</country>
      </address>
    </facility>
  </location>
  <location>
    <facility>
      <name>Greenebaum Cancer Center at University of Maryland Medical Center</name>
      <address>
        <city>Baltimore</city>
        <state>Maryland</state>
        <zip>21201</zip>
        <country>United States</country>
      </address>
    </facility>
  </location>
  <location>
    <facility>
      <name>Sidney Kimmel Comprehensive Cancer Center at Johns Hopkins</name>
      <address>
        <city>Baltimore</city>
        <state>Maryland</state>
        <zip>21231-2410</zip>
        <country>United States</country>
      </address>
    </facility>
  </location>
  <location>
    <facility>
      <name>UNMC Eppley Cancer Center at the University of Nebraska Medical Center</name>
      <address>
        <city>Omaha</city>
        <state>Nebraska</state>
        <zip>68198-3330</zip>
        <country>United States</country>
      </address>
    </facility>
  </location>
  <location>
    <facility>
      <name>Hillman Cancer Center at University of Pittsburgh Cancer Institute</name>
      <address>
        <city>Pittsburgh</city>
        <state>Pennsylvania</state>
        <zip>15232</zip>
        <country>United States</country>
      </address>
    </facility>
  </location>
  <location_countries>
    <country>United States</country>
  </location_countries>
  <verification_date>April 2014</verification_date>
  <study_first_submitted>January 12, 2006</study_first_submitted>
  <study_first_submitted_qc>January 12, 2006</study_first_submitted_qc>
  <study_first_posted type="Estimate">January 13, 2006</study_first_posted>
  <last_update_submitted>April 16, 2014</last_update_submitted>
  <last_update_submitted_qc>April 16, 2014</last_update_submitted_qc>
  <last_update_posted type="Estimate">April 17, 2014</last_update_posted>
  <responsible_party>
    <name_title>Steven D. Gore</name_title>
    <organization>Sidney Kimmel Comprehensive Cancer Center at Johns Hopkins</organization>
  </responsible_party>
  <keyword>untreated adult acute myeloid leukemia</keyword>
  <keyword>untreated childhood acute myeloid leukemia and other myeloid malignancies</keyword>
  <keyword>adult acute promyelocytic leukemia (M3)</keyword>
  <keyword>childhood acute promyelocytic leukemia (M3)</keyword>
  <keyword>adult acute myeloid leukemia with t(15;17)(q22;q12)</keyword>
  <condition_browse>
    <!-- CAUTION:  The following MeSH terms are assigned with an imperfect algorithm            -->
    <mesh_term>Leukemia</mesh_term>
    <mesh_term>Leukemia, Promyelocytic, Acute</mesh_term>
  </condition_browse>
  <intervention_browse>
    <!-- CAUTION:  The following MeSH terms are assigned with an imperfect algorithm            -->
    <mesh_term>Cytarabine</mesh_term>
    <mesh_term>Methotrexate</mesh_term>
    <mesh_term>Mercaptopurine</mesh_term>
    <mesh_term>Daunorubicin</mesh_term>
    <mesh_term>Arsenic Trioxide</mesh_term>
    <mesh_term>Tretinoin</mesh_term>
  </intervention_browse>
  <!-- Results have not yet been posted for this study                                          -->
</clinical_study>

