<?xml version="1.0" encoding="UTF-8"?>
<clinical_study rank="106">
  <!-- This xml conforms to an XML Schema at:
    https://clinicaltrials.gov/ct2/html/images/info/public.xsd -->
  <required_header>
    <download_date>ClinicalTrials.gov processed this data on May 11, 2021</download_date>
    <link_text>Link to the current ClinicalTrials.gov record.</link_text>
    <url>https://clinicaltrials.gov/show/NCT02435849</url>
  </required_header>
  <id_info>
    <org_study_id>CCTL019B2202</org_study_id>
    <secondary_id>2013-003205-25</secondary_id>
    <nct_id>NCT02435849</nct_id>
  </id_info>
  <brief_title>Determine Efficacy and Safety of CTL019 in Pediatric Patients With Relapsed and Refractory B-cell ALL and High Risk B-cell ALL at First Relapse. Determine Feasibility and Safety of CTL019 Therapy in Pediatric Patients With High Risk B-cell ALL That Relapsed &lt; 6 Months Post All-HSCT.</brief_title>
  <acronym>ELIANA</acronym>
  <official_title>A Phase II, Single Arm, Multicenter Trial to Determine the Efficacy and Safety of CTL019 in Pediatric Patients With Relapsed and Refractory B-cell Acute Lymphoblastic Leukemia</official_title>
  <sponsors>
    <lead_sponsor>
      <agency>Novartis Pharmaceuticals</agency>
      <agency_class>Industry</agency_class>
    </lead_sponsor>
  </sponsors>
  <source>Novartis</source>
  <oversight_info>
    <has_dmc>Yes</has_dmc>
    <is_fda_regulated_drug>Yes</is_fda_regulated_drug>
    <is_fda_regulated_device>No</is_fda_regulated_device>
  </oversight_info>
  <brief_summary>
    <textblock>
      This is a single arm, open-label, multi-center, phase II study to determine the efficacy and&#xD;
      safety of CTL019 in pediatric patients with r/r B-cell ALL and high risk B-cell ALL at first&#xD;
      relapse. Determine feasibility and safety of CTL019 therapy in pediatric patients with high&#xD;
      risk B-cell ALL that relapsed &lt; 6 months post allo-HSCT.&#xD;
    </textblock>
  </brief_summary>
  <detailed_description>
    <textblock>
      This is a three Cohort, open-label, multi-center, phase II study to determine the efficacy&#xD;
      and safety of CTL019 in pediatric patients with r/r B-cell ALL (Main Cohort closed for an&#xD;
      enrollment), high risk B-cell ALL patients at first relapse (Cohort 1 open for an&#xD;
      enrollment), and feasibility and safety of CTL019 in high risk B-cell ALL patients that&#xD;
      relapsed &lt;6 months post allo-HSCT (Cohort 2 is open for an enrollment).&#xD;
&#xD;
      The study will have the following sequential phases: Screening, Pre-Treatment (Cell Product&#xD;
      Preparation &amp; Lymphodepleting Chemotherapy), Treatment and Primary Follow-up, Secondary&#xD;
      Follow-up (if applicable) and Survival Follow-up. The total duration of the study is 5 years&#xD;
      from CTL019 cell infusion.&#xD;
    </textblock>
  </detailed_description>
  <overall_status>Active, not recruiting</overall_status>
  <start_date type="Actual">April 8, 2015</start_date>
  <completion_date type="Anticipated">November 28, 2022</completion_date>
  <primary_completion_date type="Anticipated">November 28, 2022</primary_completion_date>
  <phase>Phase 2</phase>
  <study_type>Interventional</study_type>
  <has_expanded_access>No</has_expanded_access>
  <study_design_info>
    <allocation>N/A</allocation>
    <intervention_model>Single Group Assignment</intervention_model>
    <intervention_model_description>Group 1: pediatric patients with relapsed and refractory B-cell ALL (closed for an enrollment) Group 2: pediatric patients with high risk B-cell ALL at first relapse (open for an enrollment) Group 3: pediatric patients with high risk B-cell ALL that relapsed &lt; 6 months post all-HSCT (open for an enrollment)</intervention_model_description>
    <primary_purpose>Treatment</primary_purpose>
    <masking>None (Open Label)</masking>
  </study_design_info>
  <primary_outcome>
    <measure>Overall remission rate (ORR) = CR + CRi</measure>
    <time_frame>After manufactured pts have received CTL019 infuson and completed 3 months from study day 1 infusion or discontinued earlier</time_frame>
    <description>Efficacy of CTL019 therapy as measured by overall remission rate during the 3 months after CTL019 administration, which includes CR and CR with incomplete blood count recovery (CRi) as determined by IRC assessment.</description>
  </primary_outcome>
  <secondary_outcome>
    <measure>Percentage of patients who achieve best overall response (BOR) or CR or CRi with an MRD negative bone marrow by central analysis using qPCR</measure>
    <time_frame>3 months</time_frame>
  </secondary_outcome>
  <secondary_outcome>
    <measure>Percentage of patients who achieve CR or CRi at month 6 without SCT between CTL019 infusion and Month 6 response assessment.</measure>
    <time_frame>6 months</time_frame>
  </secondary_outcome>
  <secondary_outcome>
    <measure>Duration of remission (DOR)</measure>
    <time_frame>60 months</time_frame>
  </secondary_outcome>
  <secondary_outcome>
    <measure>Percentage of patients who achieve CR or CRi with minimal residual disease negative bone marrow</measure>
    <time_frame>3 months</time_frame>
  </secondary_outcome>
  <secondary_outcome>
    <measure>Relapse-free survival</measure>
    <time_frame>60 months</time_frame>
  </secondary_outcome>
  <secondary_outcome>
    <measure>Event-free survival</measure>
    <time_frame>60 months</time_frame>
  </secondary_outcome>
  <secondary_outcome>
    <measure>Overall survival</measure>
    <time_frame>60 months</time_frame>
  </secondary_outcome>
  <secondary_outcome>
    <measure>Response at Day 28 +/- 4 days</measure>
    <time_frame>1 month</time_frame>
  </secondary_outcome>
  <secondary_outcome>
    <measure>Impact of baseline tumor burden on response</measure>
    <time_frame>60 months</time_frame>
  </secondary_outcome>
  <secondary_outcome>
    <measure>Percentage of patient who achieve CR or CRi and then proceed to SCT while in remission before Month 6 response assessment</measure>
    <time_frame>6 months</time_frame>
  </secondary_outcome>
  <secondary_outcome>
    <measure>Quality of response using MRD disease assessments before treatment at day 28 +/-4 days after treatment using central assessments by qPCR and before SCT by local assessment (flow or PCR)</measure>
    <time_frame>60 months</time_frame>
  </secondary_outcome>
  <secondary_outcome>
    <measure>Safety of CTL019 therapy</measure>
    <time_frame>60 months</time_frame>
  </secondary_outcome>
  <secondary_outcome>
    <measure>Characterize in vivo cellular PK profile of CTL019 cells in target tissues</measure>
    <time_frame>60 months</time_frame>
  </secondary_outcome>
  <secondary_outcome>
    <measure>Prevalence and incidence of immunogenicity to CTL019</measure>
    <time_frame>60 months</time_frame>
  </secondary_outcome>
  <secondary_outcome>
    <measure>Effects of CTL019 therapy on Patient Reported Outcomes</measure>
    <time_frame>60 months</time_frame>
  </secondary_outcome>
  <secondary_outcome>
    <measure>Derivation of a score to predict cytokine release syndrome</measure>
    <time_frame>3 months</time_frame>
  </secondary_outcome>
  <secondary_outcome>
    <measure>Describe the profile of soluable immune factors that may be key to cytokine release syndrome</measure>
    <time_frame>6 months</time_frame>
  </secondary_outcome>
  <secondary_outcome>
    <measure>Describe levels of B and T cells (blood and bone marrow) prior to and following CTL019 infusion for safety monitoring</measure>
    <time_frame>3 months</time_frame>
  </secondary_outcome>
  <number_of_arms>1</number_of_arms>
  <enrollment type="Actual">80</enrollment>
  <condition>Lymphoblastic Leukemia</condition>
  <condition>Acute</condition>
  <condition>High Risk</condition>
  <condition>Childhood</condition>
  <arm_group>
    <arm_group_label>Single dose of CTL019</arm_group_label>
    <arm_group_type>Experimental</arm_group_type>
    <description>2 to 5 x 10(6) autologous CTL019 transduced cells per kg body weight, with a maximum dose of 2.5 x 10(8) autologous CTL019 transduced cells via intravenous infusion.</description>
  </arm_group>
  <intervention>
    <intervention_type>Biological</intervention_type>
    <intervention_name>Single dose of CTL019</intervention_name>
    <description>2 to 5 x 10(6) autologous CTL019 transduced cells per kg body weight, with a maximum dose of 2.5 x 10(8) autologous CTL019 transduced cells via intravenous infusion.</description>
    <arm_group_label>Single dose of CTL019</arm_group_label>
  </intervention>
  <eligibility>
    <criteria>
      <textblock>
        Inclusion Criteria (Main Cohort closed for an enrollment):&#xD;
&#xD;
          -  Relapsed or refractory pediatric B-cell ALL&#xD;
&#xD;
               1. 2nd or greater Bone Marrow (BM) relapse OR.&#xD;
&#xD;
               2. Any BM relapse after allogeneic stem cell transplantation (SCT) and must be ≥ 6&#xD;
                  months from SCT at the time of CTL019 infusion OR.&#xD;
&#xD;
               3. Primary refractory as defined by not achieving a CR after 2 cycles of a standard&#xD;
                  chemotherapy regimen or chemorefractory as defined by not achieving a CR after 1&#xD;
                  cycle of standard chemotherapy for relapsed leukemia OR.&#xD;
&#xD;
               4. Patients with Philadelphia chromosome positive (Ph+) ALL are eligible if they are&#xD;
                  intolerant to or have failed 2 lines of tyrosine kinase inhibitor therapy (TKI),&#xD;
                  or if TKI therapy is contraindicated OR.&#xD;
&#xD;
               5. Ineligible for allogeneic SCT.&#xD;
&#xD;
          -  For relapsed patients, documentation of CD19 tumor expression demonstrated in bone&#xD;
             marrow or peripheral blood by flow cytometry within 3 months of study entry.&#xD;
&#xD;
          -  Bone marrow with ≥ 5% lymphoblasts by morphologic assessment at screening.&#xD;
&#xD;
          -  Life expectancy &gt; 12 weeks.&#xD;
&#xD;
          -  Age 3 at the time of screening to age 21 at the time of initial diagnosis&#xD;
&#xD;
          -  Must have an apheresis product of non-mobilized cells received and accepted by the&#xD;
             manufacturing site.&#xD;
&#xD;
        Exclusion Criteria (Main Cohort closed for an enrollment):&#xD;
&#xD;
          -  Isolated extra-medullary disease relapse&#xD;
&#xD;
          -  Patients with concomitant genetic syndrome: such as patients with Fanconi anemia,&#xD;
             Kostmann syndrome, Shwachman syndrome or any other known bone marrow failure syndrome.&#xD;
             Patients with Down Syndrome will not be excluded.&#xD;
&#xD;
          -  Patients with Burkitt's lymphoma/leukemia (i.e. patients with mature B-cell ALL,&#xD;
             leukemia with B-cell [sIg positive and kappa or lambda restricted positivity] ALL,&#xD;
             with FAB L3 morphology and /or a MYC translocation)&#xD;
&#xD;
          -  Prior malignancy, except carcinoma in situ of the skin or cervix treated with curative&#xD;
             intent and with no evidence of active disease&#xD;
&#xD;
          -  Treatment with any prior gene therapy product&#xD;
&#xD;
          -  Has had treatment with any prior anti-CD19/anti-CD3 therapy, or any other anti-CD19&#xD;
             therapy&#xD;
&#xD;
          -  Active or latent hepatitis B or active hepatitis C (test within 8 weeks of screening),&#xD;
             or any uncontrolled infection at screening&#xD;
&#xD;
          -  Human Immunodeficiency Virus (HIV) positive test within 8 weeks of screening&#xD;
&#xD;
          -  Presence of grade 2 to 4 acute or extensive chronic graft-versus-host disease (GVHD).&#xD;
&#xD;
          -  Active CNS involvement by malignancy, defined by CNS-3 per NCCN guidelines.&#xD;
&#xD;
          -  Patient has an investigational medicinal product within the last 30 days prior to&#xD;
             screening.&#xD;
&#xD;
          -  Pregnant or nursing (lactating) women.&#xD;
&#xD;
          -  Women of child-bearing potential, defined as all women physiologically capable of&#xD;
             becoming pregnant, unless they agree to use highly effective methods of contraception&#xD;
             from signing informed consent and through at least 12 months after the CTL019 infusion&#xD;
&#xD;
          -  Sexually active males must use a condom during intercourse from signing informed&#xD;
             consent to at least 12 months after the CTL019 infusion&#xD;
&#xD;
        Inclusion Criteria (Cohort 1 open for an enrollment):&#xD;
&#xD;
        a. B-cell acute lymphoblastic leukemia and:&#xD;
&#xD;
          -  First relapse AND hypodiploid cytogenetics: fewer than 44 chromosomes and/or DNA index&#xD;
             &lt; 0.81, or other clear evidence of a hypodiploid clone OR&#xD;
&#xD;
          -  First relapse AND t(17;19) with defined TCF3-HLF fusion OR&#xD;
&#xD;
          -  First relapse with any cytogenetics provided the relapse occurred ≤ 36 months of&#xD;
             initial diagnosis AND MRD at end of reinduction therapy is ≥0.01% by flow cytometry&#xD;
             (local assessment)&#xD;
&#xD;
          -  For relapsed patients, documentation of CD19 tumor expression demonstrated in bone&#xD;
             marrow or peripheral blood by flow cytometry within 3 months of study entry.&#xD;
&#xD;
          -  Bone marrow with ≥ 5% lymphoblasts by morphologic assessment at screening.&#xD;
&#xD;
          -  Life expectancy &gt; 12 weeks.&#xD;
&#xD;
          -  Age up to 25 years at the time of screening.&#xD;
&#xD;
          -  Must have an apheresis product of non-mobilized cells received and accepted by the&#xD;
             manufacturing site.&#xD;
&#xD;
        Exclusion Criteria (Cohort 1 , open for an enrollment):&#xD;
&#xD;
          -  Isolated extra-medullary disease relapse&#xD;
&#xD;
          -  Patients with concomitant genetic syndrome: such as patients with Fanconi anemia,&#xD;
             Kostmann syndrome, Shwachman syndrome or any other known bone marrow failure syndrome.&#xD;
             Patients with Down Syndrome will not be excluded.&#xD;
&#xD;
          -  Patients with Burkitt's lymphoma/leukemia (i.e. patients with mature B-cell ALL,&#xD;
             leukemia with B-cell [sIg positive and kappa or lambda restricted positivity] ALL,&#xD;
             with FAB L3 morphology and /or a MYC translocation)&#xD;
&#xD;
          -  Prior malignancy, except carcinoma in situ of the skin or cervix treated with curative&#xD;
             intent and with no evidence of active disease&#xD;
&#xD;
          -  Treatment with any prior gene therapy product&#xD;
&#xD;
          -  Has had treatment with any prior anti-CD19/anti-CD3 therapy, or any other anti-CD19&#xD;
             therapy&#xD;
&#xD;
          -  Active or latent hepatitis B or active hepatitis C (test within 8 weeks of screening),&#xD;
             or any uncontrolled infection at screening&#xD;
&#xD;
          -  Human Immunodeficiency Virus (HIV) positive test within 8 weeks of screening&#xD;
&#xD;
          -  Presence of grade 2 to 4 acute or extensive chronic graft-versus-host disease (GVHD).&#xD;
&#xD;
          -  Active CNS involvement by malignancy, defined by CNS-3 per NCCN guidelines.&#xD;
&#xD;
          -  Patient has an investigational medicinal product within the last 30 days prior to&#xD;
             screening.&#xD;
&#xD;
          -  Pregnant of nursing (lactating) women.&#xD;
&#xD;
          -  Women of child-bearing potential, defined as all women physiologically capable of&#xD;
             becoming pregnant, unless they agree to use highly effective methods of contraception&#xD;
             from signing informed consent and through at least 12 months after the CTL019 infusion&#xD;
&#xD;
          -  Sexually active males must use a condom during intercourse from signing informed&#xD;
             consent to at least 12 months after the CTL019 infusion&#xD;
&#xD;
        Inclusion Criteria (Cohort 2 open for an enrollment):&#xD;
&#xD;
        a. B-cell acute lymphoblastic leukemia and:&#xD;
&#xD;
          -  Any BM relapse after allogeneic stem cell transplantation (allo-HSCT) and must be &lt; 6&#xD;
             months from HSCT at the time of CTL019 infusion&#xD;
&#xD;
          -  For relapsed patients, documentation of CD19 tumor expression demonstrated in bone&#xD;
             marrow or peripheral blood by flow cytometry within 3 months of study entry.&#xD;
&#xD;
          -  Bone marrow with ≥ 5% lymphoblasts by morphologic assessment at screening.&#xD;
&#xD;
          -  Life expectancy &gt; 12 weeks.&#xD;
&#xD;
          -  Age up to 25 years at the time of screening.&#xD;
&#xD;
          -  Must have an apheresis product of non-mobilized cells received and accepted by the&#xD;
             manufacturing site.&#xD;
&#xD;
        Exclusion Criteria (Cohort 2 , open for an enrollment):&#xD;
&#xD;
          -  Isolated extra-medullary disease relapse&#xD;
&#xD;
          -  Patients with concomitant genetic syndrome: such as patients with Fanconi anemia,&#xD;
             Kostmann syndrome, Shwachman syndrome or any other known bone marrow failure syndrome.&#xD;
             Patients with Down Syndrome will not be excluded.&#xD;
&#xD;
          -  Patients with Burkitt's lymphoma/leukemia (i.e. patients with mature B-cell ALL,&#xD;
             leukemia with B-cell [sIg positive and kappa or lambda restricted positivity] ALL,&#xD;
             with FAB L3 morphology and /or a MYC translocation)&#xD;
&#xD;
          -  Prior malignancy, except carcinoma in situ of the skin or cervix treated with curative&#xD;
             intent and with no evidence of active disease&#xD;
&#xD;
          -  Treatment with any prior gene therapy product&#xD;
&#xD;
          -  Has had treatment with any prior anti-CD19/anti-CD3 therapy, or any other anti-CD19&#xD;
             therapy&#xD;
&#xD;
          -  Active or latent hepatitis B or active hepatitis C (test within 8 weeks of screening),&#xD;
             or any uncontrolled infection at screening&#xD;
&#xD;
          -  Human Immunodeficiency Virus (HIV) positive test within 8 weeks of screening&#xD;
&#xD;
          -  Presence of grade 2 to 4 acute or extensive chronic graft-versus-host disease (GVHD).&#xD;
&#xD;
          -  Active CNS involvement by malignancy, defined by CNS-3 per NCCN guidelines.&#xD;
&#xD;
          -  Patient has an investigational medicinal product within the last 30 days prior to&#xD;
             screening.&#xD;
&#xD;
          -  Pregnant or nursing (lactating) women&#xD;
&#xD;
          -  Women of child-bearing potential, defined as all women physiologically capable of&#xD;
             becoming pregnant, unless they agree to use highly effective methods of contraception&#xD;
             from signing informed consent and through at least 12 months after the CTL019 infusion&#xD;
&#xD;
          -  Sexually active males must use a condom during intercourse from signing informed&#xD;
             consent to at least 12 months after the CTL019 infusion&#xD;
&#xD;
        Other protocol-defined inclusion/exclusion may apply.&#xD;
      </textblock>
    </criteria>
    <gender>All</gender>
    <minimum_age>N/A</minimum_age>
    <maximum_age>25 Years</maximum_age>
    <healthy_volunteers>No</healthy_volunteers>
  </eligibility>
  <overall_official>
    <last_name>Novartis Pharmaceuticals</last_name>
    <role>Study Director</role>
    <affiliation>Novartis Pharmaceuticals</affiliation>
  </overall_official>
  <location>
    <facility>
      <name>Childrens Hospital Los Angeles SC CTL019</name>
      <address>
        <city>Los Angeles</city>
        <state>California</state>
        <zip>90027</zip>
        <country>United States</country>
      </address>
    </facility>
  </location>
  <location>
    <facility>
      <name>Stanford University Medical Center SC -</name>
      <address>
        <city>Stanford</city>
        <state>California</state>
        <zip>94304</zip>
        <country>United States</country>
      </address>
    </facility>
  </location>
  <location>
    <facility>
      <name>Children's Healthcare of Atlanta SC CTL019</name>
      <address>
        <city>Atlanta</city>
        <state>Georgia</state>
        <zip>30342</zip>
        <country>United States</country>
      </address>
    </facility>
  </location>
  <location>
    <facility>
      <name>University of Michigan SC</name>
      <address>
        <city>Ann Arbor</city>
        <state>Michigan</state>
        <zip>48109-2800</zip>
        <country>United States</country>
      </address>
    </facility>
  </location>
  <location>
    <facility>
      <name>University of Minnesota SC</name>
      <address>
        <city>Minneapolis</city>
        <state>Minnesota</state>
        <zip>55455</zip>
        <country>United States</country>
      </address>
    </facility>
  </location>
  <location>
    <facility>
      <name>Mercy Children's Kansas University</name>
      <address>
        <city>Kansas City</city>
        <state>Missouri</state>
        <zip>64108</zip>
        <country>United States</country>
      </address>
    </facility>
  </location>
  <location>
    <facility>
      <name>Duke Unversity Medical Center</name>
      <address>
        <city>Durham</city>
        <state>North Carolina</state>
        <zip>27705</zip>
        <country>United States</country>
      </address>
    </facility>
  </location>
  <location>
    <facility>
      <name>Cincinnati Children's Hospital Medical Center</name>
      <address>
        <city>Cincinnati</city>
        <state>Ohio</state>
        <zip>45229-3039</zip>
        <country>United States</country>
      </address>
    </facility>
  </location>
  <location>
    <facility>
      <name>Oregon Health &amp; Science University Doernbecher Children's Hosp.</name>
      <address>
        <city>Portland</city>
        <state>Oregon</state>
        <zip>97239-3098</zip>
        <country>United States</country>
      </address>
    </facility>
  </location>
  <location>
    <facility>
      <name>The Childrens Hospital of Philadelphia CHOP</name>
      <address>
        <city>Philadelphia</city>
        <state>Pennsylvania</state>
        <zip>19104</zip>
        <country>United States</country>
      </address>
    </facility>
  </location>
  <location>
    <facility>
      <name>Children's Medical Center of Dallas SC</name>
      <address>
        <city>Dallas</city>
        <state>Texas</state>
        <zip>75235</zip>
        <country>United States</country>
      </address>
    </facility>
  </location>
  <location>
    <facility>
      <name>University of Utah</name>
      <address>
        <city>Salt Lake City</city>
        <state>Utah</state>
        <zip>84108</zip>
        <country>United States</country>
      </address>
    </facility>
  </location>
  <location>
    <facility>
      <name>University of Wisconsin Hospital and Clinics</name>
      <address>
        <city>Madison</city>
        <state>Wisconsin</state>
        <zip>53792</zip>
        <country>United States</country>
      </address>
    </facility>
  </location>
  <location>
    <facility>
      <name>Novartis Investigative Site</name>
      <address>
        <city>Parkville</city>
        <state>Victoria</state>
        <zip>3052</zip>
        <country>Australia</country>
      </address>
    </facility>
  </location>
  <location>
    <facility>
      <name>Novartis Investigative Site</name>
      <address>
        <city>Wien</city>
        <zip>A 1090</zip>
        <country>Austria</country>
      </address>
    </facility>
  </location>
  <location>
    <facility>
      <name>Novartis Investigative Site</name>
      <address>
        <city>Gent</city>
        <zip>9000</zip>
        <country>Belgium</country>
      </address>
    </facility>
  </location>
  <location>
    <facility>
      <name>Novartis Investigative Site</name>
      <address>
        <city>Toronto</city>
        <state>Ontario</state>
        <zip>M5G 1X8</zip>
        <country>Canada</country>
      </address>
    </facility>
  </location>
  <location>
    <facility>
      <name>Novartis Investigative Site</name>
      <address>
        <city>Montreal</city>
        <state>Quebec</state>
        <zip>H3T 1C5</zip>
        <country>Canada</country>
      </address>
    </facility>
  </location>
  <location>
    <facility>
      <name>Novartis Investigative Site</name>
      <address>
        <city>Paris Cedex 10</city>
        <state>Cedex 10</state>
        <zip>75475</zip>
        <country>France</country>
      </address>
    </facility>
  </location>
  <location>
    <facility>
      <name>Novartis Investigative Site</name>
      <address>
        <city>Paris Cedex</city>
        <zip>75019</zip>
        <country>France</country>
      </address>
    </facility>
  </location>
  <location>
    <facility>
      <name>Novartis Investigative Site</name>
      <address>
        <city>Frankfurt</city>
        <zip>60590</zip>
        <country>Germany</country>
      </address>
    </facility>
  </location>
  <location>
    <facility>
      <name>Novartis Investigative Site</name>
      <address>
        <city>Monza</city>
        <state>MB</state>
        <zip>20900</zip>
        <country>Italy</country>
      </address>
    </facility>
  </location>
  <location>
    <facility>
      <name>Novartis Investigative Site</name>
      <address>
        <city>Sakyo Ku</city>
        <state>Kyoto</state>
        <zip>606 8507</zip>
        <country>Japan</country>
      </address>
    </facility>
  </location>
  <location>
    <facility>
      <name>Novartis Investigative Site</name>
      <address>
        <city>Oslo</city>
        <zip>0424</zip>
        <country>Norway</country>
      </address>
    </facility>
  </location>
  <location>
    <facility>
      <name>Novartis Investigative Site</name>
      <address>
        <city>Esplugues de Llobregat</city>
        <state>Barcelona</state>
        <zip>08950</zip>
        <country>Spain</country>
      </address>
    </facility>
  </location>
  <location_countries>
    <country>Australia</country>
    <country>Austria</country>
    <country>Belgium</country>
    <country>Canada</country>
    <country>France</country>
    <country>Germany</country>
    <country>Italy</country>
    <country>Japan</country>
    <country>Norway</country>
    <country>Spain</country>
    <country>United States</country>
  </location_countries>
  <verification_date>March 2021</verification_date>
  <study_first_submitted>April 16, 2015</study_first_submitted>
  <study_first_submitted_qc>May 1, 2015</study_first_submitted_qc>
  <study_first_posted type="Estimate">May 6, 2015</study_first_posted>
  <last_update_submitted>March 9, 2021</last_update_submitted>
  <last_update_submitted_qc>March 9, 2021</last_update_submitted_qc>
  <last_update_posted type="Actual">March 10, 2021</last_update_posted>
  <responsible_party>
    <responsible_party_type>Sponsor</responsible_party_type>
  </responsible_party>
  <keyword>Pediatric</keyword>
  <keyword>ALL</keyword>
  <keyword>Cell therapy</keyword>
  <condition_browse>
    <!-- CAUTION:  The following MeSH terms are assigned with an imperfect algorithm            -->
    <mesh_term>Leukemia</mesh_term>
    <mesh_term>Precursor Cell Lymphoblastic Leukemia-Lymphoma</mesh_term>
    <mesh_term>Leukemia, Lymphoid</mesh_term>
  </condition_browse>
  <patient_data>
    <sharing_ipd>Yes</sharing_ipd>
    <ipd_description>Novartis is committed to sharing with qualified external researchers, access to patient-level data and supporting clinical documents from eligible studies. These requests are reviewed and approved by an independent review panel on the basis of scientific merit. All data provided is anonymized to respect the privacy of patients who have participated in the trial in line with applicable laws and regulations.&#xD;
This trial data availability is according to the criteria and process described on www.clinicalstudydatarequest.com</ipd_description>
  </patient_data>
  <!-- Results have not yet been posted for this study                                          -->
</clinical_study>

