<?xml version="1.0" encoding="UTF-8"?>
<clinical_study rank="203">
  <!-- This xml conforms to an XML Schema at:
    https://clinicaltrials.gov/ct2/html/images/info/public.xsd -->
  <required_header>
    <download_date>ClinicalTrials.gov processed this data on May 11, 2021</download_date>
    <link_text>Link to the current ClinicalTrials.gov record.</link_text>
    <url>https://clinicaltrials.gov/show/NCT00309907</url>
  </required_header>
  <id_info>
    <org_study_id>ASCT0521</org_study_id>
    <secondary_id>NCI-2009-00429</secondary_id>
    <secondary_id>COG-PBMTC-SUP051</secondary_id>
    <secondary_id>COG-ASCT0521</secondary_id>
    <secondary_id>CDR0000456407</secondary_id>
    <secondary_id>U10CA098543</secondary_id>
    <nct_id>NCT00309907</nct_id>
  </id_info>
  <brief_title>Etanercept in Treating Young Patients With Idiopathic Pneumonia Syndrome After Undergoing a Donor Stem Cell Transplant</brief_title>
  <official_title>Soluble Tumor Necrosis Factor Receptor: Enbrel® (Etanercept) for the Treatment of Acute Non-Infectious Pulmonary Dysfunction (Idiopathic Pneumonia Syndrome) Following Allogeneic Stem Cell Transplantation</official_title>
  <sponsors>
    <lead_sponsor>
      <agency>Children's Oncology Group</agency>
      <agency_class>Other</agency_class>
    </lead_sponsor>
    <collaborator>
      <agency>National Cancer Institute (NCI)</agency>
      <agency_class>NIH</agency_class>
    </collaborator>
  </sponsors>
  <source>Children's Oncology Group</source>
  <oversight_info>
    <has_dmc>Yes</has_dmc>
  </oversight_info>
  <brief_summary>
    <textblock>
      This phase II trial is studying how well etanercept works in treating young patients with&#xD;
      idiopathic pneumonia syndrome after undergoing a donor stem cell transplant. Etanercept may&#xD;
      be effective in treating patients with idiopathic pneumonia syndrome after undergoing a donor&#xD;
      stem cell transplant.&#xD;
    </textblock>
  </brief_summary>
  <detailed_description>
    <textblock>
      PRIMARY OBJECTIVES:&#xD;
&#xD;
      I. Determine the response rate, defined as survival and complete discontinuation of&#xD;
      supplemental oxygen at day 28, in pediatric patients with acute noninfectious pulmonary&#xD;
      dysfunction (idiopathic pneumonia syndrome [IPS]) after undergoing allogeneic stem cell&#xD;
      transplantation treated with etanercept.&#xD;
&#xD;
      SECONDARY OBJECTIVES:&#xD;
&#xD;
      I. Estimate the day 56 survival rate in patients treated with this drug. II. Determine the&#xD;
      overall survival distribution in patients treated with this drug.&#xD;
&#xD;
      III. Determine the pulmonary response, as defined as the time to discontinuation of&#xD;
      supplemental oxygen, in patients treated with this drug.&#xD;
&#xD;
      IV. Evaluate the toxicity of etanercept therapy in patients with IPS. V. Evaluate levels of&#xD;
      pro-inflammatory cytokines, in both bronchoalveolar lavage (BAL) fluid and serum, in patients&#xD;
      with IPS.&#xD;
&#xD;
      VI. Describe C-reactive protein (CRP) levels at baseline, day 7, 14, 21, and 28 and their&#xD;
      association with response in patients with IPS.&#xD;
&#xD;
      OUTLINE: This is an open-label, nonrandomized, multicenter study.&#xD;
&#xD;
      Patients receive etanercept IV over 30 minutes on day 0 and subcutaneously on days 3, 7, 10,&#xD;
      14, 17, 21, and 24. Treatment continues in the absence of an infectious pathogen, disease&#xD;
      progression, or unacceptable toxicity. Patients also receive methylprednisolone (or&#xD;
      corticosteroid equivalent) IV on days 0-2 and then orally with a taper until day 56.&#xD;
&#xD;
      After completion of study treatment, patients are followed periodically for 5 years.&#xD;
    </textblock>
  </detailed_description>
  <overall_status>Completed</overall_status>
  <start_date>April 2006</start_date>
  <completion_date type="Actual">September 2011</completion_date>
  <primary_completion_date type="Actual">September 2011</primary_completion_date>
  <phase>Phase 2</phase>
  <study_type>Interventional</study_type>
  <has_expanded_access>No</has_expanded_access>
  <study_design_info>
    <allocation>N/A</allocation>
    <intervention_model>Single Group Assignment</intervention_model>
    <primary_purpose>Treatment</primary_purpose>
    <masking>None (Open Label)</masking>
  </study_design_info>
  <primary_outcome>
    <measure>Response of IPS (Idiopathic Pneumonia Syndrome) to Etanercept Plus Corticosteroid Therapy by Day 28.</measure>
    <time_frame>At day 28</time_frame>
    <description>Response to therapy is defined as survival to Day 28 of study, PLUS complete discontinuation all supplemental oxygen support by Day 28 of study. Subjects must be able to remain off all supplemental oxygen support for &gt; 72 consecutive hours. Subjects who discontinue supplemental oxygen within the last 72 hours of the observation period will be followed until they have completed 72 consecutive hours off oxygen or failed prior to assessing response.</description>
  </primary_outcome>
  <secondary_outcome>
    <measure>Survival Rate</measure>
    <time_frame>Up to day 56</time_frame>
    <description>Estimated Day 56 survival rate following initiation of etanercept + corticosteroid therapy for patients with IPS.</description>
  </secondary_outcome>
  <secondary_outcome>
    <measure>Estimate Percentage Pulmonary Response in Patients With IPS Treated With Etanercept + Corticosteroid Therapy</measure>
    <time_frame>up to day 56</time_frame>
    <description>Pulmonary response is defined as alive &amp; come off of oxygen .</description>
  </secondary_outcome>
  <secondary_outcome>
    <measure>Toxicity of Etanercept Plus Corticosteroid Therapy Using the Common Terminology Criteria Version 4.0</measure>
    <time_frame>Up to 56 days</time_frame>
    <description>Grade 3-5 organ toxicities attributable to etanercept.</description>
  </secondary_outcome>
  <secondary_outcome>
    <measure>Plasma Cytokine IL6 Level</measure>
    <time_frame>From baseline to days 7 and 28</time_frame>
    <description>Estimated mean and standard error of IL6 level</description>
  </secondary_outcome>
  <secondary_outcome>
    <measure>C-reactive Protein Levels</measure>
    <time_frame>From baseline to days 7, 14, 21, and 28</time_frame>
    <description>Estimated mean and standard deviation</description>
  </secondary_outcome>
  <number_of_arms>1</number_of_arms>
  <enrollment type="Actual">39</enrollment>
  <condition>Accelerated Phase Chronic Myelogenous Leukemia</condition>
  <condition>Blastic Phase Chronic Myelogenous Leukemia</condition>
  <condition>Childhood Acute Lymphoblastic Leukemia in Remission</condition>
  <condition>Childhood Acute Myeloid Leukemia in Remission</condition>
  <condition>Childhood Chronic Myelogenous Leukemia</condition>
  <condition>Childhood Myelodysplastic Syndromes</condition>
  <condition>Chronic Phase Chronic Myelogenous Leukemia</condition>
  <condition>de Novo Myelodysplastic Syndromes</condition>
  <condition>Disseminated Neuroblastoma</condition>
  <condition>Juvenile Myelomonocytic Leukemia</condition>
  <condition>Previously Treated Childhood Rhabdomyosarcoma</condition>
  <condition>Previously Treated Myelodysplastic Syndromes</condition>
  <condition>Pulmonary Complications</condition>
  <condition>Recurrent Childhood Acute Lymphoblastic Leukemia</condition>
  <condition>Recurrent Childhood Acute Myeloid Leukemia</condition>
  <condition>Recurrent Childhood Large Cell Lymphoma</condition>
  <condition>Recurrent Childhood Lymphoblastic Lymphoma</condition>
  <condition>Recurrent Childhood Rhabdomyosarcoma</condition>
  <condition>Recurrent Childhood Small Noncleaved Cell Lymphoma</condition>
  <condition>Recurrent Neuroblastoma</condition>
  <condition>Recurrent Wilms Tumor and Other Childhood Kidney Tumors</condition>
  <condition>Recurrent/Refractory Childhood Hodgkin Lymphoma</condition>
  <condition>Relapsing Chronic Myelogenous Leukemia</condition>
  <condition>Secondary Acute Myeloid Leukemia</condition>
  <condition>Secondary Myelodysplastic Syndromes</condition>
  <arm_group>
    <arm_group_label>Etanercept and corticosteroid therapy</arm_group_label>
    <arm_group_type>Experimental</arm_group_type>
    <description>Patients receive etanercept IV (dose 0.4 mg/kg- max 25 mg) over 30 minutes on day 0 and subcutaneously (dose 0.4 mg/kg- max 25 mg) on days 3, 7, 10, 14, 17, 21, and 24. Treatment continues in the absence of an infectious pathogen, disease progression, or unacceptable toxicity. Patients also receive methylprednisolone (or corticosteroid equivalent) IV (dose 2.0 mg/kg/day) on days 0-2 and then orally with a taper beginning day 7. Dose on days 7-20 (1.0 mg/kg/day), days 21-34 (0.5 mg/kg/day), days 35-48 (0.25 mg/kg/day) and days 49-56 (0.25 mg/kg/every other day) discontinuing on day 56.</description>
  </arm_group>
  <intervention>
    <intervention_type>Biological</intervention_type>
    <intervention_name>etanercept</intervention_name>
    <description>Given IV and subcutaneously</description>
    <arm_group_label>Etanercept and corticosteroid therapy</arm_group_label>
    <other_name>Enbrel</other_name>
    <other_name>ETN</other_name>
    <other_name>TNFR:Fc</other_name>
    <other_name>Tumor Necrosis Factor Receptor IgG Chimera</other_name>
  </intervention>
  <intervention>
    <intervention_type>Drug</intervention_type>
    <intervention_name>methylprednisolone</intervention_name>
    <description>Given IV and orally</description>
    <arm_group_label>Etanercept and corticosteroid therapy</arm_group_label>
    <other_name>Depo-Medrol</other_name>
    <other_name>Medrol</other_name>
    <other_name>MePRDL</other_name>
    <other_name>Solu-Medrol</other_name>
    <other_name>Wyacort</other_name>
  </intervention>
  <eligibility>
    <criteria>
      <textblock>
        Inclusion Criteria:&#xD;
&#xD;
          -  Diagnosis of acute, noninfectious idiopathic pulmonary dysfunction (IPS) as defined by&#xD;
             the following:&#xD;
&#xD;
               -  Evidence of diffuse lung injury occurring within the first several months after&#xD;
                  hematopoietic stem cell transplantation for which an infectious etiology is not&#xD;
                  identified. To meet the criteria for IPS there must be:&#xD;
&#xD;
                    -  Evidence of widespread alveolar injury&#xD;
&#xD;
                         -  Diffuse multi-lobar infiltrates on chest x-ray or CT scan&#xD;
&#xD;
                         -  Evidence for abnormal respiratory physiology based upon 1 of the&#xD;
                            following:&#xD;
&#xD;
                              -  Room air oxygen saturation &lt; 93%&#xD;
&#xD;
                              -  Supplemental oxygen required to maintain an oxygen saturation ≥&#xD;
                                 93%&#xD;
&#xD;
                    -  Absence of active lower respiratory tract infection, defined as&#xD;
                       Bronchoalveolar lavage (BAL)-negative for infection based on one of the&#xD;
                       following:&#xD;
&#xD;
                         -  Gram stain, fungal stain, acid-fast bacilli stain&#xD;
&#xD;
                         -  Bacterial culture (a quantitative culture ≥ 10^4 colony-forming&#xD;
                            units/mL is considered positive)&#xD;
&#xD;
                         -  Fungal culture&#xD;
&#xD;
                         -  Mycobacterial culture&#xD;
&#xD;
                         -  Viral culture (respiratory syncytial virus [RSV], parainfluenza,&#xD;
                            adenovirus, influenza A and B, and cytomegalovirus [CMV])&#xD;
&#xD;
                              -  If direct fluorescent antibody (DFA) screening is performed on&#xD;
                                 BAL, it must be negative for all viruses listed above&#xD;
&#xD;
                         -  Pneumocystis carinii pneumonia by polymerase chain reaction (PCR), DFA&#xD;
                            stain, or cytology&#xD;
&#xD;
               -  Evidence of bilateral pulmonary infiltrates (on chest radiograph)&#xD;
&#xD;
               -  Patients may have diffuse alveolar hemorrhage (DAH) or peri-engraftment&#xD;
                  respiratory distress syndrome (PERDS)&#xD;
&#xD;
               -  Presence of &quot;mixed oral flora,&quot; &quot;rare Candida species,&quot; or the presence of a&#xD;
                  Penicillium species reported on BAL fluid analysis allowed&#xD;
&#xD;
               -  A radiographic finding of pulmonary edema does not exclude the diagnosis of IPS,&#xD;
                  provided the other criteria have been met and provided the treating physician&#xD;
                  concludes by clinical (or echocardiographic) criteria that the pulmonary edema is&#xD;
                  not secondary to cardiac dysfunction or iatrogenic fluid overload&#xD;
&#xD;
          -  Patients must require supplemental oxygen&#xD;
&#xD;
          -  Must have undergone an allogeneic bone marrow, cord blood, or peripheral blood stem&#xD;
             cell transplantation within the past 120 days&#xD;
&#xD;
               -  There are no restrictions based upon underlying disease, donor source, the degree&#xD;
                  of HLA match, the intensity of the pre-transplant conditioning regimen, or the&#xD;
                  use of a prior donor leukocyte infusion&#xD;
&#xD;
          -  Not pregnant or nursing&#xD;
&#xD;
          -  Negative pregnancy test&#xD;
&#xD;
          -  Fertile patients must use effective contraception&#xD;
&#xD;
          -  No documented invasive fungal or systemic viral infection within the past 14 days&#xD;
&#xD;
               -  Patients with asymptomatic viruria allowed&#xD;
&#xD;
          -  No signs of CMV reactivation (by CMV, PCR, antigenemia, or shell vial culture) within&#xD;
             the past 14 days&#xD;
&#xD;
          -  No sepsis syndrome or hypotension that requires inotropic support (except dopamine &lt;&#xD;
             5mcg/kg/minute)&#xD;
&#xD;
          -  No documented bacteremia within the past 48 hours&#xD;
&#xD;
               -  Persistent fever allowed&#xD;
&#xD;
          -  No evidence of cardiac failure by clinical or echocardiographic findings&#xD;
&#xD;
          -  No known hypersensitivity to etanercept&#xD;
&#xD;
          -  No known history of tuberculosis (Tb) or prior Tb exposure&#xD;
&#xD;
          -  No prior chronic hepatitis B or hepatitis C infection&#xD;
&#xD;
          -  Concurrent treatment for acute or chronic GVHD allowed&#xD;
&#xD;
          -  More than 14 days since prior etanercept&#xD;
&#xD;
          -  More than 7 days since prior investigational drug trials (phase I, II, or III) for the&#xD;
             treatment of acute graft-versus-host disease (GVHD)&#xD;
&#xD;
          -  Not on mechanical ventilation for &gt; 48 continuous hours prior to study entry&#xD;
&#xD;
          -  Must not be receiving &gt; 2 mg/kg/day of methylprednisolone or corticosteroid equivalent&#xD;
             within 24 hours of study entry&#xD;
&#xD;
          -  Concurrent continuous veno-venous hemofiltration or hemodialysis allowed&#xD;
      </textblock>
    </criteria>
    <gender>All</gender>
    <minimum_age>1 Year</minimum_age>
    <maximum_age>17 Years</maximum_age>
    <healthy_volunteers>No</healthy_volunteers>
  </eligibility>
  <overall_official>
    <last_name>Gregory Yanik, MD</last_name>
    <role>Principal Investigator</role>
    <affiliation>Children's Oncology Group</affiliation>
  </overall_official>
  <location>
    <facility>
      <name>University of Alabama at Birmingham</name>
      <address>
        <city>Birmingham</city>
        <state>Alabama</state>
        <zip>35294</zip>
        <country>United States</country>
      </address>
    </facility>
  </location>
  <location>
    <facility>
      <name>Children's Oncology Group</name>
      <address>
        <city>Arcadia</city>
        <state>California</state>
        <zip>91006-3776</zip>
        <country>United States</country>
      </address>
    </facility>
  </location>
  <location>
    <facility>
      <name>Loma Linda University Medical Center</name>
      <address>
        <city>Loma Linda</city>
        <state>California</state>
        <zip>92354</zip>
        <country>United States</country>
      </address>
    </facility>
  </location>
  <location>
    <facility>
      <name>Children's Hospital Colorado</name>
      <address>
        <city>Aurora</city>
        <state>Colorado</state>
        <zip>80045</zip>
        <country>United States</country>
      </address>
    </facility>
  </location>
  <location>
    <facility>
      <name>Children's National Medical Center</name>
      <address>
        <city>Washington, D.C.</city>
        <state>District of Columbia</state>
        <zip>20010</zip>
        <country>United States</country>
      </address>
    </facility>
  </location>
  <location>
    <facility>
      <name>All Children's Hospital</name>
      <address>
        <city>Saint Petersburg</city>
        <state>Florida</state>
        <zip>33701</zip>
        <country>United States</country>
      </address>
    </facility>
  </location>
  <location>
    <facility>
      <name>Children's Healthcare of Atlanta - Egleston</name>
      <address>
        <city>Atlanta</city>
        <state>Georgia</state>
        <zip>30322</zip>
        <country>United States</country>
      </address>
    </facility>
  </location>
  <location>
    <facility>
      <name>Childrens Memorial Hospital</name>
      <address>
        <city>Chicago</city>
        <state>Illinois</state>
        <zip>60614</zip>
        <country>United States</country>
      </address>
    </facility>
  </location>
  <location>
    <facility>
      <name>Indiana University Cancer Center</name>
      <address>
        <city>Indianapolis</city>
        <state>Indiana</state>
        <zip>46202</zip>
        <country>United States</country>
      </address>
    </facility>
  </location>
  <location>
    <facility>
      <name>Indiana University Medical Center</name>
      <address>
        <city>Indianapolis</city>
        <state>Indiana</state>
        <zip>46202</zip>
        <country>United States</country>
      </address>
    </facility>
  </location>
  <location>
    <facility>
      <name>Children's Hospital-Main Campus</name>
      <address>
        <city>New Orleans</city>
        <state>Louisiana</state>
        <zip>70118</zip>
        <country>United States</country>
      </address>
    </facility>
  </location>
  <location>
    <facility>
      <name>Johns Hopkins University</name>
      <address>
        <city>Baltimore</city>
        <state>Maryland</state>
        <zip>21287-8936</zip>
        <country>United States</country>
      </address>
    </facility>
  </location>
  <location>
    <facility>
      <name>C S Mott Children's Hospital</name>
      <address>
        <city>Ann Arbor</city>
        <state>Michigan</state>
        <zip>48109</zip>
        <country>United States</country>
      </address>
    </facility>
  </location>
  <location>
    <facility>
      <name>University of Nebraska Medical Center</name>
      <address>
        <city>Omaha</city>
        <state>Nebraska</state>
        <zip>68198</zip>
        <country>United States</country>
      </address>
    </facility>
  </location>
  <location>
    <facility>
      <name>Hackensack University Medical Center</name>
      <address>
        <city>Hackensack</city>
        <state>New Jersey</state>
        <zip>07601</zip>
        <country>United States</country>
      </address>
    </facility>
  </location>
  <location>
    <facility>
      <name>Columbia University Medical Center</name>
      <address>
        <city>New York</city>
        <state>New York</state>
        <zip>10032</zip>
        <country>United States</country>
      </address>
    </facility>
  </location>
  <location>
    <facility>
      <name>New York Medical College</name>
      <address>
        <city>Valhalla</city>
        <state>New York</state>
        <zip>10595</zip>
        <country>United States</country>
      </address>
    </facility>
  </location>
  <location>
    <facility>
      <name>Oregon Health and Science University</name>
      <address>
        <city>Portland</city>
        <state>Oregon</state>
        <zip>97239</zip>
        <country>United States</country>
      </address>
    </facility>
  </location>
  <location>
    <facility>
      <name>Children's Hospital of Philadelphia</name>
      <address>
        <city>Philadelphia</city>
        <state>Pennsylvania</state>
        <zip>19104</zip>
        <country>United States</country>
      </address>
    </facility>
  </location>
  <location>
    <facility>
      <name>Children's Hospital of Pittsburgh of UPMC</name>
      <address>
        <city>Pittsburgh</city>
        <state>Pennsylvania</state>
        <zip>15224</zip>
        <country>United States</country>
      </address>
    </facility>
  </location>
  <location>
    <facility>
      <name>Medical University of South Carolina</name>
      <address>
        <city>Charleston</city>
        <state>South Carolina</state>
        <zip>29425</zip>
        <country>United States</country>
      </address>
    </facility>
  </location>
  <location>
    <facility>
      <name>University of Texas Southwestern Medical Center</name>
      <address>
        <city>Dallas</city>
        <state>Texas</state>
        <zip>75390</zip>
        <country>United States</country>
      </address>
    </facility>
  </location>
  <location>
    <facility>
      <name>Cook Children's Medical Center</name>
      <address>
        <city>Fort Worth</city>
        <state>Texas</state>
        <zip>76104</zip>
        <country>United States</country>
      </address>
    </facility>
  </location>
  <location>
    <facility>
      <name>Methodist Children's Hospital of South Texas</name>
      <address>
        <city>San Antonio</city>
        <state>Texas</state>
        <zip>78229</zip>
        <country>United States</country>
      </address>
    </facility>
  </location>
  <location>
    <facility>
      <name>Seattle Children's Hospital</name>
      <address>
        <city>Seattle</city>
        <state>Washington</state>
        <zip>98105</zip>
        <country>United States</country>
      </address>
    </facility>
  </location>
  <location>
    <facility>
      <name>Midwest Children's Cancer Center</name>
      <address>
        <city>Milwaukee</city>
        <state>Wisconsin</state>
        <zip>53226</zip>
        <country>United States</country>
      </address>
    </facility>
  </location>
  <location_countries>
    <country>United States</country>
  </location_countries>
  <removed_countries>
    <country>Australia</country>
    <country>Canada</country>
  </removed_countries>
  <verification_date>February 2017</verification_date>
  <study_first_submitted>March 29, 2006</study_first_submitted>
  <study_first_submitted_qc>March 29, 2006</study_first_submitted_qc>
  <study_first_posted type="Estimate">April 3, 2006</study_first_posted>
  <results_first_submitted>January 6, 2014</results_first_submitted>
  <results_first_submitted_qc>January 6, 2014</results_first_submitted_qc>
  <results_first_posted type="Estimate">February 14, 2014</results_first_posted>
  <last_update_submitted>September 1, 2017</last_update_submitted>
  <last_update_submitted_qc>September 1, 2017</last_update_submitted_qc>
  <last_update_posted type="Actual">September 29, 2017</last_update_posted>
  <responsible_party>
    <responsible_party_type>Sponsor</responsible_party_type>
  </responsible_party>
  <condition_browse>
    <!-- CAUTION:  The following MeSH terms are assigned with an imperfect algorithm            -->
    <mesh_term>Lymphoma</mesh_term>
    <mesh_term>Leukemia</mesh_term>
    <mesh_term>Leukemia, Myeloid</mesh_term>
    <mesh_term>Leukemia, Myeloid, Acute</mesh_term>
    <mesh_term>Preleukemia</mesh_term>
    <mesh_term>Neoplasm Metastasis</mesh_term>
    <mesh_term>Precursor Cell Lymphoblastic Leukemia-Lymphoma</mesh_term>
    <mesh_term>Leukemia, Lymphoid</mesh_term>
    <mesh_term>Leukemia, Myelogenous, Chronic, BCR-ABL Positive</mesh_term>
    <mesh_term>Neuroblastoma</mesh_term>
    <mesh_term>Rhabdomyosarcoma</mesh_term>
    <mesh_term>Lymphoma, Non-Hodgkin</mesh_term>
    <mesh_term>Leukemia, Myeloid, Chronic-Phase</mesh_term>
    <mesh_term>Wilms Tumor</mesh_term>
    <mesh_term>Blast Crisis</mesh_term>
    <mesh_term>Leukemia, Myeloid, Accelerated Phase</mesh_term>
    <mesh_term>Rhabdomyosarcoma, Embryonal</mesh_term>
    <mesh_term>Leukemia, Myelomonocytic, Juvenile</mesh_term>
    <mesh_term>Pneumonia</mesh_term>
    <mesh_term>Myelodysplastic Syndromes</mesh_term>
    <mesh_term>Syndrome</mesh_term>
  </condition_browse>
  <intervention_browse>
    <!-- CAUTION:  The following MeSH terms are assigned with an imperfect algorithm            -->
    <mesh_term>Methylprednisolone</mesh_term>
    <mesh_term>Methylprednisolone Acetate</mesh_term>
    <mesh_term>Methylprednisolone Hemisuccinate</mesh_term>
    <mesh_term>Prednisolone</mesh_term>
    <mesh_term>Prednisolone acetate</mesh_term>
    <mesh_term>Etanercept</mesh_term>
    <mesh_term>Prednisolone hemisuccinate</mesh_term>
    <mesh_term>Prednisolone phosphate</mesh_term>
  </intervention_browse>

  <clinical_results>

    <participant_flow>
      <group_list>
        <group group_id="P1">
          <title>Etanercept and Corticosteroid Therapy</title>
          <description>Patients receive etanercept IV (dose 0.4 mg/kg- max 25 mg) over 30 minutes on day 0 and subcutaneously (dose 0.4 mg/kg- max 25 mg) on days 3, 7, 10, 14, 17, 21, and 24. Treatment continues in the absence of an infectious pathogen, disease progression, or unacceptable toxicity. Patients also receive methylprednisolone (or corticosteroid equivalent) IV (dose 2.0 mg/kg/day) on days 0-2 and then orally with a taper beginning day 7. Dose on days 7-20 (1.0 mg/kg/day), days 21-34 (0.5 mg/kg/day), days 35-48 (0.25 mg/kg/day) and days 49-56 (0.25 mg/kg/every other day) discontinuing on day 56.&#xD;
etanercept: Given IV and subcutaneously&#xD;
methylprednisolone: Given IV and orally</description>
        </group>
      </group_list>
      <period_list>
        <period>
          <title>Overall Study</title>
          <milestone_list>
            <milestone>
              <title>STARTED</title>
              <participants_list>
                <participants group_id="P1" count="39"/>
              </participants_list>
            </milestone>
            <milestone>
              <title>COMPLETED</title>
              <participants_list>
                <participants group_id="P1" count="19"/>
              </participants_list>
            </milestone>
            <milestone>
              <title>NOT COMPLETED</title>
              <participants_list>
                <participants group_id="P1" count="20"/>
              </participants_list>
            </milestone>
          </milestone_list>
          <drop_withdraw_reason_list>
            <drop_withdraw_reason>
              <title>Death</title>
              <participants_list>
                <participants group_id="P1" count="4"/>
              </participants_list>
            </drop_withdraw_reason>
            <drop_withdraw_reason>
              <title>Physician Decision</title>
              <participants_list>
                <participants group_id="P1" count="1"/>
              </participants_list>
            </drop_withdraw_reason>
            <drop_withdraw_reason>
              <title>Ineligible</title>
              <participants_list>
                <participants group_id="P1" count="11"/>
              </participants_list>
            </drop_withdraw_reason>
            <drop_withdraw_reason>
              <title>Major infectious event</title>
              <participants_list>
                <participants group_id="P1" count="4"/>
              </participants_list>
            </drop_withdraw_reason>
          </drop_withdraw_reason_list>
        </period>
      </period_list>
    </participant_flow>

    <baseline>
      <group_list>
        <group group_id="B1">
          <title>Etanercept and Corticosteroid Therapy</title>
          <description>Patients receive etanercept IV (dose 0.4 mg/kg- max 25 mg) over 30 minutes on day 0 and subcutaneously (dose 0.4 mg/kg- max 25 mg) on days 3, 7, 10, 14, 17, 21, and 24. Treatment continues in the absence of an infectious pathogen, disease progression, or unacceptable toxicity. Patients also receive methylprednisolone (or corticosteroid equivalent) IV (dose 2.0 mg/kg/day) on days 0-2 and then orally with a taper beginning day 7. Dose on days 7-20 (1.0 mg/kg/day), days 21-34 (0.5 mg/kg/day), days 35-48 (0.25 mg/kg/day) and days 49-56 (0.25 mg/kg/every other day) discontinuing on day 56.&#xD;
etanercept: Given IV and subcutaneously&#xD;
methylprednisolone: Given IV and orally</description>
        </group>
      </group_list>
      <analyzed_list>
        <analyzed>
          <units>Participants</units>
          <scope>Overall</scope>
          <count_list>
            <count group_id="B1" value="39"/>
          </count_list>
        </analyzed>
      </analyzed_list>
      <measure_list>
        <measure>
          <title>Age</title>
          <units>years</units>
          <param>Median</param>
          <dispersion>Full Range</dispersion>
          <class_list>
            <class>
              <category_list>
                <category>
                  <measurement_list>
                    <measurement group_id="B1" value="11" lower_limit="1" upper_limit="17"/>
                  </measurement_list>
                </category>
              </category_list>
            </class>
          </class_list>
        </measure>
        <measure>
          <title>Sex: Female, Male</title>
          <units>Participants</units>
          <param>Count of Participants</param>
          <class_list>
            <class>
              <category_list>
                <category>
                  <title>Female</title>
                  <measurement_list>
                    <measurement group_id="B1" value="19"/>
                  </measurement_list>
                </category>
                <category>
                  <title>Male</title>
                  <measurement_list>
                    <measurement group_id="B1" value="20"/>
                  </measurement_list>
                </category>
              </category_list>
            </class>
          </class_list>
        </measure>
        <measure>
          <title>Race (NIH/OMB)</title>
          <units>Participants</units>
          <param>Count of Participants</param>
          <class_list>
            <class>
              <category_list>
                <category>
                  <title>American Indian or Alaska Native</title>
                  <measurement_list>
                    <measurement group_id="B1" value="1"/>
                  </measurement_list>
                </category>
                <category>
                  <title>Asian</title>
                  <measurement_list>
                    <measurement group_id="B1" value="5"/>
                  </measurement_list>
                </category>
                <category>
                  <title>Native Hawaiian or Other Pacific Islander</title>
                  <measurement_list>
                    <measurement group_id="B1" value="1"/>
                  </measurement_list>
                </category>
                <category>
                  <title>Black or African American</title>
                  <measurement_list>
                    <measurement group_id="B1" value="5"/>
                  </measurement_list>
                </category>
                <category>
                  <title>White</title>
                  <measurement_list>
                    <measurement group_id="B1" value="22"/>
                  </measurement_list>
                </category>
                <category>
                  <title>More than one race</title>
                  <measurement_list>
                    <measurement group_id="B1" value="0"/>
                  </measurement_list>
                </category>
                <category>
                  <title>Unknown or Not Reported</title>
                  <measurement_list>
                    <measurement group_id="B1" value="5"/>
                  </measurement_list>
                </category>
              </category_list>
            </class>
          </class_list>
        </measure>
        <measure>
          <title>Ethnicity (NIH/OMB)</title>
          <units>Participants</units>
          <param>Count of Participants</param>
          <class_list>
            <class>
              <category_list>
                <category>
                  <title>Hispanic or Latino</title>
                  <measurement_list>
                    <measurement group_id="B1" value="6"/>
                  </measurement_list>
                </category>
                <category>
                  <title>Not Hispanic or Latino</title>
                  <measurement_list>
                    <measurement group_id="B1" value="33"/>
                  </measurement_list>
                </category>
                <category>
                  <title>Unknown or Not Reported</title>
                  <measurement_list>
                    <measurement group_id="B1" value="0"/>
                  </measurement_list>
                </category>
              </category_list>
            </class>
          </class_list>
        </measure>
        <measure>
          <title>Region of Enrollment</title>
          <units>participants</units>
          <param>Number</param>
          <class_list>
            <class>
              <title>United States</title>
              <category_list>
                <category>
                  <measurement_list>
                    <measurement group_id="B1" value="35"/>
                  </measurement_list>
                </category>
              </category_list>
            </class>
            <class>
              <title>Canada</title>
              <category_list>
                <category>
                  <measurement_list>
                    <measurement group_id="B1" value="2"/>
                  </measurement_list>
                </category>
              </category_list>
            </class>
            <class>
              <title>Sri Lanka</title>
              <category_list>
                <category>
                  <measurement_list>
                    <measurement group_id="B1" value="1"/>
                  </measurement_list>
                </category>
              </category_list>
            </class>
            <class>
              <title>Saudi Arabia</title>
              <category_list>
                <category>
                  <measurement_list>
                    <measurement group_id="B1" value="1"/>
                  </measurement_list>
                </category>
              </category_list>
            </class>
          </class_list>
        </measure>
      </measure_list>
    </baseline>

    <outcome_list>
      <outcome>
        <type>Primary</type>
        <title>Response of IPS (Idiopathic Pneumonia Syndrome) to Etanercept Plus Corticosteroid Therapy by Day 28.</title>
        <description>Response to therapy is defined as survival to Day 28 of study, PLUS complete discontinuation all supplemental oxygen support by Day 28 of study. Subjects must be able to remain off all supplemental oxygen support for &gt; 72 consecutive hours. Subjects who discontinue supplemental oxygen within the last 72 hours of the observation period will be followed until they have completed 72 consecutive hours off oxygen or failed prior to assessing response.</description>
        <time_frame>At day 28</time_frame>
        <population>Analysis population includes all patients who are eligible and had sufficient data to evaluate response. Eleven ineligible patients are excluded.</population>
        <group_list>
          <group group_id="O1">
            <title>Etanercept and Corticosteroid Therapy</title>
            <description>Patients receive etanercept IV (dose 0.4 mg/kg- max 25 mg) over 30 minutes on day 0 and subcutaneously (dose 0.4 mg/kg- max 25 mg) on days 3, 7, 10, 14, 17, 21, and 24. Treatment continues in the absence of an infectious pathogen, disease progression, or unacceptable toxicity. Patients also receive methylprednisolone (or corticosteroid equivalent) IV (dose 2.0 mg/kg/day) on days 0-2 and then orally with a taper beginning day 7. Dose on days 7-20 (1.0 mg/kg/day), days 21-34 (0.5 mg/kg/day), days 35-48 (0.25 mg/kg/day) and days 49-56 (0.25 mg/kg/every other day) discontinuing on day 56.&#xD;
etanercept: Given IV and subcutaneously&#xD;
methylprednisolone: Given IV and orally</description>
          </group>
        </group_list>
        <measure>
          <title>Response of IPS (Idiopathic Pneumonia Syndrome) to Etanercept Plus Corticosteroid Therapy by Day 28.</title>
          <description>Response to therapy is defined as survival to Day 28 of study, PLUS complete discontinuation all supplemental oxygen support by Day 28 of study. Subjects must be able to remain off all supplemental oxygen support for &gt; 72 consecutive hours. Subjects who discontinue supplemental oxygen within the last 72 hours of the observation period will be followed until they have completed 72 consecutive hours off oxygen or failed prior to assessing response.</description>
          <population>Analysis population includes all patients who are eligible and had sufficient data to evaluate response. Eleven ineligible patients are excluded.</population>
          <units>participants</units>
          <param>Number</param>
          <analyzed_list>
            <analyzed>
              <units>Participants</units>
              <scope>Measure</scope>
              <count_list>
                <count group_id="O1" value="28"/>
              </count_list>
            </analyzed>
          </analyzed_list>
          <class_list>
            <class>
              <title>With Response</title>
              <category_list>
                <category>
                  <measurement_list>
                    <measurement group_id="O1" value="20"/>
                  </measurement_list>
                </category>
              </category_list>
            </class>
            <class>
              <title>Without Response</title>
              <category_list>
                <category>
                  <measurement_list>
                    <measurement group_id="O1" value="8"/>
                  </measurement_list>
                </category>
              </category_list>
            </class>
          </class_list>
        </measure>
      </outcome>
      <outcome>
        <type>Secondary</type>
        <title>Survival Rate</title>
        <description>Estimated Day 56 survival rate following initiation of etanercept + corticosteroid therapy for patients with IPS.</description>
        <time_frame>Up to day 56</time_frame>
        <population>Analysis population includes all patients who are eligible and had sufficient data to evaluate response. Eleven ineligible patients are excluded.</population>
        <group_list>
          <group group_id="O1">
            <title>Etanercept and Corticosteroid Therapy</title>
            <description>Regimen A</description>
          </group>
        </group_list>
        <measure>
          <title>Survival Rate</title>
          <description>Estimated Day 56 survival rate following initiation of etanercept + corticosteroid therapy for patients with IPS.</description>
          <population>Analysis population includes all patients who are eligible and had sufficient data to evaluate response. Eleven ineligible patients are excluded.</population>
          <units>percentage of participants</units>
          <param>Number</param>
          <dispersion>95% Confidence Interval</dispersion>
          <analyzed_list>
            <analyzed>
              <units>Participants</units>
              <scope>Measure</scope>
              <count_list>
                <count group_id="O1" value="28"/>
              </count_list>
            </analyzed>
          </analyzed_list>
          <class_list>
            <class>
              <category_list>
                <category>
                  <measurement_list>
                    <measurement group_id="O1" value="75" lower_limit="55" upper_limit="87"/>
                  </measurement_list>
                </category>
              </category_list>
            </class>
          </class_list>
        </measure>
      </outcome>
      <outcome>
        <type>Secondary</type>
        <title>Estimate Percentage Pulmonary Response in Patients With IPS Treated With Etanercept + Corticosteroid Therapy</title>
        <description>Pulmonary response is defined as alive &amp; come off of oxygen .</description>
        <time_frame>up to day 56</time_frame>
        <population>Total of 28 patients are evaluable for this outcome.</population>
        <group_list>
          <group group_id="O1">
            <title>Etanercept and Corticosteroid Therapy</title>
            <description>Regimen A</description>
          </group>
        </group_list>
        <measure>
          <title>Estimate Percentage Pulmonary Response in Patients With IPS Treated With Etanercept + Corticosteroid Therapy</title>
          <description>Pulmonary response is defined as alive &amp; come off of oxygen .</description>
          <population>Total of 28 patients are evaluable for this outcome.</population>
          <units>percentage of participants</units>
          <param>Number</param>
          <analyzed_list>
            <analyzed>
              <units>Participants</units>
              <scope>Measure</scope>
              <count_list>
                <count group_id="O1" value="28"/>
              </count_list>
            </analyzed>
          </analyzed_list>
          <class_list>
            <class>
              <category_list>
                <category>
                  <measurement_list>
                    <measurement group_id="O1" value="74"/>
                  </measurement_list>
                </category>
              </category_list>
            </class>
          </class_list>
        </measure>
      </outcome>
      <outcome>
        <type>Secondary</type>
        <title>Toxicity of Etanercept Plus Corticosteroid Therapy Using the Common Terminology Criteria Version 4.0</title>
        <description>Grade 3-5 organ toxicities attributable to etanercept.</description>
        <time_frame>Up to 56 days</time_frame>
        <population>28 patients evaluable for this outcome.</population>
        <group_list>
          <group group_id="O1">
            <title>Etanercept and Corticosteroid Therapy</title>
            <description>Regimen A</description>
          </group>
        </group_list>
        <measure>
          <title>Toxicity of Etanercept Plus Corticosteroid Therapy Using the Common Terminology Criteria Version 4.0</title>
          <description>Grade 3-5 organ toxicities attributable to etanercept.</description>
          <population>28 patients evaluable for this outcome.</population>
          <units>Patients</units>
          <param>Number</param>
          <analyzed_list>
            <analyzed>
              <units>Participants</units>
              <scope>Measure</scope>
              <count_list>
                <count group_id="O1" value="28"/>
              </count_list>
            </analyzed>
          </analyzed_list>
          <class_list>
            <class>
              <category_list>
                <category>
                  <measurement_list>
                    <measurement group_id="O1" value="0"/>
                  </measurement_list>
                </category>
              </category_list>
            </class>
          </class_list>
        </measure>
      </outcome>
      <outcome>
        <type>Secondary</type>
        <title>Plasma Cytokine IL6 Level</title>
        <description>Estimated mean and standard error of IL6 level</description>
        <time_frame>From baseline to days 7 and 28</time_frame>
        <population>Plasma samples were available for biomarker analysis in 26 patients. The data were intended to be analyzed for all subjects, therefore, combined result is reported.</population>
        <group_list>
          <group group_id="O1">
            <title>Etanercept and Corticosteroid Therapy</title>
            <description>Regimen A</description>
          </group>
        </group_list>
        <measure>
          <title>Plasma Cytokine IL6 Level</title>
          <description>Estimated mean and standard error of IL6 level</description>
          <population>Plasma samples were available for biomarker analysis in 26 patients. The data were intended to be analyzed for all subjects, therefore, combined result is reported.</population>
          <units>pg/ml</units>
          <param>Mean</param>
          <dispersion>Standard Error</dispersion>
          <analyzed_list>
            <analyzed>
              <units>Participants</units>
              <scope>Measure</scope>
              <count_list>
                <count group_id="O1" value="26"/>
              </count_list>
            </analyzed>
          </analyzed_list>
          <class_list>
            <class>
              <title>Baseline</title>
              <category_list>
                <category>
                  <measurement_list>
                    <measurement group_id="O1" value="205.2" spread="58"/>
                  </measurement_list>
                </category>
              </category_list>
            </class>
            <class>
              <title>Day 7</title>
              <category_list>
                <category>
                  <measurement_list>
                    <measurement group_id="O1" value="28.8" spread="4.4"/>
                  </measurement_list>
                </category>
              </category_list>
            </class>
            <class>
              <title>Day 28</title>
              <category_list>
                <category>
                  <measurement_list>
                    <measurement group_id="O1" value="23.1" spread="3.5"/>
                  </measurement_list>
                </category>
              </category_list>
            </class>
          </class_list>
        </measure>
      </outcome>
      <outcome>
        <type>Secondary</type>
        <title>C-reactive Protein Levels</title>
        <description>Estimated mean and standard deviation</description>
        <time_frame>From baseline to days 7, 14, 21, and 28</time_frame>
        <population>The data for baseline were intended to be analyzed for all subjects, therefore, combined result is reported. The data for Days 7, 14, 21 and 28 were intended to be analyzed by subgroups of subjects as pre-specified in the study protocol, therefore combined result us not reported for Etanercept + corticosteroid therapy treatment arm.</population>
        <group_list>
          <group group_id="O1">
            <title>Etanercept and Corticosteroid Therapy</title>
            <description>Regimen A</description>
          </group>
        </group_list>
        <measure>
          <title>C-reactive Protein Levels</title>
          <description>Estimated mean and standard deviation</description>
          <population>The data for baseline were intended to be analyzed for all subjects, therefore, combined result is reported. The data for Days 7, 14, 21 and 28 were intended to be analyzed by subgroups of subjects as pre-specified in the study protocol, therefore combined result us not reported for Etanercept + corticosteroid therapy treatment arm.</population>
          <units>mg/dL</units>
          <param>Mean</param>
          <dispersion>Standard Deviation</dispersion>
          <analyzed_list>
            <analyzed>
              <units>Participants</units>
              <scope>Measure</scope>
              <count_list>
                <count group_id="O1" value="28"/>
              </count_list>
            </analyzed>
          </analyzed_list>
          <class_list>
            <class>
              <title>Baseline</title>
              <analyzed_list>
                <analyzed>
                  <units>Participants</units>
                  <scope>Class</scope>
                  <count_list>
                    <count group_id="O1" value="24"/>
                  </count_list>
                </analyzed>
              </analyzed_list>
              <category_list>
                <category>
                  <measurement_list>
                    <measurement group_id="O1" value="28.1" spread="59.1"/>
                  </measurement_list>
                </category>
              </category_list>
            </class>
            <class>
              <title>Day 7 Non Responders</title>
              <analyzed_list>
                <analyzed>
                  <units>Participants</units>
                  <scope>Class</scope>
                  <count_list>
                    <count group_id="O1" value="12"/>
                  </count_list>
                </analyzed>
              </analyzed_list>
              <category_list>
                <category>
                  <measurement_list>
                    <measurement group_id="O1" value="5.4" spread="11.4"/>
                  </measurement_list>
                </category>
              </category_list>
            </class>
            <class>
              <title>Day 7 Responders</title>
              <analyzed_list>
                <analyzed>
                  <units>Participants</units>
                  <scope>Class</scope>
                  <count_list>
                    <count group_id="O1" value="10"/>
                  </count_list>
                </analyzed>
              </analyzed_list>
              <category_list>
                <category>
                  <measurement_list>
                    <measurement group_id="O1" value="1.8" spread="1.9"/>
                  </measurement_list>
                </category>
              </category_list>
            </class>
            <class>
              <title>Day 14 Non Responders</title>
              <analyzed_list>
                <analyzed>
                  <units>Participants</units>
                  <scope>Class</scope>
                  <count_list>
                    <count group_id="O1" value="10"/>
                  </count_list>
                </analyzed>
              </analyzed_list>
              <category_list>
                <category>
                  <measurement_list>
                    <measurement group_id="O1" value="4.9" spread="11.1"/>
                  </measurement_list>
                </category>
              </category_list>
            </class>
            <class>
              <title>Day 14 Responders</title>
              <analyzed_list>
                <analyzed>
                  <units>Participants</units>
                  <scope>Class</scope>
                  <count_list>
                    <count group_id="O1" value="8"/>
                  </count_list>
                </analyzed>
              </analyzed_list>
              <category_list>
                <category>
                  <measurement_list>
                    <measurement group_id="O1" value="1" spread="1.1"/>
                  </measurement_list>
                </category>
              </category_list>
            </class>
            <class>
              <title>Day 21 Non Responders</title>
              <analyzed_list>
                <analyzed>
                  <units>Participants</units>
                  <scope>Class</scope>
                  <count_list>
                    <count group_id="O1" value="7"/>
                  </count_list>
                </analyzed>
              </analyzed_list>
              <category_list>
                <category>
                  <measurement_list>
                    <measurement group_id="O1" value="10.7" spread="14.3"/>
                  </measurement_list>
                </category>
              </category_list>
            </class>
            <class>
              <title>Day 21 Responders</title>
              <analyzed_list>
                <analyzed>
                  <units>Participants</units>
                  <scope>Class</scope>
                  <count_list>
                    <count group_id="O1" value="12"/>
                  </count_list>
                </analyzed>
              </analyzed_list>
              <category_list>
                <category>
                  <measurement_list>
                    <measurement group_id="O1" value="1.6" spread="2.4"/>
                  </measurement_list>
                </category>
              </category_list>
            </class>
            <class>
              <title>Day 28 Non Responders</title>
              <analyzed_list>
                <analyzed>
                  <units>Participants</units>
                  <scope>Class</scope>
                  <count_list>
                    <count group_id="O1" value="5"/>
                  </count_list>
                </analyzed>
              </analyzed_list>
              <category_list>
                <category>
                  <measurement_list>
                    <measurement group_id="O1" value="19.6" spread="29.7"/>
                  </measurement_list>
                </category>
              </category_list>
            </class>
            <class>
              <title>Day 28 Responders</title>
              <analyzed_list>
                <analyzed>
                  <units>Participants</units>
                  <scope>Class</scope>
                  <count_list>
                    <count group_id="O1" value="14"/>
                  </count_list>
                </analyzed>
              </analyzed_list>
              <category_list>
                <category>
                  <measurement_list>
                    <measurement group_id="O1" value="5.3" spread="16.1"/>
                  </measurement_list>
                </category>
              </category_list>
            </class>
          </class_list>
        </measure>
      </outcome>
    </outcome_list>

    <reported_events>
      <desc>Eleven ineligible patients are not reported in the adverse events.</desc>
      <group_list>
        <group group_id="E1">
          <title>Etanercept and Corticosteroid Therapy</title>
          <description>Patients receive etanercept IV (dose 0.4 mg/kg- max 25 mg) over 30 minutes on day 0 and subcutaneously (dose 0.4 mg/kg- max 25 mg) on days 3, 7, 10, 14, 17, 21, and 24. Treatment continues in the absence of an infectious pathogen, disease progression, or unacceptable toxicity. Patients also receive methylprednisolone (or corticosteroid equivalent) IV (dose 2.0 mg/kg/day) on days 0-2 and then orally with a taper beginning day 7. Dose on days 7-20 (1.0 mg/kg/day), days 21-34 (0.5 mg/kg/day), days 35-48 (0.25 mg/kg/day) and days 49-56 (0.25 mg/kg/every other day) discontinuing on day 56.&#xD;
etanercept: Given IV and subcutaneously&#xD;
methylprednisolone: Given IV and orally</description>
        </group>
      </group_list>
      <serious_events>
        <category_list>
          <category>
            <title>Total</title>
            <event_list>
              <event>
                <sub_title>Total, serious adverse events</sub_title>
                <counts group_id="E1" subjects_affected="5" subjects_at_risk="28"/>
              </event>
            </event_list>
          </category>
          <category>
            <title>Cardiac disorders</title>
            <event_list>
              <event>
                <sub_title>Ventricular arrhythmia</sub_title>
                <counts group_id="E1" subjects_affected="1" subjects_at_risk="28"/>
              </event>
            </event_list>
          </category>
          <category>
            <title>Gastrointestinal disorders</title>
            <event_list>
              <event>
                <sub_title>Esophageal hemorrhage</sub_title>
                <counts group_id="E1" subjects_affected="1" subjects_at_risk="28"/>
              </event>
            </event_list>
          </category>
          <category>
            <title>General disorders</title>
            <event_list>
              <event>
                <sub_title>Death NOS</sub_title>
                <counts group_id="E1" subjects_affected="1" subjects_at_risk="28"/>
              </event>
              <event>
                <sub_title>Multi-organ failure</sub_title>
                <counts group_id="E1" subjects_affected="1" subjects_at_risk="28"/>
              </event>
            </event_list>
          </category>
          <category>
            <title>Infections and infestations</title>
            <event_list>
              <event>
                <sub_title>Infections and infestations - Other, specify</sub_title>
                <counts group_id="E1" subjects_affected="1" subjects_at_risk="28"/>
              </event>
              <event>
                <sub_title>Upper respiratory infection</sub_title>
                <counts group_id="E1" subjects_affected="1" subjects_at_risk="28"/>
              </event>
            </event_list>
          </category>
          <category>
            <title>Investigations</title>
            <event_list>
              <event>
                <sub_title>Blood bilirubin increased</sub_title>
                <counts group_id="E1" subjects_affected="1" subjects_at_risk="28"/>
              </event>
            </event_list>
          </category>
          <category>
            <title>Metabolism and nutrition disorders</title>
            <event_list>
              <event>
                <sub_title>Alkalosis</sub_title>
                <counts group_id="E1" subjects_affected="1" subjects_at_risk="28"/>
              </event>
              <event>
                <sub_title>Hyperglycemia</sub_title>
                <counts group_id="E1" subjects_affected="1" subjects_at_risk="28"/>
              </event>
            </event_list>
          </category>
          <category>
            <title>Nervous system disorders</title>
            <event_list>
              <event>
                <sub_title>Nervous system disorders - Other, specify</sub_title>
                <counts group_id="E1" subjects_affected="1" subjects_at_risk="28"/>
              </event>
              <event>
                <sub_title>Peripheral motor neuropathy</sub_title>
                <counts group_id="E1" subjects_affected="1" subjects_at_risk="28"/>
              </event>
            </event_list>
          </category>
          <category>
            <title>Renal and urinary disorders</title>
            <event_list>
              <event>
                <sub_title>Acute kidney injury</sub_title>
                <counts group_id="E1" subjects_affected="1" subjects_at_risk="28"/>
              </event>
            </event_list>
          </category>
          <category>
            <title>Respiratory, thoracic and mediastinal disorders</title>
            <event_list>
              <event>
                <sub_title>Adult respiratory distress syndrome</sub_title>
                <counts group_id="E1" subjects_affected="1" subjects_at_risk="28"/>
              </event>
              <event>
                <sub_title>Hypoxia</sub_title>
                <counts group_id="E1" subjects_affected="2" subjects_at_risk="28"/>
              </event>
              <event>
                <sub_title>Pleural effusion</sub_title>
                <counts group_id="E1" subjects_affected="1" subjects_at_risk="28"/>
              </event>
              <event>
                <sub_title>Pneumonitis</sub_title>
                <counts group_id="E1" subjects_affected="1" subjects_at_risk="28"/>
              </event>
              <event>
                <sub_title>Pneumothorax</sub_title>
                <counts group_id="E1" subjects_affected="1" subjects_at_risk="28"/>
              </event>
              <event>
                <sub_title>Respiratory, thoracic and mediastinal disorders - Other, specify</sub_title>
                <counts group_id="E1" subjects_affected="1" subjects_at_risk="28"/>
              </event>
            </event_list>
          </category>
        </category_list>
      </serious_events>
      <other_events>
        <frequency_threshold>0</frequency_threshold>
        <category_list>
          <category>
            <title>Total</title>
            <event_list>
              <event>
                <sub_title>Total, other adverse events</sub_title>
                <counts group_id="E1" subjects_affected="6" subjects_at_risk="28"/>
              </event>
            </event_list>
          </category>
          <category>
            <title>Gastrointestinal disorders</title>
            <event_list>
              <event>
                <sub_title>Ascites</sub_title>
                <counts group_id="E1" subjects_affected="1" subjects_at_risk="28"/>
              </event>
            </event_list>
          </category>
          <category>
            <title>Hepatobiliary disorders</title>
            <event_list>
              <event>
                <sub_title>Hepatic failure</sub_title>
                <counts group_id="E1" subjects_affected="1" subjects_at_risk="28"/>
              </event>
            </event_list>
          </category>
          <category>
            <title>Infections and infestations</title>
            <event_list>
              <event>
                <sub_title>Enterocolitis infectious</sub_title>
                <counts group_id="E1" subjects_affected="1" subjects_at_risk="28"/>
              </event>
              <event>
                <sub_title>Infections and infestations - Other, specify</sub_title>
                <counts group_id="E1" subjects_affected="1" subjects_at_risk="28"/>
              </event>
            </event_list>
          </category>
          <category>
            <title>Investigations</title>
            <event_list>
              <event>
                <sub_title>Creatinine increased</sub_title>
                <counts group_id="E1" subjects_affected="1" subjects_at_risk="28"/>
              </event>
              <event>
                <sub_title>Neutrophil count decreased</sub_title>
                <counts group_id="E1" subjects_affected="1" subjects_at_risk="28"/>
              </event>
              <event>
                <sub_title>Platelet count decreased</sub_title>
                <counts group_id="E1" subjects_affected="1" subjects_at_risk="28"/>
              </event>
              <event>
                <sub_title>White blood cell decreased</sub_title>
                <counts group_id="E1" subjects_affected="2" subjects_at_risk="28"/>
              </event>
            </event_list>
          </category>
          <category>
            <title>Metabolism and nutrition disorders</title>
            <event_list>
              <event>
                <sub_title>Hyperglycemia</sub_title>
                <counts group_id="E1" subjects_affected="1" subjects_at_risk="28"/>
              </event>
              <event>
                <sub_title>Hypokalemia</sub_title>
                <counts group_id="E1" subjects_affected="1" subjects_at_risk="28"/>
              </event>
            </event_list>
          </category>
          <category>
            <title>Renal and urinary disorders</title>
            <event_list>
              <event>
                <sub_title>Acute kidney injury</sub_title>
                <counts group_id="E1" subjects_affected="1" subjects_at_risk="28"/>
              </event>
            </event_list>
          </category>
          <category>
            <title>Respiratory, thoracic and mediastinal disorders</title>
            <event_list>
              <event>
                <sub_title>Pneumothorax</sub_title>
                <counts group_id="E1" subjects_affected="1" subjects_at_risk="28"/>
              </event>
            </event_list>
          </category>
        </category_list>
      </other_events>
    </reported_events>

    <certain_agreements>
      <pi_employee>Principal Investigators are NOT employed by the organization sponsoring the study.</pi_employee>
      <restrictive_agreement>There is NOT an agreement between Principal Investigators and the Sponsor (or its agents) that restricts the PI's rights to discuss or publish trial results after the trial is completed. </restrictive_agreement>
    </certain_agreements>
    <point_of_contact>
      <name_or_title>Results Reporting Coordinator</name_or_title>
      <organization>Children's Oncology Group</organization>
      <phone>352-273-0567</phone>
      <email>resultsreportingcoordinator@childrensoncologygroup.org</email>
    </point_of_contact>
  </clinical_results>
</clinical_study>

