<?xml version="1.0" encoding="UTF-8"?>
<clinical_study rank="151">
  <!-- This xml conforms to an XML Schema at:
    https://clinicaltrials.gov/ct2/html/images/info/public.xsd -->
  <required_header>
    <download_date>ClinicalTrials.gov processed this data on May 11, 2021</download_date>
    <link_text>Link to the current ClinicalTrials.gov record.</link_text>
    <url>https://clinicaltrials.gov/show/NCT01959477</url>
  </required_header>
  <id_info>
    <org_study_id>CASE1412</org_study_id>
    <secondary_id>NCI-2013-01829</secondary_id>
    <secondary_id>CASE 1412</secondary_id>
    <secondary_id>P30CA043703</secondary_id>
    <nct_id>NCT01959477</nct_id>
  </id_info>
  <brief_title>Dose Monitoring of Busulfan and Combination Chemotherapy in Hodgkin or Non-Hodgkin Lymphoma Undergoing Stem Cell Transplant</brief_title>
  <official_title>Personalized Monitoring of Intravenous Busulfan Dosing for Patients With Lymphoma Undergoing Autologous Stem Cell Transplantation.</official_title>
  <sponsors>
    <lead_sponsor>
      <agency>Case Comprehensive Cancer Center</agency>
      <agency_class>Other</agency_class>
    </lead_sponsor>
    <collaborator>
      <agency>National Cancer Institute (NCI)</agency>
      <agency_class>NIH</agency_class>
    </collaborator>
  </sponsors>
  <source>Case Comprehensive Cancer Center</source>
  <oversight_info>
    <has_dmc>Yes</has_dmc>
  </oversight_info>
  <brief_summary>
    <textblock>
      This clinical trial studies personalized dose monitoring of busulfan and combination&#xD;
      chemotherapy in treating patients with Hodgkin or non-Hodgkin lymphoma undergoing stem cell&#xD;
      transplant. Giving chemotherapy before a stem cell transplant stops the growth of cancer&#xD;
      cells by stopping them from dividing or killing them. After treatment, stem cells are&#xD;
      collected from the patient's peripheral blood or bone marrow and stored. The stem cells are&#xD;
      then returned to the patient to replace the blood-forming cells that were destroyed by the&#xD;
      chemotherapy. Monitoring the dose of busulfan may help doctors deliver the most accurate dose&#xD;
      and reduce toxicity in patients undergoing stem cell transplant.&#xD;
    </textblock>
  </brief_summary>
  <detailed_description>
    <textblock>
      PRIMARY OBJECTIVES:&#xD;
&#xD;
      I. To determine the feasibility of real-time therapeutic dose monitoring (TDM) for once daily&#xD;
      intravenously (IV) busulfan administration as part of a preparative regimen for patients with&#xD;
      lymphoma undergoing autologous stem cell transplantation.&#xD;
&#xD;
      SECONDARY OBJECTIVES:&#xD;
&#xD;
      I. To compare the incidence of adverse events including mucositis, liver toxicity, seizures,&#xD;
      and pulmonary toxicity with TDM of once daily IV busulfan compared to historic controls.&#xD;
&#xD;
      II. To compare the 6-month progression-free survival (PFS), with TDM of once daily IV&#xD;
      busulfan compared to historic controls.&#xD;
&#xD;
      III. To determine the proportion of patients who would not have achieved desired busulfan&#xD;
      level with weight-based busulfan dosing and therefore required TDM.&#xD;
&#xD;
      OUTLINE:&#xD;
&#xD;
      Patients receive busulfan intravenously (IV) over 3 hours on days -9 to -6, etoposide IV&#xD;
      continuously over 24-36 hours on days -5 and -4, and cyclophosphamide IV over 4 hours on days&#xD;
      -3 and -2. Patients then undergo autologous stem cell transplant on day 0.&#xD;
&#xD;
      After completion of study treatment, patients are followed up for 6 months.&#xD;
    </textblock>
  </detailed_description>
  <overall_status>Completed</overall_status>
  <start_date>March 2014</start_date>
  <completion_date type="Actual">April 2015</completion_date>
  <primary_completion_date type="Actual">January 2015</primary_completion_date>
  <phase>Early Phase 1</phase>
  <study_type>Interventional</study_type>
  <has_expanded_access>No</has_expanded_access>
  <study_design_info>
    <allocation>N/A</allocation>
    <intervention_model>Single Group Assignment</intervention_model>
    <primary_purpose>Treatment</primary_purpose>
    <masking>None (Open Label)</masking>
  </study_design_info>
  <primary_outcome>
    <measure>Feasibility of performing real-time TDM, determined by the proportion of enrolled patients who are able to have an area under curve (AUC) for busulfan calculated</measure>
    <time_frame>Up to day -6</time_frame>
  </primary_outcome>
  <secondary_outcome>
    <measure>Incidence of adverse events including mucositis, liver toxicity, seizures, and pulmonary toxicity, graded using NCI CTCAE version 4.0</measure>
    <time_frame>Up to 100 days after treatment</time_frame>
    <description>Incidence of adverse events will be compared to historic controls. For comparison, categorical variables will be summarized as frequency counts and percentages and compared between historical controls that were treated with weight-based busulfan with those enrolled as part of the clinical trial who receive busulfan TDM. Continuous variables will be summarized as the mean, standard deviation, median, and range and compared using the Wilcoxon rank sum test.</description>
  </secondary_outcome>
  <secondary_outcome>
    <measure>Proportion of patients who would not have achieved desired busulfan level with weight-based busulfan dosing</measure>
    <time_frame>Up to day -6</time_frame>
  </secondary_outcome>
  <number_of_arms>1</number_of_arms>
  <enrollment type="Actual">33</enrollment>
  <condition>Adult Grade III Lymphomatoid Granulomatosis</condition>
  <condition>Adult Nasal Type Extranodal NK/T-cell Lymphoma</condition>
  <condition>Anaplastic Large Cell Lymphoma</condition>
  <condition>Angioimmunoblastic T-cell Lymphoma</condition>
  <condition>Childhood Burkitt Lymphoma</condition>
  <condition>Childhood Diffuse Large Cell Lymphoma</condition>
  <condition>Childhood Grade III Lymphomatoid Granulomatosis</condition>
  <condition>Childhood Immunoblastic Large Cell Lymphoma</condition>
  <condition>Childhood Nasal Type Extranodal NK/T-cell Lymphoma</condition>
  <condition>Contiguous Stage II Adult Burkitt Lymphoma</condition>
  <condition>Contiguous Stage II Adult Diffuse Large Cell Lymphoma</condition>
  <condition>Contiguous Stage II Adult Diffuse Mixed Cell Lymphoma</condition>
  <condition>Contiguous Stage II Adult Diffuse Small Cleaved Cell Lymphoma</condition>
  <condition>Contiguous Stage II Adult Immunoblastic Large Cell Lymphoma</condition>
  <condition>Contiguous Stage II Adult Lymphoblastic Lymphoma</condition>
  <condition>Contiguous Stage II Grade 1 Follicular Lymphoma</condition>
  <condition>Contiguous Stage II Grade 2 Follicular Lymphoma</condition>
  <condition>Contiguous Stage II Grade 3 Follicular Lymphoma</condition>
  <condition>Contiguous Stage II Mantle Cell Lymphoma</condition>
  <condition>Contiguous Stage II Marginal Zone Lymphoma</condition>
  <condition>Contiguous Stage II Small Lymphocytic Lymphoma</condition>
  <condition>Cutaneous B-cell Non-Hodgkin Lymphoma</condition>
  <condition>Extranodal Marginal Zone B-cell Lymphoma of Mucosa-associated Lymphoid Tissue</condition>
  <condition>Hepatosplenic T-cell Lymphoma</condition>
  <condition>Intraocular Lymphoma</condition>
  <condition>Nodal Marginal Zone B-cell Lymphoma</condition>
  <condition>Noncontiguous Stage II Adult Burkitt Lymphoma</condition>
  <condition>Noncontiguous Stage II Adult Diffuse Large Cell Lymphoma</condition>
  <condition>Noncontiguous Stage II Adult Diffuse Mixed Cell Lymphoma</condition>
  <condition>Noncontiguous Stage II Adult Diffuse Small Cleaved Cell Lymphoma</condition>
  <condition>Noncontiguous Stage II Adult Immunoblastic Large Cell Lymphoma</condition>
  <condition>Noncontiguous Stage II Adult Lymphoblastic Lymphoma</condition>
  <condition>Noncontiguous Stage II Grade 1 Follicular Lymphoma</condition>
  <condition>Noncontiguous Stage II Grade 2 Follicular Lymphoma</condition>
  <condition>Noncontiguous Stage II Grade 3 Follicular Lymphoma</condition>
  <condition>Noncontiguous Stage II Mantle Cell Lymphoma</condition>
  <condition>Noncontiguous Stage II Marginal Zone Lymphoma</condition>
  <condition>Noncontiguous Stage II Small Lymphocytic Lymphoma</condition>
  <condition>Noncutaneous Extranodal Lymphoma</condition>
  <condition>Peripheral T-cell Lymphoma</condition>
  <condition>Recurrent Adult Burkitt Lymphoma</condition>
  <condition>Recurrent Adult Diffuse Large Cell Lymphoma</condition>
  <condition>Recurrent Adult Diffuse Mixed Cell Lymphoma</condition>
  <condition>Recurrent Adult Diffuse Small Cleaved Cell Lymphoma</condition>
  <condition>Recurrent Adult Grade III Lymphomatoid Granulomatosis</condition>
  <condition>Recurrent Adult Hodgkin Lymphoma</condition>
  <condition>Recurrent Adult Immunoblastic Large Cell Lymphoma</condition>
  <condition>Recurrent Adult Lymphoblastic Lymphoma</condition>
  <condition>Recurrent Adult T-cell Leukemia/Lymphoma</condition>
  <condition>Recurrent Childhood Anaplastic Large Cell Lymphoma</condition>
  <condition>Recurrent Childhood Grade III Lymphomatoid Granulomatosis</condition>
  <condition>Recurrent Childhood Large Cell Lymphoma</condition>
  <condition>Recurrent Childhood Lymphoblastic Lymphoma</condition>
  <condition>Recurrent Childhood Small Noncleaved Cell Lymphoma</condition>
  <condition>Recurrent Cutaneous T-cell Non-Hodgkin Lymphoma</condition>
  <condition>Recurrent Grade 1 Follicular Lymphoma</condition>
  <condition>Recurrent Grade 2 Follicular Lymphoma</condition>
  <condition>Recurrent Grade 3 Follicular Lymphoma</condition>
  <condition>Recurrent Mantle Cell Lymphoma</condition>
  <condition>Recurrent Marginal Zone Lymphoma</condition>
  <condition>Recurrent Mycosis Fungoides/Sezary Syndrome</condition>
  <condition>Recurrent Small Lymphocytic Lymphoma</condition>
  <condition>Recurrent/Refractory Childhood Hodgkin Lymphoma</condition>
  <condition>Refractory Hairy Cell Leukemia</condition>
  <condition>Small Intestine Lymphoma</condition>
  <condition>Splenic Marginal Zone Lymphoma</condition>
  <condition>Stage I Adult Burkitt Lymphoma</condition>
  <condition>Stage I Adult Diffuse Large Cell Lymphoma</condition>
  <condition>Stage I Adult Diffuse Mixed Cell Lymphoma</condition>
  <condition>Stage I Adult Diffuse Small Cleaved Cell Lymphoma</condition>
  <condition>Stage I Adult Hodgkin Lymphoma</condition>
  <condition>Stage I Adult Immunoblastic Large Cell Lymphoma</condition>
  <condition>Stage I Adult Lymphoblastic Lymphoma</condition>
  <condition>Stage I Adult T-cell Leukemia/Lymphoma</condition>
  <condition>Stage I Childhood Anaplastic Large Cell Lymphoma</condition>
  <condition>Stage I Childhood Hodgkin Lymphoma</condition>
  <condition>Stage I Childhood Large Cell Lymphoma</condition>
  <condition>Stage I Childhood Lymphoblastic Lymphoma</condition>
  <condition>Stage I Childhood Small Noncleaved Cell Lymphoma</condition>
  <condition>Stage I Cutaneous T-cell Non-Hodgkin Lymphoma</condition>
  <condition>Stage I Grade 1 Follicular Lymphoma</condition>
  <condition>Stage I Grade 2 Follicular Lymphoma</condition>
  <condition>Stage I Grade 3 Follicular Lymphoma</condition>
  <condition>Stage I Mantle Cell Lymphoma</condition>
  <condition>Stage I Marginal Zone Lymphoma</condition>
  <condition>Stage I Small Lymphocytic Lymphoma</condition>
  <condition>Stage IA Mycosis Fungoides/Sezary Syndrome</condition>
  <condition>Stage IB Mycosis Fungoides/Sezary Syndrome</condition>
  <condition>Stage II Adult Hodgkin Lymphoma</condition>
  <condition>Stage II Adult T-cell Leukemia/Lymphoma</condition>
  <condition>Stage II Childhood Anaplastic Large Cell Lymphoma</condition>
  <condition>Stage II Childhood Hodgkin Lymphoma</condition>
  <condition>Stage II Childhood Large Cell Lymphoma</condition>
  <condition>Stage II Childhood Lymphoblastic Lymphoma</condition>
  <condition>Stage II Childhood Small Noncleaved Cell Lymphoma</condition>
  <condition>Stage II Cutaneous T-cell Non-Hodgkin Lymphoma</condition>
  <condition>Stage IIA Mycosis Fungoides/Sezary Syndrome</condition>
  <condition>Stage IIB Mycosis Fungoides/Sezary Syndrome</condition>
  <condition>Stage III Adult Burkitt Lymphoma</condition>
  <condition>Stage III Adult Diffuse Large Cell Lymphoma</condition>
  <condition>Stage III Adult Diffuse Mixed Cell Lymphoma</condition>
  <condition>Stage III Adult Diffuse Small Cleaved Cell Lymphoma</condition>
  <condition>Stage III Adult Hodgkin Lymphoma</condition>
  <condition>Stage III Adult Immunoblastic Large Cell Lymphoma</condition>
  <condition>Stage III Adult Lymphoblastic Lymphoma</condition>
  <condition>Stage III Adult T-cell Leukemia/Lymphoma</condition>
  <condition>Stage III Childhood Anaplastic Large Cell Lymphoma</condition>
  <condition>Stage III Childhood Hodgkin Lymphoma</condition>
  <condition>Stage III Childhood Large Cell Lymphoma</condition>
  <condition>Stage III Childhood Lymphoblastic Lymphoma</condition>
  <condition>Stage III Childhood Small Noncleaved Cell Lymphoma</condition>
  <condition>Stage III Cutaneous T-cell Non-Hodgkin Lymphoma</condition>
  <condition>Stage III Grade 1 Follicular Lymphoma</condition>
  <condition>Stage III Grade 2 Follicular Lymphoma</condition>
  <condition>Stage III Grade 3 Follicular Lymphoma</condition>
  <condition>Stage III Mantle Cell Lymphoma</condition>
  <condition>Stage III Marginal Zone Lymphoma</condition>
  <condition>Stage III Small Lymphocytic Lymphoma</condition>
  <condition>Stage IIIA Mycosis Fungoides/Sezary Syndrome</condition>
  <condition>Stage IIIB Mycosis Fungoides/Sezary Syndrome</condition>
  <condition>Stage IV Adult Burkitt Lymphoma</condition>
  <condition>Stage IV Adult Diffuse Large Cell Lymphoma</condition>
  <condition>Stage IV Adult Diffuse Mixed Cell Lymphoma</condition>
  <condition>Stage IV Adult Diffuse Small Cleaved Cell Lymphoma</condition>
  <condition>Stage IV Adult Hodgkin Lymphoma</condition>
  <condition>Stage IV Adult Immunoblastic Large Cell Lymphoma</condition>
  <condition>Stage IV Adult Lymphoblastic Lymphoma</condition>
  <condition>Stage IV Adult T-cell Leukemia/Lymphoma</condition>
  <condition>Stage IV Childhood Anaplastic Large Cell Lymphoma</condition>
  <condition>Stage IV Childhood Hodgkin Lymphoma</condition>
  <condition>Stage IV Childhood Large Cell Lymphoma</condition>
  <condition>Stage IV Childhood Lymphoblastic Lymphoma</condition>
  <condition>Stage IV Childhood Small Noncleaved Cell Lymphoma</condition>
  <condition>Stage IV Cutaneous T-cell Non-Hodgkin Lymphoma</condition>
  <condition>Stage IV Grade 1 Follicular Lymphoma</condition>
  <condition>Stage IV Grade 2 Follicular Lymphoma</condition>
  <condition>Stage IV Grade 3 Follicular Lymphoma</condition>
  <condition>Stage IV Mantle Cell Lymphoma</condition>
  <condition>Stage IV Marginal Zone Lymphoma</condition>
  <condition>Stage IV Small Lymphocytic Lymphoma</condition>
  <condition>Stage IVA Mycosis Fungoides/Sezary Syndrome</condition>
  <condition>Stage IVB Mycosis Fungoides/Sezary Syndrome</condition>
  <condition>T-cell Large Granular Lymphocyte Leukemia</condition>
  <condition>Testicular Lymphoma</condition>
  <condition>Waldenström Macroglobulinemia</condition>
  <arm_group>
    <arm_group_label>Treatment (busulfan, etoposide, cyclophosphamide, transplant)</arm_group_label>
    <arm_group_type>Experimental</arm_group_type>
    <description>Patients receive busulfan IV over 3 hours on days -9 to -6, etoposide IV continuously over 24-36 hours on days -5 and -4, and cyclophosphamide IV over 4 hours on days -3 and -2. Patients then undergo autologous stem cell transplant on day 0.</description>
  </arm_group>
  <intervention>
    <intervention_type>Drug</intervention_type>
    <intervention_name>busulfan</intervention_name>
    <description>Given IV</description>
    <arm_group_label>Treatment (busulfan, etoposide, cyclophosphamide, transplant)</arm_group_label>
    <other_name>BSF</other_name>
    <other_name>BU</other_name>
    <other_name>Misulfan</other_name>
    <other_name>Mitosan</other_name>
    <other_name>Myeloleukon</other_name>
  </intervention>
  <intervention>
    <intervention_type>Drug</intervention_type>
    <intervention_name>etoposide</intervention_name>
    <description>Given IV</description>
    <arm_group_label>Treatment (busulfan, etoposide, cyclophosphamide, transplant)</arm_group_label>
    <other_name>EPEG</other_name>
    <other_name>VP-16</other_name>
    <other_name>VP-16-213</other_name>
  </intervention>
  <intervention>
    <intervention_type>Drug</intervention_type>
    <intervention_name>cyclophosphamide</intervention_name>
    <description>Given IV</description>
    <arm_group_label>Treatment (busulfan, etoposide, cyclophosphamide, transplant)</arm_group_label>
    <other_name>CPM</other_name>
    <other_name>CTX</other_name>
    <other_name>Cytoxan</other_name>
    <other_name>Endoxan</other_name>
    <other_name>Endoxana</other_name>
  </intervention>
  <intervention>
    <intervention_type>Procedure</intervention_type>
    <intervention_name>peripheral blood stem cell transplantation</intervention_name>
    <description>Undergo autologous peripheral blood stem cell transplant</description>
    <arm_group_label>Treatment (busulfan, etoposide, cyclophosphamide, transplant)</arm_group_label>
    <other_name>PBPC transplantation</other_name>
    <other_name>PBSC transplantation</other_name>
    <other_name>peripheral blood progenitor cell transplantation</other_name>
    <other_name>transplantation, peripheral blood stem cell</other_name>
  </intervention>
  <intervention>
    <intervention_type>Procedure</intervention_type>
    <intervention_name>autologous hematopoietic stem cell transplantation</intervention_name>
    <description>Undergo autologous peripheral blood stem cell transplant</description>
    <arm_group_label>Treatment (busulfan, etoposide, cyclophosphamide, transplant)</arm_group_label>
  </intervention>
  <eligibility>
    <criteria>
      <textblock>
        Inclusion Criteria:&#xD;
&#xD;
          -  Patients with either Hodgkin lymphoma or non-Hodgkin lymphoma&#xD;
&#xD;
          -  Patients with a previously harvested hematopoietic stem cells while in complete or&#xD;
             partial remission, or in the case of patients with stable or refractory disease are&#xD;
             undergoing autologous transplantation because it has been recommended by their&#xD;
             treating physician as representing their best treatment option with a goal of at&#xD;
             minimum of 2 x 10^6 cluster of differentiation (CD)34+ peripheral primed stem cells&#xD;
             per kilogram of actual body weight&#xD;
&#xD;
          -  Cardiac ejection fraction &gt;= 45% or clearance by Cleveland Clinic (CCF) physician&#xD;
&#xD;
          -  Diffusion capacity of the lung for carbon monoxide (DLCO) of &gt;= 45% predicted or&#xD;
             clearance by CCF physician&#xD;
&#xD;
          -  Serum creatinine &lt; 2.0 mg/dl&#xD;
&#xD;
          -  Serum bilirubin &lt; 2.0 mg/dl&#xD;
&#xD;
          -  Females of childbearing potential must have a negative pregnancy test&#xD;
&#xD;
          -  Patients of childbearing potential must agree to use an effective birth control method&#xD;
&#xD;
          -  Patient must not have any other active malignancy (or malignancy must be in remission&#xD;
             with no evidence of disease for the past 2 years) excluding nonmelanoma skin cancer&#xD;
&#xD;
          -  Patients must have had at least 17 days since their most recent cytoxic chemotherapy&#xD;
             or radiation at the time of the initiation of their preparative regimen (day -9)&#xD;
&#xD;
          -  Serum glutamic oxaloacetic transaminase (SGOT) &lt; 2 times the normal or clearance by a&#xD;
             CCF physician&#xD;
&#xD;
          -  Patients who are human immunodeficiency virus (HIV) positive:&#xD;
&#xD;
               -  Patients must be receiving concurrent HAART therapy (highly active antiretroviral&#xD;
                  therapy)&#xD;
&#xD;
               -  CD4 count must be &gt;= 100/mm^3&#xD;
&#xD;
               -  Viral load must be =&lt; 10,000 copies/ml&#xD;
&#xD;
               -  Patients must not have concurrent opportunistic infections&#xD;
&#xD;
          -  There is no restriction on the number of prior chemotherapeutic regimens or radiation&#xD;
             exposure with the exception of prior autologous or allogeneic stem cell&#xD;
             transplantation&#xD;
&#xD;
          -  Eastern Cooperative Oncology Group (ECOG) performance status =&lt; 2 at time of consent&#xD;
&#xD;
          -  Subjects must have the ability to understand and the willingness to sign a written&#xD;
             informed consent document&#xD;
&#xD;
        Exclusion Criteria:&#xD;
&#xD;
          -  Patients who have not recovered from adverse events due to agents administered more&#xD;
             than 4 weeks earlier OR&#xD;
&#xD;
               -  Prior treatment toxicities must be resolved to =&lt; grade 1 according to National&#xD;
                  Cancer Institute (NCI) Common Terminology Criteria for Adverse Events (CTCAE)&#xD;
                  version 4.0&#xD;
&#xD;
          -  Patients with uncontrolled seizures as defined by having any seizure activity within&#xD;
             the 3 months prior to screening&#xD;
&#xD;
          -  Patients who are receiving any other investigational agents&#xD;
&#xD;
          -  Patients with untreated brain metastases should be excluded from this clinical trial&#xD;
&#xD;
          -  History of allergic reactions attributed to compounds of similar chemical or biologic&#xD;
             composition to busulfan other agents used in this study&#xD;
&#xD;
          -  Patients receiving any medications or substances that are inhibitors or inducers of&#xD;
             specify cytochrome P450 (CYP450) enzyme(s) will be eligible for the study at the&#xD;
             discretion of the consenting physician&#xD;
&#xD;
          -  Patients with uncontrolled intercurrent illness including, but not limited to ongoing&#xD;
             or active infection, symptomatic congestive heart failure, unstable angina pectoris,&#xD;
             cardiac arrhythmia, or psychiatric illness/social situations that would limit&#xD;
             compliance with study requirements&#xD;
&#xD;
          -  Pregnant or breastfeeding women are excluded from this study; breastfeeding should be&#xD;
             discontinued if the mother is treated with busulfan, cyclophosphamide, and etoposide&#xD;
&#xD;
          -  Patients who have had major surgical procedures or significant traumatic injury within&#xD;
             28 days prior to study treatment&#xD;
      </textblock>
    </criteria>
    <gender>All</gender>
    <minimum_age>2 Years</minimum_age>
    <maximum_age>N/A</maximum_age>
    <healthy_volunteers>No</healthy_volunteers>
  </eligibility>
  <overall_official>
    <last_name>Brian Hill, MD</last_name>
    <role>Principal Investigator</role>
    <affiliation>Case Comprehensive Cancer Center</affiliation>
  </overall_official>
  <location>
    <facility>
      <name>Cleveland Clinic Taussig Cancer Institute, Case Comprehensive Cancer Center</name>
      <address>
        <city>Cleveland</city>
        <state>Ohio</state>
        <zip>44195</zip>
        <country>United States</country>
      </address>
    </facility>
  </location>
  <location_countries>
    <country>United States</country>
  </location_countries>
  <verification_date>August 2015</verification_date>
  <study_first_submitted>October 8, 2013</study_first_submitted>
  <study_first_submitted_qc>October 8, 2013</study_first_submitted_qc>
  <study_first_posted type="Estimate">October 10, 2013</study_first_posted>
  <last_update_submitted>August 12, 2015</last_update_submitted>
  <last_update_submitted_qc>August 12, 2015</last_update_submitted_qc>
  <last_update_posted type="Estimate">August 13, 2015</last_update_posted>
  <responsible_party>
    <responsible_party_type>Sponsor</responsible_party_type>
  </responsible_party>
  <condition_browse>
    <!-- CAUTION:  The following MeSH terms are assigned with an imperfect algorithm            -->
    <mesh_term>Mycoses</mesh_term>
    <mesh_term>Burkitt Lymphoma</mesh_term>
    <mesh_term>Lymphoma</mesh_term>
    <mesh_term>Leukemia</mesh_term>
    <mesh_term>Lymphoma, Follicular</mesh_term>
    <mesh_term>Lymphoma, Non-Hodgkin</mesh_term>
    <mesh_term>Lymphoma, B-Cell</mesh_term>
    <mesh_term>Hodgkin Disease</mesh_term>
    <mesh_term>Lymphoma, Mantle-Cell</mesh_term>
    <mesh_term>Lymphoma, B-Cell, Marginal Zone</mesh_term>
    <mesh_term>Leukemia, Lymphocytic, Chronic, B-Cell</mesh_term>
    <mesh_term>Lymphoma, T-Cell</mesh_term>
    <mesh_term>Precursor Cell Lymphoblastic Leukemia-Lymphoma</mesh_term>
    <mesh_term>Lymphoma, Large B-Cell, Diffuse</mesh_term>
    <mesh_term>Lymphoma, Large-Cell, Immunoblastic</mesh_term>
    <mesh_term>Plasmablastic Lymphoma</mesh_term>
    <mesh_term>Mycosis Fungoides</mesh_term>
    <mesh_term>Sezary Syndrome</mesh_term>
    <mesh_term>Leukemia, T-Cell</mesh_term>
    <mesh_term>Lymphoma, T-Cell, Cutaneous</mesh_term>
    <mesh_term>Leukemia-Lymphoma, Adult T-Cell</mesh_term>
    <mesh_term>Waldenstrom Macroglobulinemia</mesh_term>
    <mesh_term>Lymphoma, Large-Cell, Anaplastic</mesh_term>
    <mesh_term>Lymphoma, T-Cell, Peripheral</mesh_term>
    <mesh_term>Leukemia, Hairy Cell</mesh_term>
    <mesh_term>Lymphomatoid Granulomatosis</mesh_term>
    <mesh_term>Lymphoma, Extranodal NK-T-Cell</mesh_term>
    <mesh_term>Intraocular Lymphoma</mesh_term>
    <mesh_term>Leukemia, Large Granular Lymphocytic</mesh_term>
    <mesh_term>Immunoblastic Lymphadenopathy</mesh_term>
    <mesh_term>Syndrome</mesh_term>
  </condition_browse>
  <intervention_browse>
    <!-- CAUTION:  The following MeSH terms are assigned with an imperfect algorithm            -->
    <mesh_term>Cyclophosphamide</mesh_term>
    <mesh_term>Busulfan</mesh_term>
    <mesh_term>Etoposide</mesh_term>
    <mesh_term>Etoposide phosphate</mesh_term>
  </intervention_browse>
  <!-- Results have not yet been posted for this study                                          -->
</clinical_study>

