<?xml version="1.0" encoding="UTF-8"?>
<clinical_study rank="96">
  <!-- This xml conforms to an XML Schema at:
    https://clinicaltrials.gov/ct2/html/images/info/public.xsd -->
  <required_header>
    <download_date>ClinicalTrials.gov processed this data on May 11, 2021</download_date>
    <link_text>Link to the current ClinicalTrials.gov record.</link_text>
    <url>https://clinicaltrials.gov/show/NCT00016159</url>
  </required_header>
  <id_info>
    <org_study_id>00-072</org_study_id>
    <secondary_id>MSKCC-00072</secondary_id>
    <secondary_id>NCI-H01-0073</secondary_id>
    <nct_id>NCT00016159</nct_id>
  </id_info>
  <brief_title>Chemotherapy Plus Monoclonal Antibody in Treating Patients With Acute Promyelocytic Leukemia</brief_title>
  <official_title>Phase II Study Of Combined Modality Postremission Therapy As Determined By Molecular Response (Adaptive Regulation) In The Treatment Of Acute Promyelocytic Leukemia (APL)</official_title>
  <sponsors>
    <lead_sponsor>
      <agency>Memorial Sloan Kettering Cancer Center</agency>
      <agency_class>Other</agency_class>
    </lead_sponsor>
    <collaborator>
      <agency>National Cancer Institute (NCI)</agency>
      <agency_class>NIH</agency_class>
    </collaborator>
  </sponsors>
  <source>Memorial Sloan Kettering Cancer Center</source>
  <brief_summary>
    <textblock>
      RATIONALE: Drugs used in chemotherapy use different ways to stop cancer cells from dividing&#xD;
      so they stop growing or die. Monoclonal antibodies can locate tumor cells and either kill&#xD;
      them or deliver tumor-killing substances to them without harming normal cells. Combining&#xD;
      monoclonal antibody therapy with chemotherapy may kill more cancer cells.&#xD;
&#xD;
      PURPOSE: Phase II trial to study the effectiveness of combination chemotherapy and monoclonal&#xD;
      antibody in treating patients who have acute promyelocytic leukemia.&#xD;
    </textblock>
  </brief_summary>
  <detailed_description>
    <textblock>
      OBJECTIVES:&#xD;
&#xD;
        -  Determine the disease-free and overall survival of patients with acute promyelocytic&#xD;
           leukemia in clinical complete remission following tretinoin-based induction therapy&#xD;
           treated with monoclonal antibody HuG1-M195, arsenic trioxide, idarubicin, and tretinoin.&#xD;
&#xD;
        -  Determine the rate of molecular complete remission in patients treated with this&#xD;
           regimen.&#xD;
&#xD;
        -  Determine the toxicity of this regimen in this patient population.&#xD;
&#xD;
        -  Determine the number and length of hospitalizations of patients treated with this&#xD;
           regimen.&#xD;
&#xD;
      OUTLINE: Patients receive monoclonal antibody HuG1-M195 (MOAB HuM195) IV over 40-60 minutes&#xD;
      twice weekly for 3 weeks. Approximately 2-4 weeks after completion of MOAB HuM195, patients&#xD;
      receive arsenic trioxide IV over 1-4 hours daily for a total of 25 days with no more than 5&#xD;
      days between doses.&#xD;
&#xD;
      Beginning approximately 4-6 weeks after completion of arsenic trioxide, patients receive&#xD;
      idarubicin IV daily on days 1-3 or 1-4 and filgrastim (G-CSF) subcutaneously daily beginning&#xD;
      on day 5 or 6 and continuing until blood counts recover. Treatment repeats every 4 weeks for&#xD;
      patients who remain RT-PCR positive or are newly converted to RT-PCR negative (molecular&#xD;
      complete remission) following a prior course of idarubicin for a maximum of 3 courses.&#xD;
      Patients who remain RT-PCR positive following course 3 of idarubicin receive no further&#xD;
      treatment on study.&#xD;
&#xD;
      Beginning 3 months after completion of idarubicin, patients in molecular complete remission&#xD;
      receive oral tretinoin daily for 14 days. Treatment repeats every 3 months for a total of 6&#xD;
      courses in the absence of disease progression or unacceptable toxicity.&#xD;
&#xD;
      Patients are followed monthly.&#xD;
&#xD;
      PROJECTED ACCRUAL: Approximately 35 patients will be accrued for this study within 2-3 years.&#xD;
    </textblock>
  </detailed_description>
  <overall_status>Completed</overall_status>
  <start_date>November 2000</start_date>
  <primary_completion_date type="Actual">March 2007</primary_completion_date>
  <phase>Phase 2</phase>
  <study_type>Interventional</study_type>
  <has_expanded_access>No</has_expanded_access>
  <study_design_info>
    <primary_purpose>Treatment</primary_purpose>
  </study_design_info>
  <primary_outcome>
    <measure>reverse transcriptase-polymerase chain reaction negativity</measure>
  </primary_outcome>
  <enrollment type="Anticipated">35</enrollment>
  <condition>Leukemia</condition>
  <intervention>
    <intervention_type>Biological</intervention_type>
    <intervention_name>filgrastim</intervention_name>
  </intervention>
  <intervention>
    <intervention_type>Biological</intervention_type>
    <intervention_name>lintuzumab</intervention_name>
  </intervention>
  <intervention>
    <intervention_type>Drug</intervention_type>
    <intervention_name>arsenic trioxide</intervention_name>
  </intervention>
  <intervention>
    <intervention_type>Drug</intervention_type>
    <intervention_name>idarubicin</intervention_name>
  </intervention>
  <intervention>
    <intervention_type>Drug</intervention_type>
    <intervention_name>tretinoin</intervention_name>
  </intervention>
  <eligibility>
    <criteria>
      <textblock>
        DISEASE CHARACTERISTICS:&#xD;
&#xD;
          -  Diagnosis of acute promyelocytic leukemia by positive RT-PCR assay for PML/RAR-alfa&#xD;
             rearrangement or a t(15;17) karyotype&#xD;
&#xD;
               -  Achieved clinical complete remission within the past 1-2 months&#xD;
&#xD;
               -  Prior induction therapy must have contained tretinoin&#xD;
&#xD;
          -  No other acute myeloid leukemia diagnosis&#xD;
&#xD;
        PATIENT CHARACTERISTICS:&#xD;
&#xD;
        Age:&#xD;
&#xD;
          -  Any age&#xD;
&#xD;
        Performance status:&#xD;
&#xD;
          -  Not specified&#xD;
&#xD;
        Life expectancy:&#xD;
&#xD;
          -  Not specified&#xD;
&#xD;
        Hematopoietic:&#xD;
&#xD;
          -  Not specified&#xD;
&#xD;
        Hepatic:&#xD;
&#xD;
          -  Bilirubin less than 2 mg/dL&#xD;
&#xD;
          -  Transaminases no greater than 3 times upper limit of normal&#xD;
&#xD;
        Renal:&#xD;
&#xD;
          -  Creatinine less than 2 mg/dL OR&#xD;
&#xD;
          -  Creatinine clearance greater than 60 mL/min&#xD;
&#xD;
        Cardiovascular:&#xD;
&#xD;
          -  Ejection fraction normal or greater than 50% by echocardiogram or MUGA&#xD;
&#xD;
        Other:&#xD;
&#xD;
          -  No other concurrent active malignancy&#xD;
&#xD;
          -  No other serious or life-threatening condition that would preclude study&#xD;
&#xD;
          -  Not pregnant or nursing&#xD;
&#xD;
          -  Negative pregnancy test&#xD;
&#xD;
          -  Fertile patients must use effective contraception during and for at least 4 months&#xD;
             after study&#xD;
&#xD;
        PRIOR CONCURRENT THERAPY:&#xD;
&#xD;
        Biologic therapy:&#xD;
&#xD;
          -  Not specified&#xD;
&#xD;
        Chemotherapy:&#xD;
&#xD;
          -  See Disease Characteristics&#xD;
&#xD;
          -  At least 1 week since prior retinoids&#xD;
&#xD;
        Endocrine therapy:&#xD;
&#xD;
          -  Not specified&#xD;
&#xD;
        Radiotherapy:&#xD;
&#xD;
          -  Not specified&#xD;
&#xD;
        Surgery:&#xD;
&#xD;
          -  Not specified&#xD;
&#xD;
        Other:&#xD;
&#xD;
          -  No prior postremission therapy of any form&#xD;
      </textblock>
    </criteria>
    <gender>All</gender>
    <minimum_age>N/A</minimum_age>
    <maximum_age>N/A</maximum_age>
    <healthy_volunteers>No</healthy_volunteers>
  </eligibility>
  <overall_official>
    <last_name>Joseph G. Jurcic, MD</last_name>
    <role>Study Chair</role>
    <affiliation>Memorial Sloan Kettering Cancer Center</affiliation>
  </overall_official>
  <location>
    <facility>
      <name>Memorial Sloan-Kettering Cancer Center</name>
      <address>
        <city>New York</city>
        <state>New York</state>
        <zip>10021</zip>
        <country>United States</country>
      </address>
    </facility>
  </location>
  <location_countries>
    <country>United States</country>
  </location_countries>
  <verification_date>January 2013</verification_date>
  <study_first_submitted>May 6, 2001</study_first_submitted>
  <study_first_submitted_qc>January 26, 2003</study_first_submitted_qc>
  <study_first_posted type="Estimate">January 27, 2003</study_first_posted>
  <last_update_submitted>January 15, 2013</last_update_submitted>
  <last_update_submitted_qc>January 15, 2013</last_update_submitted_qc>
  <last_update_posted type="Estimate">January 16, 2013</last_update_posted>
  <keyword>adult acute myeloid leukemia in remission</keyword>
  <keyword>childhood acute myeloid leukemia in remission</keyword>
  <keyword>adult acute promyelocytic leukemia (M3)</keyword>
  <keyword>childhood acute promyelocytic leukemia (M3)</keyword>
  <keyword>adult acute myeloid leukemia with t(15;17)(q22;q12)</keyword>
  <condition_browse>
    <!-- CAUTION:  The following MeSH terms are assigned with an imperfect algorithm            -->
    <mesh_term>Leukemia</mesh_term>
    <mesh_term>Leukemia, Promyelocytic, Acute</mesh_term>
  </condition_browse>
  <intervention_browse>
    <!-- CAUTION:  The following MeSH terms are assigned with an imperfect algorithm            -->
    <mesh_term>Idarubicin</mesh_term>
    <mesh_term>Arsenic Trioxide</mesh_term>
    <mesh_term>Tretinoin</mesh_term>
    <mesh_term>Lintuzumab</mesh_term>
  </intervention_browse>
  <!-- Results have not yet been posted for this study                                          -->
</clinical_study>

