<?xml version="1.0" encoding="UTF-8"?>
<clinical_study rank="169">
  <!-- This xml conforms to an XML Schema at:
    https://clinicaltrials.gov/ct2/html/images/info/public.xsd -->
  <required_header>
    <download_date>ClinicalTrials.gov processed this data on May 11, 2021</download_date>
    <link_text>Link to the current ClinicalTrials.gov record.</link_text>
    <url>https://clinicaltrials.gov/show/NCT00003874</url>
  </required_header>
  <id_info>
    <org_study_id>1345.00</org_study_id>
    <secondary_id>FHCRC-1345.00</secondary_id>
    <secondary_id>NCI-G99-1514</secondary_id>
    <secondary_id>CDR0000067039</secondary_id>
    <nct_id>NCT00003874</nct_id>
  </id_info>
  <brief_title>Monoclonal Antibody Therapy in Treating Patients With Lymphoma or Leukemia</brief_title>
  <official_title>A Phase I/II Study of Combined Enrichment of CD34+ Cells and Depletion of B-Cells From Peripheral Blood Stem Cell Components for Patients With B-Lymphoid Malignancies</official_title>
  <sponsors>
    <lead_sponsor>
      <agency>Fred Hutchinson Cancer Research Center</agency>
      <agency_class>Other</agency_class>
    </lead_sponsor>
    <collaborator>
      <agency>National Cancer Institute (NCI)</agency>
      <agency_class>NIH</agency_class>
    </collaborator>
  </sponsors>
  <source>Fred Hutchinson Cancer Research Center</source>
  <brief_summary>
    <textblock>
      RATIONALE: Monoclonal antibodies can locate cancer cells and either kill them or deliver&#xD;
      cancer-killing substances without harming normal cells.&#xD;
&#xD;
      PURPOSE: Phase I/II trial to study the effectiveness of monoclonal antibody therapy in&#xD;
      treating patients who have lymphoma or leukemia.&#xD;
    </textblock>
  </brief_summary>
  <detailed_description>
    <textblock>
      OBJECTIVES: I. Evaluate the efficiency of tumor cell removal by immunomagnetic technique in&#xD;
      patients with B cell malignancies. II. Determine toxicity of mobilized peripheral blood stem&#xD;
      cell (PBSC) components of enriched CD34+ and depleted B cells in this patient population.&#xD;
      III. Compare recovery with the use of this treatment regimen to the use of unmanipulated PBSC&#xD;
      or CD34+ PBSC components in this patient population.&#xD;
&#xD;
      OUTLINE: Patients are assigned to one of two treatment arms for chemotherapy (chemotherapy&#xD;
      protocol following FHCRC-506.2). Patients undergo mobilization and isolation of CD34+ cells&#xD;
      as described in FHCRC-506.2. Peripheral blood stem cells are collected by apheresis and the&#xD;
      CD34+ cells are isolated using magnetic beads. Monoclonal antibodies to CD19 and CD20 are&#xD;
      added to the CD34+ cells to sensitize any remaining tumor cells. Patients undergo&#xD;
      transplantation on day 0, according to applicable transplant protocols, one month after&#xD;
      mobilization. Some patients may receive posttransplant interleukin-2 after achieving durable&#xD;
      engraftment. Patients are followed at day 30, 80, 180, 365, and 395.&#xD;
&#xD;
      PROJECTED ACCRUAL: A total of 20-30 patients will be accrued for this study.&#xD;
    </textblock>
  </detailed_description>
  <overall_status>Completed</overall_status>
  <start_date>February 1999</start_date>
  <completion_date>September 2001</completion_date>
  <phase>Phase 1/Phase 2</phase>
  <study_type>Interventional</study_type>
  <has_expanded_access>No</has_expanded_access>
  <study_design_info>
    <primary_purpose>Treatment</primary_purpose>
  </study_design_info>
  <condition>Leukemia</condition>
  <condition>Lymphoma</condition>
  <intervention>
    <intervention_type>Biological</intervention_type>
    <intervention_name>monoclonal antibody CD19</intervention_name>
  </intervention>
  <intervention>
    <intervention_type>Biological</intervention_type>
    <intervention_name>monoclonal antibody CD20</intervention_name>
  </intervention>
  <intervention>
    <intervention_type>Procedure</intervention_type>
    <intervention_name>in vitro-treated peripheral blood stem cell transplantation</intervention_name>
  </intervention>
  <eligibility>
    <criteria>
      <textblock>
        DISEASE CHARACTERISTICS: Histologically confirmed recurrent B cell malignancy that is&#xD;
        positive for CD19 and/or CD20 antigens Demonstrated or probable tumor cell contamination of&#xD;
        peripheral blood stem cell components No CNS metastases High risk B cell malignancy&#xD;
        indicative of autologous hematopoietic stem cell transplantation No HLA matched donors&#xD;
        Eligible for mobilization of blood stem cells using chemotherapy and G-CSF Eligible for&#xD;
        transplantation on a protocol covering classification and stage of malignancy Intention to&#xD;
        proceed to transplantation within 60 days of peripheral blood stem cell collection&#xD;
&#xD;
        PATIENT CHARACTERISTICS: Age: 70 and under Performance status: Karnofsky 70-100% Life&#xD;
        expectancy: Not specified Hematopoietic: Not specified Hepatic: Not specified Renal: Not&#xD;
        specified Other: No active infection HIV negative Adequate organ function as defined in the&#xD;
        mobilization and transplant protocols At least 20 CD34+ cells/uL in the peripheral blood&#xD;
        before immunomagnetic separation&#xD;
&#xD;
        PRIOR CONCURRENT THERAPY: Biologic therapy: Not specified Chemotherapy: Not specified&#xD;
        Endocrine therapy: Not specified Radiotherapy: Not specified Surgery: Not specified&#xD;
      </textblock>
    </criteria>
    <gender>All</gender>
    <minimum_age>N/A</minimum_age>
    <maximum_age>70 Years</maximum_age>
    <healthy_volunteers>No</healthy_volunteers>
  </eligibility>
  <overall_official>
    <last_name>Scott D. Rowley, MD, FACP</last_name>
    <role>Study Chair</role>
    <affiliation>Hackensack University Medical Center Cancer Center</affiliation>
  </overall_official>
  <location>
    <facility>
      <name>Fred Hutchinson Cancer Research Center</name>
      <address>
        <city>Seattle</city>
        <state>Washington</state>
        <zip>98109</zip>
        <country>United States</country>
      </address>
    </facility>
  </location>
  <location_countries>
    <country>United States</country>
  </location_countries>
  <verification_date>November 2011</verification_date>
  <study_first_submitted>November 1, 1999</study_first_submitted>
  <study_first_submitted_qc>July 15, 2004</study_first_submitted_qc>
  <study_first_posted type="Estimate">July 16, 2004</study_first_posted>
  <last_update_submitted>November 28, 2011</last_update_submitted>
  <last_update_submitted_qc>November 28, 2011</last_update_submitted_qc>
  <last_update_posted type="Estimate">November 29, 2011</last_update_posted>
  <keyword>recurrent childhood acute lymphoblastic leukemia</keyword>
  <keyword>Waldenstrom macroglobulinemia</keyword>
  <keyword>recurrent childhood lymphoblastic lymphoma</keyword>
  <keyword>recurrent adult acute lymphoblastic leukemia</keyword>
  <keyword>refractory chronic lymphocytic leukemia</keyword>
  <keyword>B-cell chronic lymphocytic leukemia</keyword>
  <keyword>B-cell childhood acute lymphoblastic leukemia</keyword>
  <keyword>B-cell adult acute lymphoblastic leukemia</keyword>
  <keyword>recurrent grade 1 follicular lymphoma</keyword>
  <keyword>recurrent grade 2 follicular lymphoma</keyword>
  <keyword>recurrent grade 3 follicular lymphoma</keyword>
  <keyword>recurrent adult diffuse small cleaved cell lymphoma</keyword>
  <keyword>recurrent adult diffuse mixed cell lymphoma</keyword>
  <keyword>recurrent adult diffuse large cell lymphoma</keyword>
  <keyword>recurrent adult immunoblastic large cell lymphoma</keyword>
  <keyword>recurrent adult lymphoblastic lymphoma</keyword>
  <keyword>recurrent adult Burkitt lymphoma</keyword>
  <keyword>recurrent childhood small noncleaved cell lymphoma</keyword>
  <keyword>recurrent childhood large cell lymphoma</keyword>
  <keyword>recurrent mantle cell lymphoma</keyword>
  <keyword>recurrent marginal zone lymphoma</keyword>
  <keyword>recurrent small lymphocytic lymphoma</keyword>
  <keyword>extranodal marginal zone B-cell lymphoma of mucosa-associated lymphoid tissue</keyword>
  <keyword>nodal marginal zone B-cell lymphoma</keyword>
  <keyword>splenic marginal zone lymphoma</keyword>
  <condition_browse>
    <!-- CAUTION:  The following MeSH terms are assigned with an imperfect algorithm            -->
    <mesh_term>Lymphoma</mesh_term>
    <mesh_term>Leukemia</mesh_term>
  </condition_browse>
  <intervention_browse>
    <!-- CAUTION:  The following MeSH terms are assigned with an imperfect algorithm            -->
    <mesh_term>Antineoplastic Agents, Immunological</mesh_term>
    <mesh_term>Antibodies</mesh_term>
    <mesh_term>Immunoglobulins</mesh_term>
    <mesh_term>Antibodies, Monoclonal</mesh_term>
  </intervention_browse>
  <!-- Results have not yet been posted for this study                                          -->
</clinical_study>

