<?xml version="1.0" encoding="UTF-8"?>
<clinical_study rank="104">
  <!-- This xml conforms to an XML Schema at:
    https://clinicaltrials.gov/ct2/html/images/info/public.xsd -->
  <required_header>
    <download_date>ClinicalTrials.gov processed this data on May 11, 2021</download_date>
    <link_text>Link to the current ClinicalTrials.gov record.</link_text>
    <url>https://clinicaltrials.gov/show/NCT01640301</url>
  </required_header>
  <id_info>
    <org_study_id>2498.00</org_study_id>
    <secondary_id>NCI-2011-03362</secondary_id>
    <secondary_id>2498</secondary_id>
    <secondary_id>2498.00</secondary_id>
    <secondary_id>P01CA018029</secondary_id>
    <secondary_id>P30CA015704</secondary_id>
    <secondary_id>RG9212029</secondary_id>
    <nct_id>NCT01640301</nct_id>
  </id_info>
  <brief_title>Laboratory-Treated T Cells in Treating Patients With High-Risk Relapsed Acute Myeloid Leukemia, Myelodysplastic Syndrome, or Chronic Myelogenous Leukemia Previously Treated With Donor Stem Cell Transplant</brief_title>
  <official_title>Phase I/II Study of Adoptive Immunotherapy After Allogeneic HCT With Virus Specific CD8+ T Cells That Have Been Transduced to Express a WT1-Specific T Cell Receptor for Patients With Relapsed AML</official_title>
  <sponsors>
    <lead_sponsor>
      <agency>Fred Hutchinson Cancer Research Center</agency>
      <agency_class>Other</agency_class>
    </lead_sponsor>
    <collaborator>
      <agency>National Cancer Institute (NCI)</agency>
      <agency_class>NIH</agency_class>
    </collaborator>
  </sponsors>
  <source>Fred Hutchinson Cancer Research Center</source>
  <oversight_info>
    <has_dmc>Yes</has_dmc>
    <is_fda_regulated_drug>Yes</is_fda_regulated_drug>
    <is_fda_regulated_device>No</is_fda_regulated_device>
  </oversight_info>
  <brief_summary>
    <textblock>
      This phase I/II trial studies the side effects of laboratory-treated T cells and to see how&#xD;
      well they work in treating patients with high-risk acute myeloid leukemia (AML),&#xD;
      myelodysplastic syndrome (MDS), or chronic myelogenous leukemia (CML) that has returned after&#xD;
      a period of improvement (relapsed), previously treated with donor stem cell transplant.&#xD;
      Biological therapies, such as cellular adoptive immunotherapy, may stimulate the immune&#xD;
      system in different ways and stop cancer cells from growing. Placing a gene that has been&#xD;
      created in the laboratory into a person's T cells may make the body build an immune response&#xD;
      to kill cancer cells.&#xD;
    </textblock>
  </brief_summary>
  <detailed_description>
    <textblock>
      PRIMARY OBJECTIVES:&#xD;
&#xD;
      I. Determine the safety and potential toxicities associated with treating patients with high&#xD;
      risk or relapsed AML, MDS, and CML after allogeneic hematopoietic cell transplantation (HCT)&#xD;
      by adoptive transfer of virus-specific cluster of differentiation (CD)8 T cells&#xD;
      genetically-modified to express a high affinity Wilms tumor 1 (WT1)-specific T cell receptor&#xD;
      (TCR).&#xD;
&#xD;
      II. Determine the anti-leukemic activity associated with treating patients with relapsed AML,&#xD;
      MDS and CML after allogeneic HCT by adoptive transfer of virus-specific CD8 T cells&#xD;
      genetically-modified to express a high affinity WT1-specific T cell receptor (TCR).&#xD;
&#xD;
      SECONDARY OBJECTIVES:&#xD;
&#xD;
      I. Determine the in vivo persistence of transferred T cells and ability to migrate to and&#xD;
      accumulate in bone marrow.&#xD;
&#xD;
      II. Determine the maintenance of TCR expression and function of transduced T cells.&#xD;
&#xD;
      OUTLINE: Patients are assigned to 1 of 2 treatment arms.&#xD;
&#xD;
      ARM I: Patients with no evidence of leukemia post-HCT receive WT1-sensitized T cells&#xD;
      intravenously (IV) over 45 minutes (or longer for patients who are 15-30 kg) on days 0 and 14&#xD;
      and aldesleukin subcutaneously (SC) twice daily (BID) on days 14-28.&#xD;
&#xD;
      ARM II: Patients with evidence of AML (minimal residual disease or overt relapse) post-HCT&#xD;
      receive cyclophosphamide IV and fludarabine phosphate IV daily on days -4 to -2. Patients&#xD;
      also receive WT1-sensitized T cells IV over 45 minutes (or longer for patients who are 15-30&#xD;
      kg) on days 0 and 21 and aldesleukin SC BID on days 14-28.&#xD;
&#xD;
      After completion of study treatment, patients are followed up weekly for 4 weeks, at weeks 6&#xD;
      and 8, at 3, 6, 12 months, and then annually for up to 15 years.&#xD;
    </textblock>
  </detailed_description>
  <overall_status>Active, not recruiting</overall_status>
  <start_date type="Actual">December 6, 2012</start_date>
  <completion_date type="Anticipated">September 1, 2029</completion_date>
  <primary_completion_date type="Anticipated">September 1, 2029</primary_completion_date>
  <phase>Phase 1/Phase 2</phase>
  <study_type>Interventional</study_type>
  <has_expanded_access>No</has_expanded_access>
  <study_design_info>
    <allocation>Non-Randomized</allocation>
    <intervention_model>Parallel Assignment</intervention_model>
    <primary_purpose>Treatment</primary_purpose>
    <masking>None (Open Label)</masking>
  </study_design_info>
  <primary_outcome>
    <measure>Anti-leukemic potential efficacy, in terms of duration of response (Arm II)</measure>
    <time_frame>Up to 15 years</time_frame>
  </primary_outcome>
  <primary_outcome>
    <measure>Efficacy, in terms of relapse rate (Arm I)</measure>
    <time_frame>At 1 year post-transplant</time_frame>
  </primary_outcome>
  <primary_outcome>
    <measure>Incidence of chronic graft versus host disease (GVHD) (Arm I)</measure>
    <time_frame>Up to 15 years</time_frame>
  </primary_outcome>
  <primary_outcome>
    <measure>Incidence of chronic graft versus host disease (GVHD) (Arm II)</measure>
    <time_frame>Up to 15 years</time_frame>
  </primary_outcome>
  <primary_outcome>
    <measure>Incidence of grade III-IV acute graft versus host disease (GVHD) (Arm II)</measure>
    <time_frame>Up to 15 years</time_frame>
  </primary_outcome>
  <primary_outcome>
    <measure>Incidence of grade III-IV acute graft-versus-host disease (GVHD) (Arm I)</measure>
    <time_frame>Up to 15 years</time_frame>
  </primary_outcome>
  <primary_outcome>
    <measure>Treatment-related toxicity rate (Arm I)</measure>
    <time_frame>Up to 15 years</time_frame>
    <description>Will be graded according to the National Cancer Institute (NCI) Common Terminology Criteria for Adverse Events (CTCAE) 4.0</description>
  </primary_outcome>
  <primary_outcome>
    <measure>Treatment-related toxicity rate (Arm II)</measure>
    <time_frame>Up to 15 years</time_frame>
    <description>Will be graded according to the NCI CTCAE 4.0.</description>
  </primary_outcome>
  <secondary_outcome>
    <measure>Disease-free survival after T cell therapy</measure>
    <time_frame>Up to 15 years</time_frame>
  </secondary_outcome>
  <secondary_outcome>
    <measure>Incidence of relapse after T cell therapy</measure>
    <time_frame>Up to 15 years</time_frame>
  </secondary_outcome>
  <secondary_outcome>
    <measure>Maintenance of T cell receptor (TCR) expression and function of transduced T cells</measure>
    <time_frame>Up to 15 years</time_frame>
  </secondary_outcome>
  <secondary_outcome>
    <measure>Persistence and migration of transferred T cells to bone marrow</measure>
    <time_frame>Up to 15 years</time_frame>
  </secondary_outcome>
  <secondary_outcome>
    <measure>Time to progression after T cell therapy</measure>
    <time_frame>Up to 15 years</time_frame>
  </secondary_outcome>
  <number_of_arms>2</number_of_arms>
  <enrollment type="Actual">45</enrollment>
  <condition>Recurrent Adult Acute Myeloid Leukemia</condition>
  <condition>Recurrent Childhood Acute Myeloid Leukemia</condition>
  <condition>Secondary Acute Myeloid Leukemia</condition>
  <condition>Therapy-Related Acute Myeloid Leukemia</condition>
  <condition>Donor</condition>
  <condition>Hematopoietic Cell Transplant Recipient</condition>
  <condition>HLA-A*0201 Positive Cells Present</condition>
  <condition>Recurrent Acute Myeloid Leukemia</condition>
  <arm_group>
    <arm_group_label>Arm I (high-risk for relapse after HCT)</arm_group_label>
    <arm_group_type>Experimental</arm_group_type>
    <description>Patients with no evidence of leukemia or MDS post-HCT receive WT1-sensitized T cells IV over 45 minutes (or longer for patients who are 15-30 kg) on days 0 and 14 and aldesleukin SC BID on days 14-28.</description>
  </arm_group>
  <arm_group>
    <arm_group_label>Arm II (relapsed after HCT)</arm_group_label>
    <arm_group_type>Experimental</arm_group_type>
    <description>Patients with evidence of AML (minimal residual disease or overt relapse) post-HCT receive cyclophosphamide IV and fludarabine phosphate IV daily on days -4 to -2. Patients also receive WT1-sensitized T cells IV over 45 minutes (or longer for patients who are 15-30 kg) on days 0 and 21 and aldesleukin SC BID on days 14-28.</description>
  </arm_group>
  <intervention>
    <intervention_type>Biological</intervention_type>
    <intervention_name>Aldesleukin</intervention_name>
    <description>Given SC</description>
    <arm_group_label>Arm I (high-risk for relapse after HCT)</arm_group_label>
    <arm_group_label>Arm II (relapsed after HCT)</arm_group_label>
    <other_name>125-L-Serine-2-133-interleukin 2</other_name>
    <other_name>Proleukin</other_name>
    <other_name>r-serHuIL-2</other_name>
    <other_name>Recombinant Human IL-2</other_name>
    <other_name>Recombinant Human Interleukin-2</other_name>
  </intervention>
  <intervention>
    <intervention_type>Drug</intervention_type>
    <intervention_name>Cyclophosphamide</intervention_name>
    <description>Given IV</description>
    <arm_group_label>Arm II (relapsed after HCT)</arm_group_label>
    <other_name>(-)-Cyclophosphamide</other_name>
    <other_name>2H-1,3,2-Oxazaphosphorine, 2-[bis(2-chloroethyl)amino]tetrahydro-, 2-oxide, monohydrate</other_name>
    <other_name>Carloxan</other_name>
    <other_name>Ciclofosfamida</other_name>
    <other_name>Ciclofosfamide</other_name>
    <other_name>Cicloxal</other_name>
    <other_name>Clafen</other_name>
    <other_name>Claphene</other_name>
    <other_name>CP monohydrate</other_name>
    <other_name>CTX</other_name>
    <other_name>CYCLO-cell</other_name>
    <other_name>Cycloblastin</other_name>
    <other_name>Cycloblastine</other_name>
    <other_name>Cyclophospham</other_name>
    <other_name>Cyclophosphamid monohydrate</other_name>
    <other_name>Cyclophosphamidum</other_name>
    <other_name>Cyclophosphan</other_name>
    <other_name>Cyclophosphane</other_name>
    <other_name>Cyclophosphanum</other_name>
    <other_name>Cyclostin</other_name>
    <other_name>Cyclostine</other_name>
    <other_name>Cytophosphan</other_name>
    <other_name>Cytophosphane</other_name>
    <other_name>Cytoxan</other_name>
    <other_name>Fosfaseron</other_name>
    <other_name>Genoxal</other_name>
    <other_name>Genuxal</other_name>
    <other_name>Ledoxina</other_name>
    <other_name>Mitoxan</other_name>
    <other_name>Neosar</other_name>
    <other_name>Revimmune</other_name>
    <other_name>Syklofosfamid</other_name>
    <other_name>WR- 138719</other_name>
  </intervention>
  <intervention>
    <intervention_type>Drug</intervention_type>
    <intervention_name>Fludarabine Phosphate</intervention_name>
    <description>Given IV</description>
    <arm_group_label>Arm II (relapsed after HCT)</arm_group_label>
    <other_name>2-F-ara-AMP</other_name>
    <other_name>9H-Purin-6-amine, 2-fluoro-9-(5-O-phosphono-.beta.-D-arabinofuranosyl)-</other_name>
    <other_name>Beneflur</other_name>
    <other_name>Fludara</other_name>
    <other_name>SH T 586</other_name>
  </intervention>
  <intervention>
    <intervention_type>Other</intervention_type>
    <intervention_name>Laboratory Biomarker Analysis</intervention_name>
    <description>Correlative studies</description>
    <arm_group_label>Arm I (high-risk for relapse after HCT)</arm_group_label>
    <arm_group_label>Arm II (relapsed after HCT)</arm_group_label>
  </intervention>
  <intervention>
    <intervention_type>Biological</intervention_type>
    <intervention_name>WT1-Sensitized Allogeneic T-Lymphocytes</intervention_name>
    <description>Given IV</description>
    <arm_group_label>Arm I (high-risk for relapse after HCT)</arm_group_label>
    <arm_group_label>Arm II (relapsed after HCT)</arm_group_label>
  </intervention>
  <eligibility>
    <criteria>
      <textblock>
        Inclusion Criteria:&#xD;
&#xD;
          -  Patients must express HLA-A*0201&#xD;
&#xD;
          -  Patients who are currently undergoing or who previously underwent matched allogeneic&#xD;
             HCT for:&#xD;
&#xD;
               -  AML: Prospective enrollment will now be limited to patients with relapsed disease&#xD;
                  (overt relapse or minimal residual disease) at any time post allogeneic HCT&#xD;
&#xD;
               -  MDS will no longer be a criterion for eligibility&#xD;
&#xD;
               -  CML will no longer be a criterion for eligibility&#xD;
&#xD;
          -  Patients must have an HLA-matched donor of hematopoietic stem cells (related or&#xD;
             unrelated)&#xD;
&#xD;
          -  Patients must be able to provide blood and bone marrow samples and undergo the&#xD;
             procedures required for this protocol&#xD;
&#xD;
          -  Patients must be &gt;= 15 kg, as patients with lower weight would be incapable of&#xD;
             providing high volume and frequent blood samples for monitoring and analysis&#xD;
&#xD;
          -  Patients must be able to give informed consent; parent or legal representative will be&#xD;
             asked to consent for patients younger than 18 year old&#xD;
&#xD;
          -  DONOR: Patient and donor (related or unrelated) must be HLA-matched and express&#xD;
             HLA-A*0201&#xD;
&#xD;
          -  DONOR: Donor must be Epstein-Barr virus (EBV) or cytomegalovirus (CMV) seropositive&#xD;
&#xD;
          -  DONOR: Donor must be age 18 or older&#xD;
&#xD;
          -  DONOR: In good general health&#xD;
&#xD;
          -  DONOR: Able to give informed consent&#xD;
&#xD;
        Exclusion Criteria:&#xD;
&#xD;
          -  Central nervous system (CNS) tumor refractory to intrathecal chemotherapy and/or&#xD;
             cranio-spinal radiation&#xD;
&#xD;
          -  In patients whose leukemic cells are available for evaluation, the expression of WT1&#xD;
             in the patient's bone marrow will be determined; if WT1 expression in the patient's&#xD;
             bone marrow is not highly expressed by polymerase chain reaction (PCR), the patient&#xD;
             will be excluded from the study; patients with no evaluable leukemia will be eligible&#xD;
             for enrollment based on the high frequency of positive leukemias (&gt; 90%), and leukemia&#xD;
             will be evaluated for WT1 expression if recurrence is detected&#xD;
&#xD;
          -  Human immunodeficiency virus (HIV) seropositive; testing for HIV should be within 6&#xD;
             months of enrollment&#xD;
&#xD;
          -  Medical or psychological conditions that would make the patient unsuitable candidate&#xD;
             for cell therapy at the discretion of the principal investigator (PI)&#xD;
&#xD;
          -  Pregnancy or breast-feeding; women of childbearing potential must have a negative&#xD;
             serum or urine beta-human chorionic gonadotropin (B-hCG) pregnancy test result within&#xD;
             14 days before the first dose of WT1-specific T cell infusion; woman of&#xD;
             non-childbearing potential will be defined as being postmenopausal greater than one&#xD;
             year or who have had a bilateral tubal ligation or hysterectomy; all recipients of&#xD;
             WT1-specific T cells will be counseled to use effective birth control during&#xD;
             participation in this study and for 12 months after the last T cell infusion&#xD;
&#xD;
          -  DONOR: Less than 18 years old&#xD;
&#xD;
          -  DONOR: Active infectious hepatitis&#xD;
&#xD;
          -  DONOR: HIV or human T-lymphotropic virus (HTLV) seropositive&#xD;
&#xD;
          -  DONOR: Pregnancy or nursing&#xD;
&#xD;
          -  DONOR: Significant medical conditions (e.g. immunosuppressive therapy) that would make&#xD;
             the donor an unsuitable T cell donor&#xD;
&#xD;
          -  DONOR: Unable to give informed consent&#xD;
      </textblock>
    </criteria>
    <gender>All</gender>
    <minimum_age>N/A</minimum_age>
    <maximum_age>N/A</maximum_age>
    <healthy_volunteers>No</healthy_volunteers>
  </eligibility>
  <overall_official>
    <last_name>Aude Chapuis</last_name>
    <role>Principal Investigator</role>
    <affiliation>Fred Hutch/University of Washington Cancer Consortium</affiliation>
  </overall_official>
  <location>
    <facility>
      <name>Fred Hutch/University of Washington Cancer Consortium</name>
      <address>
        <city>Seattle</city>
        <state>Washington</state>
        <zip>98109</zip>
        <country>United States</country>
      </address>
    </facility>
  </location>
  <location_countries>
    <country>United States</country>
  </location_countries>
  <verification_date>October 2020</verification_date>
  <study_first_submitted>November 29, 2011</study_first_submitted>
  <study_first_submitted_qc>July 12, 2012</study_first_submitted_qc>
  <study_first_posted type="Estimate">July 13, 2012</study_first_posted>
  <last_update_submitted>October 29, 2020</last_update_submitted>
  <last_update_submitted_qc>October 29, 2020</last_update_submitted_qc>
  <last_update_posted type="Actual">November 2, 2020</last_update_posted>
  <responsible_party>
    <responsible_party_type>Sponsor</responsible_party_type>
  </responsible_party>
  <condition_browse>
    <!-- CAUTION:  The following MeSH terms are assigned with an imperfect algorithm            -->
    <mesh_term>Leukemia</mesh_term>
    <mesh_term>Leukemia, Myeloid</mesh_term>
    <mesh_term>Leukemia, Myeloid, Acute</mesh_term>
  </condition_browse>
  <intervention_browse>
    <!-- CAUTION:  The following MeSH terms are assigned with an imperfect algorithm            -->
    <mesh_term>Aldesleukin</mesh_term>
    <mesh_term>Cyclophosphamide</mesh_term>
    <mesh_term>Fludarabine</mesh_term>
    <mesh_term>Fludarabine phosphate</mesh_term>
    <mesh_term>Interleukin-2</mesh_term>
  </intervention_browse>
  <!-- Results have not yet been posted for this study                                          -->
</clinical_study>

