<?xml version="1.0" encoding="UTF-8"?>
<clinical_study rank="149">
  <!-- This xml conforms to an XML Schema at:
    https://clinicaltrials.gov/ct2/html/images/info/public.xsd -->
  <required_header>
    <download_date>ClinicalTrials.gov processed this data on May 11, 2021</download_date>
    <link_text>Link to the current ClinicalTrials.gov record.</link_text>
    <url>https://clinicaltrials.gov/show/NCT00004898</url>
  </required_header>
  <id_info>
    <org_study_id>NU 91H5T</org_study_id>
    <secondary_id>NU-91H5I</secondary_id>
    <secondary_id>NCI-G00-1687</secondary_id>
    <nct_id>NCT00004898</nct_id>
  </id_info>
  <brief_title>Radiation Therapy and Chemotherapy Plus Peripheral Stem Cell Transplantation in Treating Patients With High-Grade Lymphoma or Acute Lymphoblastic Leukemia</brief_title>
  <official_title>Dose Escalation of VP-16 With Cyclophosphamide and Total Body Irradiation as Preparative Regimen for Autologous Transplantation for High-Grade Lymphoma and Acute Lymphoblastic Leukemia</official_title>
  <sponsors>
    <lead_sponsor>
      <agency>Northwestern University</agency>
      <agency_class>Other</agency_class>
    </lead_sponsor>
    <collaborator>
      <agency>National Cancer Institute (NCI)</agency>
      <agency_class>NIH</agency_class>
    </collaborator>
  </sponsors>
  <source>Northwestern University</source>
  <oversight_info>
    <has_dmc>Yes</has_dmc>
  </oversight_info>
  <brief_summary>
    <textblock>
      RATIONALE: Radiation therapy uses high-energy x-rays to damage cancer cells. Drugs used in&#xD;
      chemotherapy use different ways to stop cancer cells from dividing so they stop growing or&#xD;
      die. Peripheral stem cell transplantation may allow doctors to give higher doses of&#xD;
      chemotherapy drugs and kill more cancer cells.&#xD;
&#xD;
      PURPOSE: Phase I/II trial to study the effectiveness of radiation therapy and chemotherapy&#xD;
      plus peripheral stem cell transplantation in treating patients who have high-grade lymphoma&#xD;
      or acute lymphoblastic leukemia.&#xD;
    </textblock>
  </brief_summary>
  <detailed_description>
    <textblock>
      OBJECTIVES: I. Determine the toxicity of an intensive induction regimen comprised of&#xD;
      etoposide with cyclophosphamide and total body irradiation (TBI) in patients with high grade&#xD;
      lymphoma or acute lymphoblastic leukemia (ALL). II. Determine the maximum tolerated dose of&#xD;
      etoposide when combined with cyclophosphamide and TBI in these patients. III. Determine the&#xD;
      response rate in patients treated with this induction regimen. IV. Determine the potential&#xD;
      for long term survival in patients with relapsed lymphoblastic lymphoma and chemotherapy&#xD;
      responsiveness treated with this induction regimen. V. Determine the efficacy of this&#xD;
      induction regimen followed by autologous peripheral blood stem cell transplantation (APBSCT)&#xD;
      in patients with ALL in any complete remission. VI. Determine the efficacy of this induction&#xD;
      regimen followed by APBSCT in patients will ALL after relapse and remission reinduction.&#xD;
&#xD;
      OUTLINE: This is a dose escalation study of etoposide. Patients undergo total body&#xD;
      irradiation twice daily on days -8 to -5. Patients receive etoposide IV over 30 hours&#xD;
      beginning on day -5 and cyclophosphamide IV over 1 hour on day -3 (beginning 6 hours after&#xD;
      completion of etoposide infusion) and day -2. Peripheral blood stem cells are reinfused on&#xD;
      day 0. Patients receive filgrastim (G-CSF) subcutaneously daily beginning on day 0 and&#xD;
      continuing until blood counts have recovered for 2 days. Cohorts of 5 patients receive&#xD;
      escalating doses of etoposide until the maximum tolerated dose (MTD) is determined. The MTD&#xD;
      is defined as the dose preceding that at which 3 of 5 patients experience dose limiting&#xD;
      toxicity. Patients are followed every month for 1 year and then every 6 months for 2.5 years.&#xD;
&#xD;
      PROJECTED ACCRUAL: A minimum of 5 patients will be accrued for this study.&#xD;
    </textblock>
  </detailed_description>
  <overall_status>Completed</overall_status>
  <start_date>October 1999</start_date>
  <completion_date type="Actual">July 2003</completion_date>
  <primary_completion_date type="Actual">July 2003</primary_completion_date>
  <phase>Phase 1/Phase 2</phase>
  <study_type>Interventional</study_type>
  <has_expanded_access>No</has_expanded_access>
  <study_design_info>
    <primary_purpose>Treatment</primary_purpose>
  </study_design_info>
  <enrollment type="Actual">6</enrollment>
  <condition>Leukemia</condition>
  <condition>Lymphoma</condition>
  <intervention>
    <intervention_type>Biological</intervention_type>
    <intervention_name>filgrastim</intervention_name>
  </intervention>
  <intervention>
    <intervention_type>Drug</intervention_type>
    <intervention_name>cyclophosphamide</intervention_name>
  </intervention>
  <intervention>
    <intervention_type>Drug</intervention_type>
    <intervention_name>etoposide</intervention_name>
  </intervention>
  <intervention>
    <intervention_type>Procedure</intervention_type>
    <intervention_name>peripheral blood stem cell transplantation</intervention_name>
  </intervention>
  <intervention>
    <intervention_type>Radiation</intervention_type>
    <intervention_name>radiation therapy</intervention_name>
  </intervention>
  <eligibility>
    <criteria>
      <textblock>
        DISEASE CHARACTERISTICS: Histologically proven high grade lymphoma (including small&#xD;
        noncleaved) by lymph node biopsy OR acute lymphoblastic leukemia (ALL) by bone marrow&#xD;
        aspiration and biopsy Lymphoblastic lymphoma: First remission allowed if elevated LDH or&#xD;
        stage IV disease Early relapse allowed Must have CT of abdomen, pelvis, and chest obtained&#xD;
        within 4-6 weeks prior to enrollment Measurable disease not required First remission&#xD;
        transplantation is encouraged if poor prognostic indicators were present at diagnosis and&#xD;
        the objective parameter of measure is long term disease free survival ALL: Patients with&#xD;
        inaspirable bone marrow aspirate smears eligible if diagnosis confirmed by bone marrow core&#xD;
        biopsy Any complete remission allowed All patients in relapse should have attempted&#xD;
        reinduction of remission Patients in early relapse (defined as no greater than 20%&#xD;
        lymphoblasts in bone marrow) eligible if bone marrow harvested while in remission (less&#xD;
        than 5% blasts) Must be eligible for total body irradiation Negative CSF cytology within&#xD;
        4-6 weeks of enrollment No active CNS lymphoma or leukemia A new classification scheme for&#xD;
        adult non-Hodgkin's lymphoma has been adopted by PDQ. The terminology of &quot;indolent&quot; or&#xD;
        &quot;aggressive&quot; lymphoma will replace the former terminology of &quot;low&quot;, &quot;intermediate&quot;, or&#xD;
        &quot;high&quot; grade lymphoma. However, this protocol uses the former terminology.&#xD;
&#xD;
        PATIENT CHARACTERISTICS: Age: Physiologic age 65 and under for autologous peripheral blood&#xD;
        stem cell transplantation If age 55 and under, priority should be given to finding an&#xD;
        allogeneic donor Performance status: ECOG 0 or 1 Life expectancy: Not specified&#xD;
        Hematopoietic: See Disease Characteristics Hepatic: Bilirubin no greater than 2.0 mg/dL&#xD;
        SGOT or SGPT less than 2 times normal Renal: Creatinine less than 2.0 mg/dL Cardiovascular:&#xD;
        Cardiac ejection fraction at least 40% by MUGA scan or clearance by a cardiologist No&#xD;
        myocardial infarction within the past 6 months No active angina pectoris Pulmonary: FEV1&#xD;
        and DLCO at least 50% predicted Other: No active serious psychiatric or medical illness&#xD;
        that would preclude administration of high dose chemotherapy HIV negative Not pregnant&#xD;
        Negative pregnancy test&#xD;
&#xD;
        PRIOR CONCURRENT THERAPY: Biologic therapy: Not specified Chemotherapy: See Disease&#xD;
        Characteristics Endocrine therapy: Not specified Radiotherapy: See Disease Characteristics&#xD;
        No prior radiotherapy greater than 25 Gy to the craniospinal axis Surgery: See Disease&#xD;
        Characteristics&#xD;
      </textblock>
    </criteria>
    <gender>All</gender>
    <minimum_age>N/A</minimum_age>
    <maximum_age>65 Years</maximum_age>
    <healthy_volunteers>No</healthy_volunteers>
  </eligibility>
  <overall_official>
    <last_name>Ann Traynor, MD</last_name>
    <role>Study Chair</role>
    <affiliation>Robert H. Lurie Cancer Center</affiliation>
  </overall_official>
  <location>
    <facility>
      <name>Robert H. Lurie Comprehensive Cancer Center, Northwestern University</name>
      <address>
        <city>Chicago</city>
        <state>Illinois</state>
        <zip>60611-3013</zip>
        <country>United States</country>
      </address>
    </facility>
  </location>
  <location_countries>
    <country>United States</country>
  </location_countries>
  <verification_date>June 2012</verification_date>
  <study_first_submitted>March 7, 2000</study_first_submitted>
  <study_first_submitted_qc>March 2, 2004</study_first_submitted_qc>
  <study_first_posted type="Estimate">March 3, 2004</study_first_posted>
  <disposition_first_submitted>February 16, 2011</disposition_first_submitted>
  <disposition_first_submitted_qc>February 18, 2011</disposition_first_submitted_qc>
  <disposition_first_posted type="Estimate">February 25, 2011</disposition_first_posted>
  <last_update_submitted>June 8, 2012</last_update_submitted>
  <last_update_submitted_qc>June 8, 2012</last_update_submitted_qc>
  <last_update_posted type="Estimate">June 12, 2012</last_update_posted>
  <responsible_party>
    <responsible_party_type>Sponsor</responsible_party_type>
  </responsible_party>
  <keyword>recurrent childhood acute lymphoblastic leukemia</keyword>
  <keyword>stage I childhood lymphoblastic lymphoma</keyword>
  <keyword>stage II childhood lymphoblastic lymphoma</keyword>
  <keyword>stage III childhood lymphoblastic lymphoma</keyword>
  <keyword>stage IV childhood lymphoblastic lymphoma</keyword>
  <keyword>recurrent childhood lymphoblastic lymphoma</keyword>
  <keyword>recurrent adult acute lymphoblastic leukemia</keyword>
  <keyword>adult acute lymphoblastic leukemia in remission</keyword>
  <keyword>childhood acute lymphoblastic leukemia in remission</keyword>
  <keyword>stage I adult immunoblastic large cell lymphoma</keyword>
  <keyword>stage I adult lymphoblastic lymphoma</keyword>
  <keyword>stage I adult Burkitt lymphoma</keyword>
  <keyword>stage II adult immunoblastic large cell lymphoma</keyword>
  <keyword>stage II adult lymphoblastic lymphoma</keyword>
  <keyword>stage II adult Burkitt lymphoma</keyword>
  <keyword>stage III adult immunoblastic large cell lymphoma</keyword>
  <keyword>stage III adult lymphoblastic lymphoma</keyword>
  <keyword>stage III adult Burkitt lymphoma</keyword>
  <keyword>stage IV adult immunoblastic large cell lymphoma</keyword>
  <keyword>stage IV adult lymphoblastic lymphoma</keyword>
  <keyword>stage IV adult Burkitt lymphoma</keyword>
  <keyword>recurrent adult immunoblastic large cell lymphoma</keyword>
  <keyword>recurrent adult lymphoblastic lymphoma</keyword>
  <keyword>recurrent adult Burkitt lymphoma</keyword>
  <keyword>stage I childhood small noncleaved cell lymphoma</keyword>
  <keyword>stage I childhood large cell lymphoma</keyword>
  <keyword>stage II childhood small noncleaved cell lymphoma</keyword>
  <keyword>stage II childhood large cell lymphoma</keyword>
  <keyword>stage III childhood small noncleaved cell lymphoma</keyword>
  <keyword>stage III childhood large cell lymphoma</keyword>
  <keyword>stage IV childhood small noncleaved cell lymphoma</keyword>
  <keyword>stage IV childhood large cell lymphoma</keyword>
  <keyword>recurrent childhood small noncleaved cell lymphoma</keyword>
  <keyword>recurrent childhood large cell lymphoma</keyword>
  <condition_browse>
    <!-- CAUTION:  The following MeSH terms are assigned with an imperfect algorithm            -->
    <mesh_term>Lymphoma</mesh_term>
    <mesh_term>Leukemia</mesh_term>
    <mesh_term>Precursor Cell Lymphoblastic Leukemia-Lymphoma</mesh_term>
    <mesh_term>Leukemia, Lymphoid</mesh_term>
    <mesh_term>Lymphoma, Non-Hodgkin</mesh_term>
  </condition_browse>
  <intervention_browse>
    <!-- CAUTION:  The following MeSH terms are assigned with an imperfect algorithm            -->
    <mesh_term>Cyclophosphamide</mesh_term>
    <mesh_term>Etoposide</mesh_term>
  </intervention_browse>
  <!-- Results have not yet been posted, but a results disposition has been submitted           -->
</clinical_study>

