<?xml version="1.0" encoding="UTF-8"?>
<clinical_study rank="199">
  <!-- This xml conforms to an XML Schema at:
    https://clinicaltrials.gov/ct2/html/images/info/public.xsd -->
  <required_header>
    <download_date>ClinicalTrials.gov processed this data on May 11, 2021</download_date>
    <link_text>Link to the current ClinicalTrials.gov record.</link_text>
    <url>https://clinicaltrials.gov/show/NCT00089011</url>
  </required_header>
  <id_info>
    <org_study_id>1898.00</org_study_id>
    <secondary_id>NCI-2010-00267</secondary_id>
    <secondary_id>1898.00</secondary_id>
    <secondary_id>P01CA078902</secondary_id>
    <secondary_id>P30CA015704</secondary_id>
    <nct_id>NCT00089011</nct_id>
  </id_info>
  <brief_title>Tacrolimus and Mycophenolate Mofetil in Preventing Graft-Versus-Host Disease in Patients Who Have Undergone Total-Body Irradiation With or Without Fludarabine Phosphate Followed by Donor Peripheral Blood Stem Cell Transplant for Hematologic Cancer</brief_title>
  <official_title>A Multi-Center Study of Nonmyeloablative Conditioning With TBI or Fludarabine/TBI for HLA-matched Related Hematopoietic Cell Transplantation for Treatment of Hematologic Malignancies With Post Grafting Immunosuppression With Tacrolimus and Mycophenolate Mofetil</official_title>
  <sponsors>
    <lead_sponsor>
      <agency>Fred Hutchinson Cancer Research Center</agency>
      <agency_class>Other</agency_class>
    </lead_sponsor>
    <collaborator>
      <agency>National Cancer Institute (NCI)</agency>
      <agency_class>NIH</agency_class>
    </collaborator>
  </sponsors>
  <source>Fred Hutchinson Cancer Research Center</source>
  <oversight_info>
    <has_dmc>Yes</has_dmc>
  </oversight_info>
  <brief_summary>
    <textblock>
      This phase II trial studies how well tacrolimus and mycophenolate mofetil works in preventing&#xD;
      graft-versus-host disease in patients who have undergone total-body irradiation (TBI) with or&#xD;
      without fludarabine phosphate followed by donor peripheral blood stem cell transplant for&#xD;
      hematologic cancer. Giving low doses of chemotherapy, such as fludarabine phosphate, and TBI&#xD;
      before a donor peripheral blood stem cell transplant helps stop the growth of cancer cells.&#xD;
      It also stops the patient's immune system from rejecting the donor's stem cells. The donated&#xD;
      stem cells may replace the patient's immune system and help destroy any remaining cancer&#xD;
      cells (graft-versus-tumor effect). Sometimes the transplanted cells from a donor can also&#xD;
      make an immune response against the body's normal cells. Giving tacrolimus and mycophenolate&#xD;
      mofetil after the transplant may stop this from happening.&#xD;
    </textblock>
  </brief_summary>
  <detailed_description>
    <textblock>
      PRIMARY OBJECTIVES:&#xD;
&#xD;
      I. To estimate the incidence of grade III/IV graft-versus-host disease (GVHD) after&#xD;
      conditioning with 200 centigray (cGy) TBI alone or Fludarabine (fludarabine phosphate)/200&#xD;
      cGy TBI followed by tacrolimus (Tac)/mycophenolate mofetil (MMF) immunosuppression in&#xD;
      patients with hematologic malignancies.&#xD;
&#xD;
      II. To estimate the incidence of chronic extensive GVHD.&#xD;
&#xD;
      SECONDARY OBJECTIVES:&#xD;
&#xD;
      I. To estimate the incidences of graft rejection.&#xD;
&#xD;
      II. To estimate overall survival 1-year after conditioning.&#xD;
&#xD;
      III. To evaluate the incidences of grades II-IV acute GVHD.&#xD;
&#xD;
      IV. To evaluate the rates of disease progression and/or relapse-related mortality.&#xD;
&#xD;
      V. To estimate the rate and duration of steroid use for the treatment of chronic GVHD.&#xD;
&#xD;
      OUTLINE: Patients are assigned to 1 of 2 treatment arms.&#xD;
&#xD;
      ARM I (nonmyeloablative conditioning with fludarabine phosphate and TBI): Patients receive&#xD;
      fludarabine phosphate intravenously (IV) on days -4 to -2 and undergo TBI on day 0.&#xD;
&#xD;
      ARM II (nonmyeloablative conditioning with TBI): Patients undergo TBI on day 0.&#xD;
&#xD;
      All patients then undergo allogeneic peripheral blood stem cell transplantation on day 0 and&#xD;
      receive tacrolimus orally (PO) every 12 hours on days -3 to 180, with taper on day 56, or&#xD;
      tacrolimus IV if unable to tolerate PO; and mycophenolate mofetil PO every 12 hours on days&#xD;
      0-27 or mycophenolate mofetil IV if unable to tolerate PO.&#xD;
&#xD;
      Treatment continues in the absence of disease progression or unacceptable toxicity.&#xD;
&#xD;
      After completion of study treatment, patients are followed up every 6 months for 2 years and&#xD;
      then annually for 3 years.&#xD;
    </textblock>
  </detailed_description>
  <overall_status>Completed</overall_status>
  <start_date type="Actual">April 2004</start_date>
  <completion_date type="Actual">July 2018</completion_date>
  <primary_completion_date type="Actual">March 2014</primary_completion_date>
  <phase>Phase 2</phase>
  <study_type>Interventional</study_type>
  <has_expanded_access>No</has_expanded_access>
  <study_design_info>
    <allocation>Non-Randomized</allocation>
    <intervention_model>Parallel Assignment</intervention_model>
    <primary_purpose>Treatment</primary_purpose>
    <masking>None (Open Label)</masking>
  </study_design_info>
  <primary_outcome>
    <measure>Incidence of Grade III/IV GVHD</measure>
    <time_frame>Day 180 post-transplantation</time_frame>
    <description>Number of patients who developed acute/chronic GVHD post-transplant. aGVHD Stages&#xD;
Skin:&#xD;
a maculopapular eruption involving &lt; 25% BSA a maculopapular eruption involving 25 - 50% BSA generalized erythroderma generalized erythroderma with bullous formation and often with desquamation&#xD;
Liver:&#xD;
bilirubin 2.0 - 3.0 mg/100 mL bilirubin 3 - 5.9 mg/100 mL bilirubin 6 - 14.9 mg/100 mL bilirubin &gt; 15 mg/100 mL&#xD;
Gut:&#xD;
Diarrhea is graded 1 - 4 in severity. Nausea and vomiting and/or anorexia caused by GVHD is assigned as 1 in severity. The severity of gut involvement is assigned to the most severe involvement noted. Patients with visible bloody diarrhea are at least stage 2 gut and grade 3 overall.&#xD;
aGVHD Grades Grade III: Stage 2 - 4 gut involvement and/or stage 2 - 4 liver involvement Grade IV: Pattern and severity of GVHD similar to grade 3 with extreme constitutional symptoms or death</description>
  </primary_outcome>
  <primary_outcome>
    <measure>Incidence of Chronic Extensive GVHD</measure>
    <time_frame>Day 180 post-transplantation</time_frame>
    <description>Number of patients who developed chronic extensive GVHD post-transplant. The diagnosis of chronic GVHD requires at least one manifestation that is distinctive for chronic GVHD as opposed to acute GVHD. In all cases, infection and others causes must be ruled out in the differential diagnosis of chronic GVHD.</description>
  </primary_outcome>
  <secondary_outcome>
    <measure>Incidences of Graft Rejection</measure>
    <time_frame>Day 180 post-transplantation</time_frame>
    <description>Number of patients who rejected their graft. Rejection is defined as the inability to detect or loss of detection of greater than 5% donor T cells (CD3+) as a proportion of the total T cell population, respectively, after nonmyeloablative HCT.</description>
  </secondary_outcome>
  <secondary_outcome>
    <measure>Overall Survival</measure>
    <time_frame>At 1 year after conditioning</time_frame>
    <description>Number of patients surviving post-transplant.</description>
  </secondary_outcome>
  <secondary_outcome>
    <measure>Incidences of Grades II-IV Acute GVHD</measure>
    <time_frame>Day 180 post-transplantation</time_frame>
    <description>Number of patients who developed acute/chronic GVHD post-transplant. aGVHD Stages&#xD;
Skin:&#xD;
a maculopapular eruption involving &lt; 25% BSA a maculopapular eruption involving 25 - 50% BSA generalized erythroderma generalized erythroderma with bullous formation and often with desquamation&#xD;
Liver:&#xD;
bilirubin 2.0 - 3.0 mg/100 mL bilirubin 3 - 5.9 mg/100 mL bilirubin 6 - 14.9 mg/100 mL bilirubin &gt; 15 mg/100 mL&#xD;
Gut:&#xD;
Diarrhea is graded 1 - 4 in severity. Nausea and vomiting and/or anorexia caused by GVHD is assigned as 1 in severity. The severity of gut involvement is assigned to the most severe involvement noted. Patients with visible bloody diarrhea are at least stage 2 gut and grade 3 overall.&#xD;
aGVHD Grades Grade II: Stage 1 - 3 skin and/or stage 1 gut involvement and/or stage 1 liver involvement Grade III: Stage 2 - 4 gut involvement and/or stage 2 - 4 liver involvement Grade IV: Pattern and severity of GVHD similar to grade 3 with extreme constitutional symptoms or death</description>
  </secondary_outcome>
  <secondary_outcome>
    <measure>Rates of Disease Progression</measure>
    <time_frame>Up to 5 years</time_frame>
    <description>Relapse/Progression criteria:&#xD;
CML New cytogenetic abnormality and/or development of accelerated phase or blast crisis. The criteria for accelerated phase will be defined as unexplained fever &gt;38.3°C, new clonal cytogenetic abnormalities in addition to a single Ph-positive chromosome, marrow blasts and promyelocytes &gt;20%.&#xD;
CMML, AML, ALL &gt;30% BM blasts w/ deteriorating performance status, or worsening of anemia, neutropenia, or thrombocytopenia.&#xD;
CLL ≥1 of: Physical exam/imaging studies ≥50% increase or new, circulating lymphocytes by morphology and/or flow cytometry ≥50% increase, and lymph node biopsy w/ Richter's transformation.&#xD;
NHL &gt;25% increase in the sum of the products of the perpendicular diameters of marker lesions, or the appearance of new lesions.&#xD;
MM&#xD;
≥100% increase of the serum myeloma protein from its lowest level, or reappearance of myeloma peaks that had disappeared w/ treatment; or definite increase in the size or number of plasmacytomas or lytic bone lesions.</description>
  </secondary_outcome>
  <secondary_outcome>
    <measure>Rates of Relapse-related Mortality</measure>
    <time_frame>Up to 5 years</time_frame>
    <description>Number of patients who expired with relapsed/progressive disease.</description>
  </secondary_outcome>
  <secondary_outcome>
    <measure>Rate and Duration of Steroid Use for the Treatment of Chronic GVHD</measure>
    <time_frame>Up to 5 years</time_frame>
    <description>Number of patients that received prednisone treatment of chronic GVHD, and number of days for which they received prednisone.</description>
  </secondary_outcome>
  <number_of_arms>2</number_of_arms>
  <enrollment type="Actual">150</enrollment>
  <condition>Accelerated Phase Chronic Myelogenous Leukemia</condition>
  <condition>Adult Acute Lymphoblastic Leukemia in Remission</condition>
  <condition>Adult Acute Myeloid Leukemia in Remission</condition>
  <condition>Adult Acute Myeloid Leukemia With 11q23 (MLL) Abnormalities</condition>
  <condition>Adult Acute Myeloid Leukemia With Del(5q)</condition>
  <condition>Adult Acute Myeloid Leukemia With Inv(16)(p13;q22)</condition>
  <condition>Adult Acute Myeloid Leukemia With t(15;17)(q22;q12)</condition>
  <condition>Adult Acute Myeloid Leukemia With t(16;16)(p13;q22)</condition>
  <condition>Adult Acute Myeloid Leukemia With t(8;21)(q22;q22)</condition>
  <condition>Adult Nasal Type Extranodal NK/T-cell Lymphoma</condition>
  <condition>Anaplastic Large Cell Lymphoma</condition>
  <condition>Angioimmunoblastic T-cell Lymphoma</condition>
  <condition>Blastic Phase Chronic Myelogenous Leukemia</condition>
  <condition>Childhood Acute Lymphoblastic Leukemia in Remission</condition>
  <condition>Childhood Acute Myeloid Leukemia in Remission</condition>
  <condition>Childhood Burkitt Lymphoma</condition>
  <condition>Childhood Chronic Myelogenous Leukemia</condition>
  <condition>Childhood Diffuse Large Cell Lymphoma</condition>
  <condition>Childhood Immunoblastic Large Cell Lymphoma</condition>
  <condition>Childhood Myelodysplastic Syndromes</condition>
  <condition>Childhood Nasal Type Extranodal NK/T-cell Lymphoma</condition>
  <condition>Chronic Phase Chronic Myelogenous Leukemia</condition>
  <condition>Contiguous Stage II Adult Burkitt Lymphoma</condition>
  <condition>Contiguous Stage II Adult Diffuse Large Cell Lymphoma</condition>
  <condition>Contiguous Stage II Adult Diffuse Mixed Cell Lymphoma</condition>
  <condition>Contiguous Stage II Adult Diffuse Small Cleaved Cell Lymphoma</condition>
  <condition>Contiguous Stage II Adult Immunoblastic Large Cell Lymphoma</condition>
  <condition>Contiguous Stage II Adult Lymphoblastic Lymphoma</condition>
  <condition>Contiguous Stage II Grade 1 Follicular Lymphoma</condition>
  <condition>Contiguous Stage II Grade 2 Follicular Lymphoma</condition>
  <condition>Contiguous Stage II Grade 3 Follicular Lymphoma</condition>
  <condition>Contiguous Stage II Mantle Cell Lymphoma</condition>
  <condition>Contiguous Stage II Marginal Zone Lymphoma</condition>
  <condition>Contiguous Stage II Small Lymphocytic Lymphoma</condition>
  <condition>Cutaneous B-cell Non-Hodgkin Lymphoma</condition>
  <condition>de Novo Myelodysplastic Syndromes</condition>
  <condition>Essential Thrombocythemia</condition>
  <condition>Extranodal Marginal Zone B-cell Lymphoma of Mucosa-associated Lymphoid Tissue</condition>
  <condition>Hepatosplenic T-cell Lymphoma</condition>
  <condition>Intraocular Lymphoma</condition>
  <condition>Nodal Marginal Zone B-cell Lymphoma</condition>
  <condition>Noncontiguous Stage II Adult Burkitt Lymphoma</condition>
  <condition>Noncontiguous Stage II Adult Diffuse Large Cell Lymphoma</condition>
  <condition>Noncontiguous Stage II Adult Diffuse Mixed Cell Lymphoma</condition>
  <condition>Noncontiguous Stage II Adult Diffuse Small Cleaved Cell Lymphoma</condition>
  <condition>Noncontiguous Stage II Adult Immunoblastic Large Cell Lymphoma</condition>
  <condition>Noncontiguous Stage II Adult Lymphoblastic Lymphoma</condition>
  <condition>Noncontiguous Stage II Grade 1 Follicular Lymphoma</condition>
  <condition>Noncontiguous Stage II Grade 2 Follicular Lymphoma</condition>
  <condition>Noncontiguous Stage II Grade 3 Follicular Lymphoma</condition>
  <condition>Noncontiguous Stage II Mantle Cell Lymphoma</condition>
  <condition>Noncontiguous Stage II Marginal Zone Lymphoma</condition>
  <condition>Noncontiguous Stage II Small Lymphocytic Lymphoma</condition>
  <condition>Noncutaneous Extranodal Lymphoma</condition>
  <condition>Peripheral T-cell Lymphoma</condition>
  <condition>Polycythemia Vera</condition>
  <condition>Post-transplant Lymphoproliferative Disorder</condition>
  <condition>Previously Treated Myelodysplastic Syndromes</condition>
  <condition>Primary Myelofibrosis</condition>
  <condition>Prolymphocytic Leukemia</condition>
  <condition>Recurrent Adult Acute Lymphoblastic Leukemia</condition>
  <condition>Recurrent Adult Acute Myeloid Leukemia</condition>
  <condition>Recurrent Adult Burkitt Lymphoma</condition>
  <condition>Recurrent Adult Diffuse Large Cell Lymphoma</condition>
  <condition>Recurrent Adult Diffuse Mixed Cell Lymphoma</condition>
  <condition>Recurrent Adult Diffuse Small Cleaved Cell Lymphoma</condition>
  <condition>Recurrent Adult Grade III Lymphomatoid Granulomatosis</condition>
  <condition>Recurrent Adult Hodgkin Lymphoma</condition>
  <condition>Recurrent Adult Immunoblastic Large Cell Lymphoma</condition>
  <condition>Recurrent Adult Lymphoblastic Lymphoma</condition>
  <condition>Recurrent Adult T-cell Leukemia/Lymphoma</condition>
  <condition>Recurrent Childhood Acute Lymphoblastic Leukemia</condition>
  <condition>Recurrent Childhood Acute Myeloid Leukemia</condition>
  <condition>Recurrent Childhood Anaplastic Large Cell Lymphoma</condition>
  <condition>Recurrent Childhood Grade III Lymphomatoid Granulomatosis</condition>
  <condition>Recurrent Childhood Large Cell Lymphoma</condition>
  <condition>Recurrent Childhood Lymphoblastic Lymphoma</condition>
  <condition>Recurrent Childhood Small Noncleaved Cell Lymphoma</condition>
  <condition>Recurrent Cutaneous T-cell Non-Hodgkin Lymphoma</condition>
  <condition>Recurrent Grade 1 Follicular Lymphoma</condition>
  <condition>Recurrent Grade 2 Follicular Lymphoma</condition>
  <condition>Recurrent Grade 3 Follicular Lymphoma</condition>
  <condition>Recurrent Mantle Cell Lymphoma</condition>
  <condition>Recurrent Marginal Zone Lymphoma</condition>
  <condition>Recurrent Mycosis Fungoides/Sezary Syndrome</condition>
  <condition>Recurrent Small Lymphocytic Lymphoma</condition>
  <condition>Recurrent/Refractory Childhood Hodgkin Lymphoma</condition>
  <condition>Refractory Chronic Lymphocytic Leukemia</condition>
  <condition>Refractory Hairy Cell Leukemia</condition>
  <condition>Refractory Multiple Myeloma</condition>
  <condition>Relapsing Chronic Myelogenous Leukemia</condition>
  <condition>Small Intestine Lymphoma</condition>
  <condition>Splenic Marginal Zone Lymphoma</condition>
  <condition>Stage I Adult Burkitt Lymphoma</condition>
  <condition>Stage I Adult Diffuse Large Cell Lymphoma</condition>
  <condition>Stage I Adult Diffuse Mixed Cell Lymphoma</condition>
  <condition>Stage I Adult Diffuse Small Cleaved Cell Lymphoma</condition>
  <condition>Stage I Adult Immunoblastic Large Cell Lymphoma</condition>
  <condition>Stage I Adult Lymphoblastic Lymphoma</condition>
  <condition>Stage I Adult T-cell Leukemia/Lymphoma</condition>
  <condition>Stage I Childhood Anaplastic Large Cell Lymphoma</condition>
  <condition>Stage I Childhood Large Cell Lymphoma</condition>
  <condition>Stage I Childhood Lymphoblastic Lymphoma</condition>
  <condition>Stage I Childhood Small Noncleaved Cell Lymphoma</condition>
  <condition>Stage I Chronic Lymphocytic Leukemia</condition>
  <condition>Stage I Cutaneous T-cell Non-Hodgkin Lymphoma</condition>
  <condition>Stage I Grade 1 Follicular Lymphoma</condition>
  <condition>Stage I Grade 2 Follicular Lymphoma</condition>
  <condition>Stage I Grade 3 Follicular Lymphoma</condition>
  <condition>Stage I Mantle Cell Lymphoma</condition>
  <condition>Stage I Marginal Zone Lymphoma</condition>
  <condition>Stage I Multiple Myeloma</condition>
  <condition>Stage I Small Lymphocytic Lymphoma</condition>
  <condition>Stage IA Mycosis Fungoides/Sezary Syndrome</condition>
  <condition>Stage IB Mycosis Fungoides/Sezary Syndrome</condition>
  <condition>Stage II Adult T-cell Leukemia/Lymphoma</condition>
  <condition>Stage II Childhood Anaplastic Large Cell Lymphoma</condition>
  <condition>Stage II Childhood Large Cell Lymphoma</condition>
  <condition>Stage II Childhood Lymphoblastic Lymphoma</condition>
  <condition>Stage II Childhood Small Noncleaved Cell Lymphoma</condition>
  <condition>Stage II Chronic Lymphocytic Leukemia</condition>
  <condition>Stage II Cutaneous T-cell Non-Hodgkin Lymphoma</condition>
  <condition>Stage II Multiple Myeloma</condition>
  <condition>Stage IIA Mycosis Fungoides/Sezary Syndrome</condition>
  <condition>Stage IIB Mycosis Fungoides/Sezary Syndrome</condition>
  <condition>Stage III Adult Burkitt Lymphoma</condition>
  <condition>Stage III Adult Diffuse Large Cell Lymphoma</condition>
  <condition>Stage III Adult Diffuse Mixed Cell Lymphoma</condition>
  <condition>Stage III Adult Diffuse Small Cleaved Cell Lymphoma</condition>
  <condition>Stage III Adult Immunoblastic Large Cell Lymphoma</condition>
  <condition>Stage III Adult Lymphoblastic Lymphoma</condition>
  <condition>Stage III Adult T-cell Leukemia/Lymphoma</condition>
  <condition>Stage III Childhood Anaplastic Large Cell Lymphoma</condition>
  <condition>Stage III Childhood Large Cell Lymphoma</condition>
  <condition>Stage III Childhood Lymphoblastic Lymphoma</condition>
  <condition>Stage III Childhood Small Noncleaved Cell Lymphoma</condition>
  <condition>Stage III Chronic Lymphocytic Leukemia</condition>
  <condition>Stage III Cutaneous T-cell Non-Hodgkin Lymphoma</condition>
  <condition>Stage III Grade 1 Follicular Lymphoma</condition>
  <condition>Stage III Grade 2 Follicular Lymphoma</condition>
  <condition>Stage III Grade 3 Follicular Lymphoma</condition>
  <condition>Stage III Mantle Cell Lymphoma</condition>
  <condition>Stage III Marginal Zone Lymphoma</condition>
  <condition>Stage III Multiple Myeloma</condition>
  <condition>Stage III Small Lymphocytic Lymphoma</condition>
  <condition>Stage IIIA Mycosis Fungoides/Sezary Syndrome</condition>
  <condition>Stage IIIB Mycosis Fungoides/Sezary Syndrome</condition>
  <condition>Stage IV Adult Burkitt Lymphoma</condition>
  <condition>Stage IV Adult Diffuse Large Cell Lymphoma</condition>
  <condition>Stage IV Adult Diffuse Mixed Cell Lymphoma</condition>
  <condition>Stage IV Adult Diffuse Small Cleaved Cell Lymphoma</condition>
  <condition>Stage IV Adult Immunoblastic Large Cell Lymphoma</condition>
  <condition>Stage IV Adult Lymphoblastic Lymphoma</condition>
  <condition>Stage IV Adult T-cell Leukemia/Lymphoma</condition>
  <condition>Stage IV Childhood Anaplastic Large Cell Lymphoma</condition>
  <condition>Stage IV Childhood Large Cell Lymphoma</condition>
  <condition>Stage IV Childhood Lymphoblastic Lymphoma</condition>
  <condition>Stage IV Childhood Small Noncleaved Cell Lymphoma</condition>
  <condition>Stage IV Chronic Lymphocytic Leukemia</condition>
  <condition>Stage IV Cutaneous T-cell Non-Hodgkin Lymphoma</condition>
  <condition>Stage IV Grade 1 Follicular Lymphoma</condition>
  <condition>Stage IV Grade 2 Follicular Lymphoma</condition>
  <condition>Stage IV Grade 3 Follicular Lymphoma</condition>
  <condition>Stage IV Mantle Cell Lymphoma</condition>
  <condition>Stage IV Marginal Zone Lymphoma</condition>
  <condition>Stage IV Small Lymphocytic Lymphoma</condition>
  <condition>Stage IVA Mycosis Fungoides/Sezary Syndrome</condition>
  <condition>Stage IVB Mycosis Fungoides/Sezary Syndrome</condition>
  <condition>Testicular Lymphoma</condition>
  <condition>Untreated Adult Acute Lymphoblastic Leukemia</condition>
  <condition>Untreated Adult Acute Myeloid Leukemia</condition>
  <condition>Untreated Childhood Acute Lymphoblastic Leukemia</condition>
  <condition>Untreated Childhood Acute Myeloid Leukemia and Other Myeloid Malignancies</condition>
  <condition>Waldenström Macroglobulinemia</condition>
  <arm_group>
    <arm_group_label>Arm I (nonmyeloablative conditioning with fludarabine and TBI)</arm_group_label>
    <arm_group_type>Experimental</arm_group_type>
    <description>Patients receive fludarabine phosphate IV on days -4 to -2 and undergo TBI on day 0.</description>
  </arm_group>
  <arm_group>
    <arm_group_label>Arm II (nonmyeloablative conditioning with TBI)</arm_group_label>
    <arm_group_type>Experimental</arm_group_type>
    <description>Patients undergo TBI on day 0. All patients then undergo allogeneic peripheral blood stem cell transplantation on day 0 and receive tacrolimus PO every 12 hours on days -3 to 180, with taper on day 56, or tacrolimus IV if unable to tolerate PO; and mycophenolate mofetil PO every 12 hours on days 0-27 or mycophenolate mofetil IV if unable to tolerate PO.</description>
  </arm_group>
  <intervention>
    <intervention_type>Drug</intervention_type>
    <intervention_name>fludarabine phosphate</intervention_name>
    <description>Given IV</description>
    <arm_group_label>Arm I (nonmyeloablative conditioning with fludarabine and TBI)</arm_group_label>
    <other_name>2-F-ara-AMP</other_name>
    <other_name>Beneflur</other_name>
    <other_name>Fludara</other_name>
  </intervention>
  <intervention>
    <intervention_type>Radiation</intervention_type>
    <intervention_name>total-body irradiation</intervention_name>
    <description>Undergo radiotherapy</description>
    <arm_group_label>Arm I (nonmyeloablative conditioning with fludarabine and TBI)</arm_group_label>
    <arm_group_label>Arm II (nonmyeloablative conditioning with TBI)</arm_group_label>
    <other_name>TBI</other_name>
  </intervention>
  <intervention>
    <intervention_type>Drug</intervention_type>
    <intervention_name>mycophenolate mofetil</intervention_name>
    <description>Given IV or PO</description>
    <arm_group_label>Arm II (nonmyeloablative conditioning with TBI)</arm_group_label>
    <other_name>Cellcept</other_name>
    <other_name>MMF</other_name>
  </intervention>
  <intervention>
    <intervention_type>Drug</intervention_type>
    <intervention_name>tacrolimus</intervention_name>
    <description>Given IV or PO</description>
    <arm_group_label>Arm II (nonmyeloablative conditioning with TBI)</arm_group_label>
    <other_name>FK 506</other_name>
    <other_name>Prograf</other_name>
  </intervention>
  <intervention>
    <intervention_type>Procedure</intervention_type>
    <intervention_name>peripheral blood stem cell transplantation</intervention_name>
    <description>Undergo allogeneic peripheral blood stem cell transplant</description>
    <arm_group_label>Arm II (nonmyeloablative conditioning with TBI)</arm_group_label>
    <other_name>PBPC transplantation</other_name>
    <other_name>PBSC transplantation</other_name>
    <other_name>peripheral blood progenitor cell transplantation</other_name>
    <other_name>transplantation, peripheral blood stem cell</other_name>
  </intervention>
  <intervention>
    <intervention_type>Procedure</intervention_type>
    <intervention_name>nonmyeloablative allogeneic hematopoietic stem cell transplantation</intervention_name>
    <description>Undergo allogeneic peripheral blood stem cell transplant</description>
    <arm_group_label>Arm II (nonmyeloablative conditioning with TBI)</arm_group_label>
  </intervention>
  <intervention>
    <intervention_type>Other</intervention_type>
    <intervention_name>laboratory biomarker analysis</intervention_name>
    <description>Correlative studies</description>
    <arm_group_label>Arm I (nonmyeloablative conditioning with fludarabine and TBI)</arm_group_label>
    <arm_group_label>Arm II (nonmyeloablative conditioning with TBI)</arm_group_label>
  </intervention>
  <eligibility>
    <criteria>
      <textblock>
        Inclusion Criteria:&#xD;
&#xD;
          -  Patient must be not eligible for conventional allogeneic hematopoietic cell&#xD;
             transplantation (HCT) and must have disease expected to be stable for at least 100&#xD;
             days without chemotherapy; patients with hematologic malignancies treatable with HCT&#xD;
             or with a B cell malignancy except those curable with autologous transplant will be&#xD;
             included; patients not eligible for active disease specific protocols may be enrolled&#xD;
             in this protocol; patients will include the following&#xD;
&#xD;
          -  Diffuse large B cell non-Hodgkin lymphoma (NHL) and other aggressive lymphomas - not&#xD;
             eligible for conventional myeloablative HCT or after autologous HCT&#xD;
&#xD;
          -  Low grade NHL- with &lt; 6 months duration of complete response (CR) between courses of&#xD;
             conventional therapy&#xD;
&#xD;
          -  Mantle cell NHL- may be treated in first CR&#xD;
&#xD;
          -  Chronic lymphocytic leukemia (CLL) - must have either 1) failed to meet National&#xD;
             Cancer Institute (NCI) Working Group criteria for complete or partial response after&#xD;
             therapy with a regimen containing fludarabine phosphate (FLU) (or another nucleoside&#xD;
             analog, e.g. 2-chlorodeoxyadenosine [2-CDA], pentostatin) or experience disease&#xD;
             relapse within 12 months after completing therapy with a regimen containing FLU (or&#xD;
             another nucleoside analog); 2) failed FLU-cyclophosphamide (CY)-Rituximab (FCR)&#xD;
             combination chemotherapy at any time point; or 3) have &quot;17p deletion&quot; cytogenetic&#xD;
             abnormality; patients should have received induction chemotherapy but could be&#xD;
             transplanted in 1st CR; 4) patients with a diagnosis of CLL (or small lymphocytic&#xD;
             lymphoma) or a diagnosis of CLL that progresses to prolymphocytic leukemia (PLL), or&#xD;
             T-cell CLL or PLL&#xD;
&#xD;
          -  Hodgkin lymphoma (HL) - must have received and failed frontline therapy; patients must&#xD;
             have failed or were not eligible for autologous transplant&#xD;
&#xD;
          -  Multiple myeloma (MM) - following a planned autologous transplant or equivalent&#xD;
             high-dose therapy without a graft, or following a failed prior autograft&#xD;
&#xD;
          -  Acute myeloid leukemia (AML) - must have &lt; 5% marrow blasts at the time of transplant&#xD;
&#xD;
          -  Acute lymphoblastic leukemia (ALL) - must have &lt; 5% marrow blasts at the time of&#xD;
             transplant&#xD;
&#xD;
          -  Chronic myelogenous leukemia (CML) - patients will be accepted beyond first chronic&#xD;
             phase (CP1) if they have received previous myelosuppressive chemotherapy or HCT, and&#xD;
             have &lt; 5% marrow blasts at time of transplant&#xD;
&#xD;
          -  Myelodysplastic syndromes/myeloproliferative disorders (MDS/MPD) - must have received&#xD;
             previous myelosuppressive chemotherapy or HCT, and have &lt; 5% marrow blasts at time of&#xD;
             transplant&#xD;
&#xD;
          -  Waldenstrom's macroglobulinemia - must have failed 2 courses of therapy&#xD;
&#xD;
          -  Myelosuppressive chemotherapy must be discontinued three weeks prior to conditioning&#xD;
             with the exception of hydroxyurea or imatinib&#xD;
&#xD;
          -  Patients &lt; 12 years old must be approved by both the participating institutions'&#xD;
             patient review committee such as the Patient Care Conference (PCC) at the Fred&#xD;
             Hutchinson Cancer Research Center (FHCRC) and the FHCRC principal investigator&#xD;
&#xD;
          -  Patient who refused to be treated on a conventional HCT protocol; for this inclusion&#xD;
             criterion, transplants must be approved by both the participating institution's&#xD;
             patient review committee such as the Patient Care Conference (PCC) at the FHCRC and&#xD;
             the FHCRC principal investigators&#xD;
&#xD;
          -  Patients with human leukocyte antigen (HLA)-matched related donors&#xD;
&#xD;
          -  Patients with renal failure are eligible; however, patients with renal compromise&#xD;
             (serum creatinine &gt; 2.0) will likely have further compromise in renal function and may&#xD;
             require hemodialysis (which may be permanent) due to the need to maintain adequate&#xD;
             serum tacrolimus levels&#xD;
&#xD;
          -  DONOR: Related donor who is HLA genotypically identical at least at one haplotype and&#xD;
             may be phenotypically or genotypically identical at the allele level at HLA-A, -B, -C,&#xD;
             -DRB1, and -DQB1&#xD;
&#xD;
          -  DONOR: Donor must consent to filgrastim (G-CSF) administration and leukapheresis&#xD;
&#xD;
          -  DONOR: Donor must have adequate veins for leukapheresis or agree to placement of&#xD;
             central venous catheter (femoral, subclavian)&#xD;
&#xD;
        Exclusion Criteria:&#xD;
&#xD;
          -  Eligible for a high priority curative autologous transplant&#xD;
&#xD;
          -  Patient with rapidly progressive, aggressive NHL unless in minimal disease state&#xD;
&#xD;
          -  Patients with chronic myelomonocytic leukemia (CMML)&#xD;
&#xD;
          -  Life expectancy severely limited by diseases other than malignancy&#xD;
&#xD;
          -  Any current central nervous system (CNS) involvement with disease refractory to&#xD;
             intrathecal chemotherapy&#xD;
&#xD;
          -  Presence of circulating leukemic blasts (in the peripheral blood) detected by standard&#xD;
             pathology for patients with AML, ALL or CML&#xD;
&#xD;
          -  Fertile men or women unwilling to use contraceptives during and for up to 12 months&#xD;
             post treatment&#xD;
&#xD;
          -  Female patients who are pregnant or breastfeeding&#xD;
&#xD;
          -  Human immunodeficiency virus (HIV)-positive patients&#xD;
&#xD;
          -  Patients with active non-hematologic malignancies (except non-melanoma skin cancers);&#xD;
             this exclusion does not apply to patients with non-hematologic malignancies that do&#xD;
             not require therapy&#xD;
&#xD;
          -  Patients with a history of non-hematologic malignancies (except non-melanoma skin&#xD;
             cancers) currently in a complete remission, who are less than 5 years from the time of&#xD;
             complete remission, and have a &gt; 20% risk of disease recurrence; this exclusion does&#xD;
             not apply to patients with non-hematologic malignancies that do not require therapy&#xD;
&#xD;
          -  Fungal pneumonia with radiological progression after receipt of amphotericin&#xD;
             formulation or mold-active azoles for greater than 1 month&#xD;
&#xD;
          -  Karnofsky score &lt; 50 for adult patients&#xD;
&#xD;
          -  Lansky-Play performance score &lt; 50 for pediatric patients&#xD;
&#xD;
          -  Symptomatic coronary artery disease or ejection fraction &lt; 35% or other cardiac&#xD;
             failure requiring therapy (or, if unable to obtain ejection fraction, shortening&#xD;
             fraction of &lt; 26%); ejection fraction is required if age &gt; 50 years or there is a&#xD;
             history of anthracycline exposure or history of cardiac disease; patients with a&#xD;
             shortening fraction &lt; 26% may be enrolled if approved by a cardiologist&#xD;
&#xD;
          -  Poorly controlled hypertension&#xD;
&#xD;
          -  Diffusing capacity of the lung for carbon monoxide (DLCO) &lt; 30%, total lung capacity&#xD;
             (TLC) &lt; 30%, forced expiratory volume in one second (FEV1) &lt; 30% and/or receiving&#xD;
             supplementary continuous oxygen; the FHCRC principal investigator (PI) of the study&#xD;
             must approve enrollment of all patients with pulmonary nodules&#xD;
&#xD;
          -  Liver function abnormalities: Patients with clinical or laboratory evidence of liver&#xD;
             disease would be evaluated for the cause of liver disease, its clinical severity in&#xD;
             terms of liver function, and the degree of portal hypertension; patients will be&#xD;
             excluded if they are found to have fulminant liver failure, cirrhosis of the liver&#xD;
             with evidence of portal hypertension or bridging fibrosis, alcoholic hepatitis,&#xD;
             esophageal varices, a history of bleeding esophageal varices, hepatic encephalopathy,&#xD;
             uncorrectable hepatic synthetic dysfunction evinced by prolongation of the prothrombin&#xD;
             time, ascites related to portal hypertension, bacterial or fungal liver abscess,&#xD;
             biliary obstruction, chronic viral hepatitis with total serum bilirubin &gt; 3 mg/dL, and&#xD;
             symptomatic biliary disease&#xD;
&#xD;
          -  Patients with active bacterial or fungal infections unresponsive to medical therapy&#xD;
&#xD;
          -  DONOR: Age less than 12 years&#xD;
&#xD;
          -  DONOR: Identical twin&#xD;
&#xD;
          -  DONOR: Pregnancy&#xD;
&#xD;
          -  DONOR: Infection with HIV&#xD;
&#xD;
          -  DONOR: Known allergy to filgrastim (G-CSF)&#xD;
&#xD;
          -  DONOR: Current serious systemic illness that would result in increased risk for G-CSF&#xD;
             mobilization and harvest of peripheral blood stem cells (PBSC)&#xD;
      </textblock>
    </criteria>
    <gender>All</gender>
    <minimum_age>N/A</minimum_age>
    <maximum_age>74 Years</maximum_age>
    <healthy_volunteers>No</healthy_volunteers>
  </eligibility>
  <overall_official>
    <last_name>David Maloney</last_name>
    <role>Principal Investigator</role>
    <affiliation>Fred Hutchinson Cancer Research Center/University of Washington Cancer Consortium</affiliation>
  </overall_official>
  <location>
    <facility>
      <name>Huntsman Cancer Institute/University of Utah</name>
      <address>
        <city>Salt Lake City</city>
        <state>Utah</state>
        <zip>84112</zip>
        <country>United States</country>
      </address>
    </facility>
  </location>
  <location>
    <facility>
      <name>LDS Hospital</name>
      <address>
        <city>Salt Lake City</city>
        <state>Utah</state>
        <zip>84143</zip>
        <country>United States</country>
      </address>
    </facility>
  </location>
  <location>
    <facility>
      <name>VA Puget Sound Health Care System</name>
      <address>
        <city>Seattle</city>
        <state>Washington</state>
        <zip>98101</zip>
        <country>United States</country>
      </address>
    </facility>
  </location>
  <location>
    <facility>
      <name>Fred Hutchinson Cancer Research Center/University of Washington Cancer Consortium</name>
      <address>
        <city>Seattle</city>
        <state>Washington</state>
        <zip>98109</zip>
        <country>United States</country>
      </address>
    </facility>
  </location>
  <location>
    <facility>
      <name>University of Torino</name>
      <address>
        <city>Torino</city>
        <zip>10126</zip>
        <country>Italy</country>
      </address>
    </facility>
  </location>
  <location_countries>
    <country>Italy</country>
    <country>United States</country>
  </location_countries>
  <removed_countries>
    <country>Germany</country>
  </removed_countries>
  <verification_date>December 2019</verification_date>
  <study_first_submitted>August 4, 2004</study_first_submitted>
  <study_first_submitted_qc>August 4, 2004</study_first_submitted_qc>
  <study_first_posted type="Estimate">August 5, 2004</study_first_posted>
  <results_first_submitted>April 14, 2017</results_first_submitted>
  <results_first_submitted_qc>April 14, 2017</results_first_submitted_qc>
  <results_first_posted type="Actual">May 22, 2017</results_first_posted>
  <last_update_submitted>January 17, 2020</last_update_submitted>
  <last_update_submitted_qc>January 17, 2020</last_update_submitted_qc>
  <last_update_posted type="Actual">January 29, 2020</last_update_posted>
  <responsible_party>
    <responsible_party_type>Sponsor</responsible_party_type>
  </responsible_party>
  <condition_browse>
    <!-- CAUTION:  The following MeSH terms are assigned with an imperfect algorithm            -->
    <mesh_term>Mycoses</mesh_term>
    <mesh_term>Burkitt Lymphoma</mesh_term>
    <mesh_term>Lymphoma</mesh_term>
    <mesh_term>Leukemia</mesh_term>
    <mesh_term>Leukemia, Myeloid</mesh_term>
    <mesh_term>Multiple Myeloma</mesh_term>
    <mesh_term>Neoplasms, Plasma Cell</mesh_term>
    <mesh_term>Leukemia, Myeloid, Acute</mesh_term>
    <mesh_term>Lymphoma, Follicular</mesh_term>
    <mesh_term>Neoplasms</mesh_term>
    <mesh_term>Preleukemia</mesh_term>
    <mesh_term>Lymphoma, Non-Hodgkin</mesh_term>
    <mesh_term>Leukemia, Lymphoid</mesh_term>
    <mesh_term>Precursor Cell Lymphoblastic Leukemia-Lymphoma</mesh_term>
    <mesh_term>Leukemia, Lymphocytic, Chronic, B-Cell</mesh_term>
    <mesh_term>Lymphoma, B-Cell</mesh_term>
    <mesh_term>Hodgkin Disease</mesh_term>
    <mesh_term>Lymphoma, Mantle-Cell</mesh_term>
    <mesh_term>Leukemia, Myelogenous, Chronic, BCR-ABL Positive</mesh_term>
    <mesh_term>Lymphoma, B-Cell, Marginal Zone</mesh_term>
    <mesh_term>Lymphoma, T-Cell</mesh_term>
    <mesh_term>Lymphoma, Large B-Cell, Diffuse</mesh_term>
    <mesh_term>Lymphoma, Large-Cell, Immunoblastic</mesh_term>
    <mesh_term>Plasmablastic Lymphoma</mesh_term>
    <mesh_term>Mycosis Fungoides</mesh_term>
    <mesh_term>Sezary Syndrome</mesh_term>
    <mesh_term>Leukemia, T-Cell</mesh_term>
    <mesh_term>Lymphoma, T-Cell, Cutaneous</mesh_term>
    <mesh_term>Leukemia-Lymphoma, Adult T-Cell</mesh_term>
    <mesh_term>Waldenstrom Macroglobulinemia</mesh_term>
    <mesh_term>Lymphoma, Large-Cell, Anaplastic</mesh_term>
    <mesh_term>Lymphoma, T-Cell, Peripheral</mesh_term>
    <mesh_term>Polycythemia Vera</mesh_term>
    <mesh_term>Leukemia, Hairy Cell</mesh_term>
    <mesh_term>Leukemia, Myeloid, Chronic-Phase</mesh_term>
    <mesh_term>Blast Crisis</mesh_term>
    <mesh_term>Lymphomatoid Granulomatosis</mesh_term>
    <mesh_term>Leukemia, Myeloid, Accelerated Phase</mesh_term>
    <mesh_term>Lymphoma, Extranodal NK-T-Cell</mesh_term>
    <mesh_term>Leukemia, Prolymphocytic</mesh_term>
    <mesh_term>Intraocular Lymphoma</mesh_term>
    <mesh_term>Myelodysplastic Syndromes</mesh_term>
    <mesh_term>Primary Myelofibrosis</mesh_term>
    <mesh_term>Polycythemia</mesh_term>
    <mesh_term>Thrombocytosis</mesh_term>
    <mesh_term>Thrombocythemia, Essential</mesh_term>
    <mesh_term>Lymphoproliferative Disorders</mesh_term>
    <mesh_term>Immunoblastic Lymphadenopathy</mesh_term>
    <mesh_term>Syndrome</mesh_term>
  </condition_browse>
  <intervention_browse>
    <!-- CAUTION:  The following MeSH terms are assigned with an imperfect algorithm            -->
    <mesh_term>Mycophenolic Acid</mesh_term>
    <mesh_term>Fludarabine</mesh_term>
    <mesh_term>Fludarabine phosphate</mesh_term>
    <mesh_term>Tacrolimus</mesh_term>
  </intervention_browse>

  <clinical_results>

    <participant_flow>
      <group_list>
        <group group_id="P1">
          <title>Arm I (Nonmyeloablative Conditioning With Fludarabine and TBI)</title>
          <description>Patients receive fludarabine phosphate IV on days -4 to -2 and undergo TBI on day 0.&#xD;
fludarabine phosphate: Given IV&#xD;
total-body irradiation: Undergo radiotherapy&#xD;
laboratory biomarker analysis: Correlative studies</description>
        </group>
        <group group_id="P2">
          <title>Arm II (Nonmyeloablative Conditioning With TBI)</title>
          <description>Patients undergo TBI on day 0. All patients then undergo allogeneic peripheral blood stem cell transplantation on day 0 and receive tacrolimus PO every 12 hours on days -3 to 180, with taper on day 56, or tacrolimus IV if unable to tolerate PO; and mycophenolate mofetil PO every 12 hours on days 0-27 or mycophenolate mofetil IV if unable to tolerate PO.&#xD;
total-body irradiation: Undergo radiotherapy&#xD;
mycophenolate mofetil: Given IV or PO&#xD;
tacrolimus: Given IV or PO&#xD;
peripheral blood stem cell transplantation: Undergo allogeneic peripheral blood stem cell transplant&#xD;
nonmyeloablative allogeneic hematopoietic stem cell transplantation: Undergo allogeneic peripheral blood stem cell transplant&#xD;
laboratory biomarker analysis: Correlative studies</description>
        </group>
      </group_list>
      <period_list>
        <period>
          <title>Overall Study</title>
          <milestone_list>
            <milestone>
              <title>STARTED</title>
              <participants_list>
                <participants group_id="P1" count="100"/>
                <participants group_id="P2" count="50"/>
              </participants_list>
            </milestone>
            <milestone>
              <title>COMPLETED</title>
              <participants_list>
                <participants group_id="P1" count="100"/>
                <participants group_id="P2" count="50"/>
              </participants_list>
            </milestone>
            <milestone>
              <title>NOT COMPLETED</title>
              <participants_list>
                <participants group_id="P1" count="0"/>
                <participants group_id="P2" count="0"/>
              </participants_list>
            </milestone>
          </milestone_list>
        </period>
      </period_list>
    </participant_flow>

    <baseline>
      <group_list>
        <group group_id="B1">
          <title>Arm I (Nonmyeloablative Conditioning With Fludarabine and TBI)</title>
          <description>Patients receive fludarabine phosphate IV on days -4 to -2 and undergo TBI on day 0.&#xD;
fludarabine phosphate: Given IV&#xD;
total-body irradiation: Undergo radiotherapy&#xD;
laboratory biomarker analysis: Correlative studies</description>
        </group>
        <group group_id="B2">
          <title>Arm II (Nonmyeloablative Conditioning With TBI)</title>
          <description>Patients undergo TBI on day 0. All patients then undergo allogeneic peripheral blood stem cell transplantation on day 0 and receive tacrolimus PO every 12 hours on days -3 to 180, with taper on day 56, or tacrolimus IV if unable to tolerate PO; and mycophenolate mofetil PO every 12 hours on days 0-27 or mycophenolate mofetil IV if unable to tolerate PO.&#xD;
total-body irradiation: Undergo radiotherapy&#xD;
mycophenolate mofetil: Given IV or PO&#xD;
tacrolimus: Given IV or PO&#xD;
peripheral blood stem cell transplantation: Undergo allogeneic peripheral blood stem cell transplant&#xD;
nonmyeloablative allogeneic hematopoietic stem cell transplantation: Undergo allogeneic peripheral blood stem cell transplant&#xD;
laboratory biomarker analysis: Correlative studies</description>
        </group>
        <group group_id="B3">
          <title>Total</title>
          <description>Total of all reporting groups</description>
        </group>
      </group_list>
      <analyzed_list>
        <analyzed>
          <units>Participants</units>
          <scope>Overall</scope>
          <count_list>
            <count group_id="B1" value="100"/>
            <count group_id="B2" value="50"/>
            <count group_id="B3" value="150"/>
          </count_list>
        </analyzed>
      </analyzed_list>
      <measure_list>
        <measure>
          <title>Age</title>
          <units>Participants</units>
          <param>Count of Participants</param>
          <class_list>
            <class>
              <category_list>
                <category>
                  <title>&lt;=18 years</title>
                  <measurement_list>
                    <measurement group_id="B1" value="0"/>
                    <measurement group_id="B2" value="0"/>
                    <measurement group_id="B3" value="0"/>
                  </measurement_list>
                </category>
                <category>
                  <title>Between 18 and 65 years</title>
                  <measurement_list>
                    <measurement group_id="B1" value="74"/>
                    <measurement group_id="B2" value="49"/>
                    <measurement group_id="B3" value="123"/>
                  </measurement_list>
                </category>
                <category>
                  <title>&gt;=65 years</title>
                  <measurement_list>
                    <measurement group_id="B1" value="26"/>
                    <measurement group_id="B2" value="1"/>
                    <measurement group_id="B3" value="27"/>
                  </measurement_list>
                </category>
              </category_list>
            </class>
          </class_list>
        </measure>
        <measure>
          <title>Sex: Female, Male</title>
          <units>Participants</units>
          <param>Count of Participants</param>
          <class_list>
            <class>
              <category_list>
                <category>
                  <title>Female</title>
                  <measurement_list>
                    <measurement group_id="B1" value="46"/>
                    <measurement group_id="B2" value="17"/>
                    <measurement group_id="B3" value="63"/>
                  </measurement_list>
                </category>
                <category>
                  <title>Male</title>
                  <measurement_list>
                    <measurement group_id="B1" value="54"/>
                    <measurement group_id="B2" value="33"/>
                    <measurement group_id="B3" value="87"/>
                  </measurement_list>
                </category>
              </category_list>
            </class>
          </class_list>
        </measure>
        <measure>
          <title>Region of Enrollment</title>
          <units>participants</units>
          <param>Number</param>
          <class_list>
            <class>
              <title>United States</title>
              <category_list>
                <category>
                  <measurement_list>
                    <measurement group_id="B1" value="98"/>
                    <measurement group_id="B2" value="46"/>
                    <measurement group_id="B3" value="144"/>
                  </measurement_list>
                </category>
              </category_list>
            </class>
            <class>
              <title>Italy</title>
              <category_list>
                <category>
                  <measurement_list>
                    <measurement group_id="B1" value="2"/>
                    <measurement group_id="B2" value="4"/>
                    <measurement group_id="B3" value="6"/>
                  </measurement_list>
                </category>
              </category_list>
            </class>
          </class_list>
        </measure>
      </measure_list>
    </baseline>

    <outcome_list>
      <outcome>
        <type>Primary</type>
        <title>Incidence of Grade III/IV GVHD</title>
        <description>Number of patients who developed acute/chronic GVHD post-transplant. aGVHD Stages&#xD;
Skin:&#xD;
a maculopapular eruption involving &lt; 25% BSA a maculopapular eruption involving 25 - 50% BSA generalized erythroderma generalized erythroderma with bullous formation and often with desquamation&#xD;
Liver:&#xD;
bilirubin 2.0 - 3.0 mg/100 mL bilirubin 3 - 5.9 mg/100 mL bilirubin 6 - 14.9 mg/100 mL bilirubin &gt; 15 mg/100 mL&#xD;
Gut:&#xD;
Diarrhea is graded 1 - 4 in severity. Nausea and vomiting and/or anorexia caused by GVHD is assigned as 1 in severity. The severity of gut involvement is assigned to the most severe involvement noted. Patients with visible bloody diarrhea are at least stage 2 gut and grade 3 overall.&#xD;
aGVHD Grades Grade III: Stage 2 - 4 gut involvement and/or stage 2 - 4 liver involvement Grade IV: Pattern and severity of GVHD similar to grade 3 with extreme constitutional symptoms or death</description>
        <time_frame>Day 180 post-transplantation</time_frame>
        <group_list>
          <group group_id="O1">
            <title>Arm I (Nonmyeloablative Conditioning With Fludarabine and TBI)</title>
            <description>Patients receive fludarabine phosphate IV on days -4 to -2 and undergo TBI on day 0.&#xD;
fludarabine phosphate: Given IV&#xD;
total-body irradiation: Undergo radiotherapy&#xD;
laboratory biomarker analysis: Correlative studies</description>
          </group>
          <group group_id="O2">
            <title>Arm II (Nonmyeloablative Conditioning With TBI)</title>
            <description>Patients undergo TBI on day 0. All patients then undergo allogeneic peripheral blood stem cell transplantation on day 0 and receive tacrolimus PO every 12 hours on days -3 to 180, with taper on day 56, or tacrolimus IV if unable to tolerate PO; and mycophenolate mofetil PO every 12 hours on days 0-27 or mycophenolate mofetil IV if unable to tolerate PO.&#xD;
total-body irradiation: Undergo radiotherapy&#xD;
mycophenolate mofetil: Given IV or PO&#xD;
tacrolimus: Given IV or PO&#xD;
peripheral blood stem cell transplantation: Undergo allogeneic peripheral blood stem cell transplant&#xD;
nonmyeloablative allogeneic hematopoietic stem cell transplantation: Undergo allogeneic peripheral blood stem cell transplant&#xD;
laboratory biomarker analysis: Correlative studies</description>
          </group>
        </group_list>
        <measure>
          <title>Incidence of Grade III/IV GVHD</title>
          <description>Number of patients who developed acute/chronic GVHD post-transplant. aGVHD Stages&#xD;
Skin:&#xD;
a maculopapular eruption involving &lt; 25% BSA a maculopapular eruption involving 25 - 50% BSA generalized erythroderma generalized erythroderma with bullous formation and often with desquamation&#xD;
Liver:&#xD;
bilirubin 2.0 - 3.0 mg/100 mL bilirubin 3 - 5.9 mg/100 mL bilirubin 6 - 14.9 mg/100 mL bilirubin &gt; 15 mg/100 mL&#xD;
Gut:&#xD;
Diarrhea is graded 1 - 4 in severity. Nausea and vomiting and/or anorexia caused by GVHD is assigned as 1 in severity. The severity of gut involvement is assigned to the most severe involvement noted. Patients with visible bloody diarrhea are at least stage 2 gut and grade 3 overall.&#xD;
aGVHD Grades Grade III: Stage 2 - 4 gut involvement and/or stage 2 - 4 liver involvement Grade IV: Pattern and severity of GVHD similar to grade 3 with extreme constitutional symptoms or death</description>
          <units>Participants</units>
          <param>Count of Participants</param>
          <analyzed_list>
            <analyzed>
              <units>Participants</units>
              <scope>Measure</scope>
              <count_list>
                <count group_id="O1" value="100"/>
                <count group_id="O2" value="50"/>
              </count_list>
            </analyzed>
          </analyzed_list>
          <class_list>
            <class>
              <category_list>
                <category>
                  <measurement_list>
                    <measurement group_id="O1" value="2"/>
                    <measurement group_id="O2" value="4"/>
                  </measurement_list>
                </category>
              </category_list>
            </class>
          </class_list>
        </measure>
      </outcome>
      <outcome>
        <type>Primary</type>
        <title>Incidence of Chronic Extensive GVHD</title>
        <description>Number of patients who developed chronic extensive GVHD post-transplant. The diagnosis of chronic GVHD requires at least one manifestation that is distinctive for chronic GVHD as opposed to acute GVHD. In all cases, infection and others causes must be ruled out in the differential diagnosis of chronic GVHD.</description>
        <time_frame>Day 180 post-transplantation</time_frame>
        <group_list>
          <group group_id="O1">
            <title>Arm I (Nonmyeloablative Conditioning With Fludarabine and TBI)</title>
            <description>Patients receive fludarabine phosphate IV on days -4 to -2 and undergo TBI on day 0.&#xD;
fludarabine phosphate: Given IV&#xD;
total-body irradiation: Undergo radiotherapy&#xD;
laboratory biomarker analysis: Correlative studies</description>
          </group>
          <group group_id="O2">
            <title>Arm II (Nonmyeloablative Conditioning With TBI)</title>
            <description>Patients undergo TBI on day 0. All patients then undergo allogeneic peripheral blood stem cell transplantation on day 0 and receive tacrolimus PO every 12 hours on days -3 to 180, with taper on day 56, or tacrolimus IV if unable to tolerate PO; and mycophenolate mofetil PO every 12 hours on days 0-27 or mycophenolate mofetil IV if unable to tolerate PO.&#xD;
total-body irradiation: Undergo radiotherapy&#xD;
mycophenolate mofetil: Given IV or PO&#xD;
tacrolimus: Given IV or PO&#xD;
peripheral blood stem cell transplantation: Undergo allogeneic peripheral blood stem cell transplant&#xD;
nonmyeloablative allogeneic hematopoietic stem cell transplantation: Undergo allogeneic peripheral blood stem cell transplant&#xD;
laboratory biomarker analysis: Correlative studies</description>
          </group>
        </group_list>
        <measure>
          <title>Incidence of Chronic Extensive GVHD</title>
          <description>Number of patients who developed chronic extensive GVHD post-transplant. The diagnosis of chronic GVHD requires at least one manifestation that is distinctive for chronic GVHD as opposed to acute GVHD. In all cases, infection and others causes must be ruled out in the differential diagnosis of chronic GVHD.</description>
          <units>Participants</units>
          <param>Count of Participants</param>
          <analyzed_list>
            <analyzed>
              <units>Participants</units>
              <scope>Measure</scope>
              <count_list>
                <count group_id="O1" value="100"/>
                <count group_id="O2" value="50"/>
              </count_list>
            </analyzed>
          </analyzed_list>
          <class_list>
            <class>
              <category_list>
                <category>
                  <measurement_list>
                    <measurement group_id="O1" value="15"/>
                    <measurement group_id="O2" value="6"/>
                  </measurement_list>
                </category>
              </category_list>
            </class>
          </class_list>
        </measure>
      </outcome>
      <outcome>
        <type>Secondary</type>
        <title>Incidences of Graft Rejection</title>
        <description>Number of patients who rejected their graft. Rejection is defined as the inability to detect or loss of detection of greater than 5% donor T cells (CD3+) as a proportion of the total T cell population, respectively, after nonmyeloablative HCT.</description>
        <time_frame>Day 180 post-transplantation</time_frame>
        <group_list>
          <group group_id="O1">
            <title>Arm I (Nonmyeloablative Conditioning With Fludarabine and TBI)</title>
            <description>Patients receive fludarabine phosphate IV on days -4 to -2 and undergo TBI on day 0.&#xD;
fludarabine phosphate: Given IV&#xD;
total-body irradiation: Undergo radiotherapy&#xD;
laboratory biomarker analysis: Correlative studies</description>
          </group>
          <group group_id="O2">
            <title>Arm II (Nonmyeloablative Conditioning With TBI)</title>
            <description>Patients undergo TBI on day 0. All patients then undergo allogeneic peripheral blood stem cell transplantation on day 0 and receive tacrolimus PO every 12 hours on days -3 to 180, with taper on day 56, or tacrolimus IV if unable to tolerate PO; and mycophenolate mofetil PO every 12 hours on days 0-27 or mycophenolate mofetil IV if unable to tolerate PO.&#xD;
total-body irradiation: Undergo radiotherapy&#xD;
mycophenolate mofetil: Given IV or PO&#xD;
tacrolimus: Given IV or PO&#xD;
peripheral blood stem cell transplantation: Undergo allogeneic peripheral blood stem cell transplant&#xD;
nonmyeloablative allogeneic hematopoietic stem cell transplantation: Undergo allogeneic peripheral blood stem cell transplant&#xD;
laboratory biomarker analysis: Correlative studies</description>
          </group>
        </group_list>
        <measure>
          <title>Incidences of Graft Rejection</title>
          <description>Number of patients who rejected their graft. Rejection is defined as the inability to detect or loss of detection of greater than 5% donor T cells (CD3+) as a proportion of the total T cell population, respectively, after nonmyeloablative HCT.</description>
          <units>Participants</units>
          <param>Count of Participants</param>
          <analyzed_list>
            <analyzed>
              <units>Participants</units>
              <scope>Measure</scope>
              <count_list>
                <count group_id="O1" value="100"/>
                <count group_id="O2" value="50"/>
              </count_list>
            </analyzed>
          </analyzed_list>
          <class_list>
            <class>
              <category_list>
                <category>
                  <measurement_list>
                    <measurement group_id="O1" value="0"/>
                    <measurement group_id="O2" value="0"/>
                  </measurement_list>
                </category>
              </category_list>
            </class>
          </class_list>
        </measure>
      </outcome>
      <outcome>
        <type>Secondary</type>
        <title>Overall Survival</title>
        <description>Number of patients surviving post-transplant.</description>
        <time_frame>At 1 year after conditioning</time_frame>
        <group_list>
          <group group_id="O1">
            <title>Arm I (Nonmyeloablative Conditioning With Fludarabine and TBI)</title>
            <description>Patients receive fludarabine phosphate IV on days -4 to -2 and undergo TBI on day 0.&#xD;
fludarabine phosphate: Given IV&#xD;
total-body irradiation: Undergo radiotherapy&#xD;
laboratory biomarker analysis: Correlative studies</description>
          </group>
          <group group_id="O2">
            <title>Arm II (Nonmyeloablative Conditioning With TBI)</title>
            <description>Patients undergo TBI on day 0. All patients then undergo allogeneic peripheral blood stem cell transplantation on day 0 and receive tacrolimus PO every 12 hours on days -3 to 180, with taper on day 56, or tacrolimus IV if unable to tolerate PO; and mycophenolate mofetil PO every 12 hours on days 0-27 or mycophenolate mofetil IV if unable to tolerate PO.&#xD;
total-body irradiation: Undergo radiotherapy&#xD;
mycophenolate mofetil: Given IV or PO&#xD;
tacrolimus: Given IV or PO&#xD;
peripheral blood stem cell transplantation: Undergo allogeneic peripheral blood stem cell transplant&#xD;
nonmyeloablative allogeneic hematopoietic stem cell transplantation: Undergo allogeneic peripheral blood stem cell transplant&#xD;
laboratory biomarker analysis: Correlative studies</description>
          </group>
        </group_list>
        <measure>
          <title>Overall Survival</title>
          <description>Number of patients surviving post-transplant.</description>
          <units>Participants</units>
          <param>Count of Participants</param>
          <analyzed_list>
            <analyzed>
              <units>Participants</units>
              <scope>Measure</scope>
              <count_list>
                <count group_id="O1" value="100"/>
                <count group_id="O2" value="50"/>
              </count_list>
            </analyzed>
          </analyzed_list>
          <class_list>
            <class>
              <category_list>
                <category>
                  <measurement_list>
                    <measurement group_id="O1" value="85"/>
                    <measurement group_id="O2" value="39"/>
                  </measurement_list>
                </category>
              </category_list>
            </class>
          </class_list>
        </measure>
      </outcome>
      <outcome>
        <type>Secondary</type>
        <title>Incidences of Grades II-IV Acute GVHD</title>
        <description>Number of patients who developed acute/chronic GVHD post-transplant. aGVHD Stages&#xD;
Skin:&#xD;
a maculopapular eruption involving &lt; 25% BSA a maculopapular eruption involving 25 - 50% BSA generalized erythroderma generalized erythroderma with bullous formation and often with desquamation&#xD;
Liver:&#xD;
bilirubin 2.0 - 3.0 mg/100 mL bilirubin 3 - 5.9 mg/100 mL bilirubin 6 - 14.9 mg/100 mL bilirubin &gt; 15 mg/100 mL&#xD;
Gut:&#xD;
Diarrhea is graded 1 - 4 in severity. Nausea and vomiting and/or anorexia caused by GVHD is assigned as 1 in severity. The severity of gut involvement is assigned to the most severe involvement noted. Patients with visible bloody diarrhea are at least stage 2 gut and grade 3 overall.&#xD;
aGVHD Grades Grade II: Stage 1 - 3 skin and/or stage 1 gut involvement and/or stage 1 liver involvement Grade III: Stage 2 - 4 gut involvement and/or stage 2 - 4 liver involvement Grade IV: Pattern and severity of GVHD similar to grade 3 with extreme constitutional symptoms or death</description>
        <time_frame>Day 180 post-transplantation</time_frame>
        <group_list>
          <group group_id="O1">
            <title>Arm I (Nonmyeloablative Conditioning With Fludarabine and TBI)</title>
            <description>Patients receive fludarabine phosphate IV on days -4 to -2 and undergo TBI on day 0.&#xD;
fludarabine phosphate: Given IV&#xD;
total-body irradiation: Undergo radiotherapy&#xD;
laboratory biomarker analysis: Correlative studies</description>
          </group>
          <group group_id="O2">
            <title>Arm II (Nonmyeloablative Conditioning With TBI)</title>
            <description>Patients undergo TBI on day 0. All patients then undergo allogeneic peripheral blood stem cell transplantation on day 0 and receive tacrolimus PO every 12 hours on days -3 to 180, with taper on day 56, or tacrolimus IV if unable to tolerate PO; and mycophenolate mofetil PO every 12 hours on days 0-27 or mycophenolate mofetil IV if unable to tolerate PO.&#xD;
total-body irradiation: Undergo radiotherapy&#xD;
mycophenolate mofetil: Given IV or PO&#xD;
tacrolimus: Given IV or PO&#xD;
peripheral blood stem cell transplantation: Undergo allogeneic peripheral blood stem cell transplant&#xD;
nonmyeloablative allogeneic hematopoietic stem cell transplantation: Undergo allogeneic peripheral blood stem cell transplant&#xD;
laboratory biomarker analysis: Correlative studies</description>
          </group>
        </group_list>
        <measure>
          <title>Incidences of Grades II-IV Acute GVHD</title>
          <description>Number of patients who developed acute/chronic GVHD post-transplant. aGVHD Stages&#xD;
Skin:&#xD;
a maculopapular eruption involving &lt; 25% BSA a maculopapular eruption involving 25 - 50% BSA generalized erythroderma generalized erythroderma with bullous formation and often with desquamation&#xD;
Liver:&#xD;
bilirubin 2.0 - 3.0 mg/100 mL bilirubin 3 - 5.9 mg/100 mL bilirubin 6 - 14.9 mg/100 mL bilirubin &gt; 15 mg/100 mL&#xD;
Gut:&#xD;
Diarrhea is graded 1 - 4 in severity. Nausea and vomiting and/or anorexia caused by GVHD is assigned as 1 in severity. The severity of gut involvement is assigned to the most severe involvement noted. Patients with visible bloody diarrhea are at least stage 2 gut and grade 3 overall.&#xD;
aGVHD Grades Grade II: Stage 1 - 3 skin and/or stage 1 gut involvement and/or stage 1 liver involvement Grade III: Stage 2 - 4 gut involvement and/or stage 2 - 4 liver involvement Grade IV: Pattern and severity of GVHD similar to grade 3 with extreme constitutional symptoms or death</description>
          <units>Participants</units>
          <param>Count of Participants</param>
          <analyzed_list>
            <analyzed>
              <units>Participants</units>
              <scope>Measure</scope>
              <count_list>
                <count group_id="O1" value="100"/>
                <count group_id="O2" value="50"/>
              </count_list>
            </analyzed>
          </analyzed_list>
          <class_list>
            <class>
              <category_list>
                <category>
                  <measurement_list>
                    <measurement group_id="O1" value="26"/>
                    <measurement group_id="O2" value="14"/>
                  </measurement_list>
                </category>
              </category_list>
            </class>
          </class_list>
        </measure>
      </outcome>
      <outcome>
        <type>Secondary</type>
        <title>Rates of Disease Progression</title>
        <description>Relapse/Progression criteria:&#xD;
CML New cytogenetic abnormality and/or development of accelerated phase or blast crisis. The criteria for accelerated phase will be defined as unexplained fever &gt;38.3°C, new clonal cytogenetic abnormalities in addition to a single Ph-positive chromosome, marrow blasts and promyelocytes &gt;20%.&#xD;
CMML, AML, ALL &gt;30% BM blasts w/ deteriorating performance status, or worsening of anemia, neutropenia, or thrombocytopenia.&#xD;
CLL ≥1 of: Physical exam/imaging studies ≥50% increase or new, circulating lymphocytes by morphology and/or flow cytometry ≥50% increase, and lymph node biopsy w/ Richter's transformation.&#xD;
NHL &gt;25% increase in the sum of the products of the perpendicular diameters of marker lesions, or the appearance of new lesions.&#xD;
MM&#xD;
≥100% increase of the serum myeloma protein from its lowest level, or reappearance of myeloma peaks that had disappeared w/ treatment; or definite increase in the size or number of plasmacytomas or lytic bone lesions.</description>
        <time_frame>Up to 5 years</time_frame>
        <group_list>
          <group group_id="O1">
            <title>Arm I (Nonmyeloablative Conditioning With Fludarabine and TBI)</title>
            <description>Patients receive fludarabine phosphate IV on days -4 to -2 and undergo TBI on day 0.&#xD;
fludarabine phosphate: Given IV&#xD;
total-body irradiation: Undergo radiotherapy&#xD;
laboratory biomarker analysis: Correlative studies</description>
          </group>
          <group group_id="O2">
            <title>Arm II (Nonmyeloablative Conditioning With TBI)</title>
            <description>Patients undergo TBI on day 0. All patients then undergo allogeneic peripheral blood stem cell transplantation on day 0 and receive tacrolimus PO every 12 hours on days -3 to 180, with taper on day 56, or tacrolimus IV if unable to tolerate PO; and mycophenolate mofetil PO every 12 hours on days 0-27 or mycophenolate mofetil IV if unable to tolerate PO.&#xD;
total-body irradiation: Undergo radiotherapy&#xD;
mycophenolate mofetil: Given IV or PO&#xD;
tacrolimus: Given IV or PO&#xD;
peripheral blood stem cell transplantation: Undergo allogeneic peripheral blood stem cell transplant&#xD;
nonmyeloablative allogeneic hematopoietic stem cell transplantation: Undergo allogeneic peripheral blood stem cell transplant&#xD;
laboratory biomarker analysis: Correlative studies</description>
          </group>
        </group_list>
        <measure>
          <title>Rates of Disease Progression</title>
          <description>Relapse/Progression criteria:&#xD;
CML New cytogenetic abnormality and/or development of accelerated phase or blast crisis. The criteria for accelerated phase will be defined as unexplained fever &gt;38.3°C, new clonal cytogenetic abnormalities in addition to a single Ph-positive chromosome, marrow blasts and promyelocytes &gt;20%.&#xD;
CMML, AML, ALL &gt;30% BM blasts w/ deteriorating performance status, or worsening of anemia, neutropenia, or thrombocytopenia.&#xD;
CLL ≥1 of: Physical exam/imaging studies ≥50% increase or new, circulating lymphocytes by morphology and/or flow cytometry ≥50% increase, and lymph node biopsy w/ Richter's transformation.&#xD;
NHL &gt;25% increase in the sum of the products of the perpendicular diameters of marker lesions, or the appearance of new lesions.&#xD;
MM&#xD;
≥100% increase of the serum myeloma protein from its lowest level, or reappearance of myeloma peaks that had disappeared w/ treatment; or definite increase in the size or number of plasmacytomas or lytic bone lesions.</description>
          <units>Participants</units>
          <param>Count of Participants</param>
          <analyzed_list>
            <analyzed>
              <units>Participants</units>
              <scope>Measure</scope>
              <count_list>
                <count group_id="O1" value="100"/>
                <count group_id="O2" value="50"/>
              </count_list>
            </analyzed>
          </analyzed_list>
          <class_list>
            <class>
              <category_list>
                <category>
                  <measurement_list>
                    <measurement group_id="O1" value="41"/>
                    <measurement group_id="O2" value="33"/>
                  </measurement_list>
                </category>
              </category_list>
            </class>
          </class_list>
        </measure>
      </outcome>
      <outcome>
        <type>Secondary</type>
        <title>Rates of Relapse-related Mortality</title>
        <description>Number of patients who expired with relapsed/progressive disease.</description>
        <time_frame>Up to 5 years</time_frame>
        <group_list>
          <group group_id="O1">
            <title>Arm I (Nonmyeloablative Conditioning With Fludarabine and TBI)</title>
            <description>Patients receive fludarabine phosphate IV on days -4 to -2 and undergo TBI on day 0.&#xD;
fludarabine phosphate: Given IV&#xD;
total-body irradiation: Undergo radiotherapy&#xD;
laboratory biomarker analysis: Correlative studies</description>
          </group>
          <group group_id="O2">
            <title>Arm II (Nonmyeloablative Conditioning With TBI)</title>
            <description>Patients undergo TBI on day 0. All patients then undergo allogeneic peripheral blood stem cell transplantation on day 0 and receive tacrolimus PO every 12 hours on days -3 to 180, with taper on day 56, or tacrolimus IV if unable to tolerate PO; and mycophenolate mofetil PO every 12 hours on days 0-27 or mycophenolate mofetil IV if unable to tolerate PO.&#xD;
total-body irradiation: Undergo radiotherapy&#xD;
mycophenolate mofetil: Given IV or PO&#xD;
tacrolimus: Given IV or PO&#xD;
peripheral blood stem cell transplantation: Undergo allogeneic peripheral blood stem cell transplant&#xD;
nonmyeloablative allogeneic hematopoietic stem cell transplantation: Undergo allogeneic peripheral blood stem cell transplant&#xD;
laboratory biomarker analysis: Correlative studies</description>
          </group>
        </group_list>
        <measure>
          <title>Rates of Relapse-related Mortality</title>
          <description>Number of patients who expired with relapsed/progressive disease.</description>
          <units>Participants</units>
          <param>Count of Participants</param>
          <analyzed_list>
            <analyzed>
              <units>Participants</units>
              <scope>Measure</scope>
              <count_list>
                <count group_id="O1" value="100"/>
                <count group_id="O2" value="50"/>
              </count_list>
            </analyzed>
          </analyzed_list>
          <class_list>
            <class>
              <category_list>
                <category>
                  <measurement_list>
                    <measurement group_id="O1" value="28"/>
                    <measurement group_id="O2" value="23"/>
                  </measurement_list>
                </category>
              </category_list>
            </class>
          </class_list>
        </measure>
      </outcome>
      <outcome>
        <type>Secondary</type>
        <title>Rate and Duration of Steroid Use for the Treatment of Chronic GVHD</title>
        <description>Number of patients that received prednisone treatment of chronic GVHD, and number of days for which they received prednisone.</description>
        <time_frame>Up to 5 years</time_frame>
        <population>Only those patients who received steroids for treatment of chronic GVHD.</population>
        <group_list>
          <group group_id="O1">
            <title>Arm I (Nonmyeloablative Conditioning With Fludarabine and TBI)</title>
            <description>Patients receive fludarabine phosphate IV on days -4 to -2 and undergo TBI on day 0.&#xD;
fludarabine phosphate: Given IV&#xD;
total-body irradiation: Undergo radiotherapy&#xD;
laboratory biomarker analysis: Correlative studies</description>
          </group>
          <group group_id="O2">
            <title>Arm II (Nonmyeloablative Conditioning With TBI)</title>
            <description>Patients undergo TBI on day 0. All patients then undergo allogeneic peripheral blood stem cell transplantation on day 0 and receive tacrolimus PO every 12 hours on days -3 to 180, with taper on day 56, or tacrolimus IV if unable to tolerate PO; and mycophenolate mofetil PO every 12 hours on days 0-27 or mycophenolate mofetil IV if unable to tolerate PO.&#xD;
total-body irradiation: Undergo radiotherapy&#xD;
mycophenolate mofetil: Given IV or PO&#xD;
tacrolimus: Given IV or PO&#xD;
peripheral blood stem cell transplantation: Undergo allogeneic peripheral blood stem cell transplant&#xD;
nonmyeloablative allogeneic hematopoietic stem cell transplantation: Undergo allogeneic peripheral blood stem cell transplant&#xD;
laboratory biomarker analysis: Correlative studies</description>
          </group>
        </group_list>
        <measure>
          <title>Rate and Duration of Steroid Use for the Treatment of Chronic GVHD</title>
          <description>Number of patients that received prednisone treatment of chronic GVHD, and number of days for which they received prednisone.</description>
          <population>Only those patients who received steroids for treatment of chronic GVHD.</population>
          <units>days</units>
          <param>Median</param>
          <dispersion>Full Range</dispersion>
          <analyzed_list>
            <analyzed>
              <units>Participants</units>
              <scope>Measure</scope>
              <count_list>
                <count group_id="O1" value="44"/>
                <count group_id="O2" value="21"/>
              </count_list>
            </analyzed>
          </analyzed_list>
          <class_list>
            <class>
              <category_list>
                <category>
                  <measurement_list>
                    <measurement group_id="O1" value="78" lower_limit="1" upper_limit="1156"/>
                    <measurement group_id="O2" value="89" lower_limit="1" upper_limit="420"/>
                  </measurement_list>
                </category>
              </category_list>
            </class>
          </class_list>
        </measure>
      </outcome>
    </outcome_list>

    <reported_events>
      <group_list>
        <group group_id="E1">
          <title>Arm I (Nonmyeloablative Conditioning With Fludarabine and TBI)</title>
          <description>Patients receive fludarabine phosphate IV on days -4 to -2 and undergo TBI on day 0.&#xD;
fludarabine phosphate: Given IV&#xD;
total-body irradiation: Undergo radiotherapy&#xD;
laboratory biomarker analysis: Correlative studies</description>
        </group>
        <group group_id="E2">
          <title>Arm II (Nonmyeloablative Conditioning With TBI)</title>
          <description>Patients undergo TBI on day 0. All patients then undergo allogeneic peripheral blood stem cell transplantation on day 0 and receive tacrolimus PO every 12 hours on days -3 to 180, with taper on day 56, or tacrolimus IV if unable to tolerate PO; and mycophenolate mofetil PO every 12 hours on days 0-27 or mycophenolate mofetil IV if unable to tolerate PO.&#xD;
total-body irradiation: Undergo radiotherapy&#xD;
mycophenolate mofetil: Given IV or PO&#xD;
tacrolimus: Given IV or PO&#xD;
peripheral blood stem cell transplantation: Undergo allogeneic peripheral blood stem cell transplant&#xD;
nonmyeloablative allogeneic hematopoietic stem cell transplantation: Undergo allogeneic peripheral blood stem cell transplant&#xD;
laboratory biomarker analysis: Correlative studies</description>
        </group>
      </group_list>
      <serious_events>
        <default_assessment>Non-systematic Assessment</default_assessment>
        <category_list>
          <category>
            <title>Total</title>
            <event_list>
              <event>
                <sub_title>Total, serious adverse events</sub_title>
                <counts group_id="E1" subjects_affected="8" subjects_at_risk="100"/>
                <counts group_id="E2" subjects_affected="5" subjects_at_risk="50"/>
              </event>
            </event_list>
          </category>
          <category>
            <title>Cardiac disorders</title>
            <event_list>
              <event>
                <sub_title>Death, Renal Failure, Cardiac Failure</sub_title>
                <counts group_id="E1" subjects_affected="1" subjects_at_risk="100"/>
                <counts group_id="E2" subjects_affected="0" subjects_at_risk="50"/>
              </event>
            </event_list>
          </category>
          <category>
            <title>Eye disorders</title>
            <event_list>
              <event>
                <sub_title>Right central artery occlusion with right eye blindness</sub_title>
                <counts group_id="E1" subjects_affected="1" subjects_at_risk="100"/>
                <counts group_id="E2" subjects_affected="0" subjects_at_risk="50"/>
              </event>
            </event_list>
          </category>
          <category>
            <title>Gastrointestinal disorders</title>
            <event_list>
              <event>
                <sub_title>Perforated gastric ulcer</sub_title>
                <counts group_id="E1" subjects_affected="0" subjects_at_risk="100"/>
                <counts group_id="E2" subjects_affected="1" subjects_at_risk="50"/>
              </event>
            </event_list>
          </category>
          <category>
            <title>Hepatobiliary disorders</title>
            <event_list>
              <event>
                <sub_title>Death, elevated bilirubin, fevers</sub_title>
                <counts group_id="E1" subjects_affected="1" subjects_at_risk="100"/>
                <counts group_id="E2" subjects_affected="0" subjects_at_risk="50"/>
              </event>
              <event>
                <sub_title>Elevated LFT's with rising total bilirubin level</sub_title>
                <assessment>Systematic Assessment</assessment>
                <counts group_id="E1" subjects_affected="1" subjects_at_risk="100"/>
                <counts group_id="E2" subjects_affected="0" subjects_at_risk="50"/>
              </event>
            </event_list>
          </category>
          <category>
            <title>Immune system disorders</title>
            <event_list>
              <event>
                <sub_title>Death due to severe refractory autoimmune hemolytic anemia (present prior to transplant)</sub_title>
                <counts group_id="E1" subjects_affected="1" subjects_at_risk="100"/>
                <counts group_id="E2" subjects_affected="0" subjects_at_risk="50"/>
              </event>
              <event>
                <sub_title>Severe abdominal pain due to gut GVHD and supravantricular arrhythmia/Atrial fibrillation</sub_title>
                <counts group_id="E1" subjects_affected="1" subjects_at_risk="100"/>
                <counts group_id="E2" subjects_affected="0" subjects_at_risk="50"/>
              </event>
            </event_list>
          </category>
          <category>
            <title>Infections and infestations</title>
            <event_list>
              <event>
                <sub_title>Sepsis</sub_title>
                <counts group_id="E1" subjects_affected="1" subjects_at_risk="100"/>
                <counts group_id="E2" subjects_affected="0" subjects_at_risk="50"/>
              </event>
              <event>
                <sub_title>Death, secondary to sepsis with multiorgan failure</sub_title>
                <counts group_id="E1" subjects_affected="0" subjects_at_risk="100"/>
                <counts group_id="E2" subjects_affected="1" subjects_at_risk="50"/>
              </event>
              <event>
                <sub_title>Death due to adenovirus nephritis, sepsis, multifactorial renal failure</sub_title>
                <counts group_id="E1" subjects_affected="0" subjects_at_risk="100"/>
                <counts group_id="E2" subjects_affected="1" subjects_at_risk="50"/>
              </event>
            </event_list>
          </category>
          <category>
            <title>Psychiatric disorders</title>
            <event_list>
              <event>
                <sub_title>Mental Status Change while on ativan, oxycodone, and flexeril</sub_title>
                <counts group_id="E1" subjects_affected="1" subjects_at_risk="100"/>
                <counts group_id="E2" subjects_affected="0" subjects_at_risk="50"/>
              </event>
            </event_list>
          </category>
          <category>
            <title>Renal and urinary disorders</title>
            <event_list>
              <event>
                <sub_title>Elevated creatinine level</sub_title>
                <assessment>Systematic Assessment</assessment>
                <description>Elevated creatinine level r/t acute renal failure in the setting of chronic kidney disease due to multiple myeloma</description>
                <counts group_id="E1" subjects_affected="0" subjects_at_risk="100"/>
                <counts group_id="E2" subjects_affected="1" subjects_at_risk="50"/>
              </event>
            </event_list>
          </category>
          <category>
            <title>Vascular disorders</title>
            <event_list>
              <event>
                <sub_title>Hypoxia and Hypotension</sub_title>
                <counts group_id="E1" subjects_affected="0" subjects_at_risk="100"/>
                <counts group_id="E2" subjects_affected="1" subjects_at_risk="50"/>
              </event>
            </event_list>
          </category>
        </category_list>
      </serious_events>
      <other_events>
        <frequency_threshold>5</frequency_threshold>
        <default_assessment>Systematic Assessment</default_assessment>
        <category_list>
          <category>
            <title>Total</title>
            <event_list>
              <event>
                <sub_title>Total, other adverse events</sub_title>
                <counts group_id="E1" subjects_affected="28" subjects_at_risk="100"/>
                <counts group_id="E2" subjects_affected="17" subjects_at_risk="50"/>
              </event>
            </event_list>
          </category>
          <category>
            <title>Blood and lymphatic system disorders</title>
            <event_list>
              <event>
                <sub_title>Hemolysis / Hemolytic Anemia</sub_title>
                <counts group_id="E1" subjects_affected="5" subjects_at_risk="100"/>
                <counts group_id="E2" subjects_affected="1" subjects_at_risk="50"/>
              </event>
            </event_list>
          </category>
          <category>
            <title>Cardiac disorders</title>
            <event_list>
              <event>
                <sub_title>Hypotension</sub_title>
                <counts group_id="E1" subjects_affected="1" subjects_at_risk="100"/>
                <counts group_id="E2" subjects_affected="4" subjects_at_risk="50"/>
              </event>
            </event_list>
          </category>
          <category>
            <title>Hepatobiliary disorders</title>
            <event_list>
              <event>
                <sub_title>Hyperbilirubinemia</sub_title>
                <counts group_id="E1" subjects_affected="8" subjects_at_risk="100"/>
                <counts group_id="E2" subjects_affected="3" subjects_at_risk="50"/>
              </event>
            </event_list>
          </category>
          <category>
            <title>Renal and urinary disorders</title>
            <event_list>
              <event>
                <sub_title>Increased Creatinine</sub_title>
                <counts group_id="E1" subjects_affected="20" subjects_at_risk="100"/>
                <counts group_id="E2" subjects_affected="15" subjects_at_risk="50"/>
              </event>
            </event_list>
          </category>
          <category>
            <title>Respiratory, thoracic and mediastinal disorders</title>
            <event_list>
              <event>
                <sub_title>Hypoxia / Hypoxemia</sub_title>
                <counts group_id="E1" subjects_affected="5" subjects_at_risk="100"/>
                <counts group_id="E2" subjects_affected="2" subjects_at_risk="50"/>
              </event>
            </event_list>
          </category>
        </category_list>
      </other_events>
    </reported_events>

    <certain_agreements>
      <pi_employee>All Principal Investigators ARE employed by the organization sponsoring the study.</pi_employee>
      <restrictive_agreement>There is NOT an agreement between Principal Investigators and the Sponsor (or its agents) that restricts the PI's rights to discuss or publish trial results after the trial is completed. </restrictive_agreement>
    </certain_agreements>
    <point_of_contact>
      <name_or_title>David G Maloney, MD PhD</name_or_title>
      <organization>Fred Hutch</organization>
      <phone>(206) 667-5616</phone>
      <email>dmaloney@fredhutch.org</email>
    </point_of_contact>
  </clinical_results>
</clinical_study>

