<?xml version="1.0" encoding="UTF-8"?>
<clinical_study rank="119">
  <!-- This xml conforms to an XML Schema at:
    https://clinicaltrials.gov/ct2/html/images/info/public.xsd -->
  <required_header>
    <download_date>ClinicalTrials.gov processed this data on May 11, 2021</download_date>
    <link_text>Link to the current ClinicalTrials.gov record.</link_text>
    <url>https://clinicaltrials.gov/show/NCT01321346</url>
  </required_header>
  <id_info>
    <org_study_id>T2009-012</org_study_id>
    <nct_id>NCT01321346</nct_id>
  </id_info>
  <brief_title>A Study Of Panobinostat In Children With Refractory Hematologic Malignancies</brief_title>
  <official_title>A Phase I Dose Finding Study Of Panobinostat In Children With Refractory Hematologic Malignancies</official_title>
  <sponsors>
    <lead_sponsor>
      <agency>Therapeutic Advances in Childhood Leukemia Consortium</agency>
      <agency_class>Other</agency_class>
    </lead_sponsor>
    <collaborator>
      <agency>Novartis</agency>
      <agency_class>Industry</agency_class>
    </collaborator>
  </sponsors>
  <source>Therapeutic Advances in Childhood Leukemia Consortium</source>
  <oversight_info>
    <has_dmc>Yes</has_dmc>
  </oversight_info>
  <brief_summary>
    <textblock>
      This study is for patients with relapsed or refractory Acute Lymphoblastic Leukemia (ALL),&#xD;
      Acute Myelogenous Leukemia (AML), Hodgkin's Disease (HD) or Non-Hodgkin's Lymphoma (NHL).&#xD;
      Panobinostat is a new drug that is considered investigational because it has not been&#xD;
      approved in the United States by the Food and Drug Administration (FDA), or in any other&#xD;
      country. Panobinostat is a histone deacetylase inhibitor (HDACi) and interferes with gene&#xD;
      expression found in cells causing them to stop growing or die. Panobinostat has been used in&#xD;
      several hundred adults who had leukemia, HD, NHL and other solid tumors. Panobinostat has not&#xD;
      been given to children.&#xD;
&#xD;
      This is a phase I study. In a phase I study, drugs are tested to the highest dose that can be&#xD;
      safely given. Drugs are given at gradually increasing dosages until there are unacceptable&#xD;
      side effects. The goal of the Phase I study is to find out the dose of panobinostat that can&#xD;
      be safely given to children with relapsed ALL, AML, HD and NHL.&#xD;
    </textblock>
  </brief_summary>
  <overall_status>Completed</overall_status>
  <start_date>March 2011</start_date>
  <primary_completion_date type="Actual">October 2015</primary_completion_date>
  <phase>Phase 1</phase>
  <study_type>Interventional</study_type>
  <has_expanded_access>No</has_expanded_access>
  <study_design_info>
    <allocation>Non-Randomized</allocation>
    <intervention_model>Single Group Assignment</intervention_model>
    <primary_purpose>Treatment</primary_purpose>
    <masking>None (Open Label)</masking>
  </study_design_info>
  <primary_outcome>
    <measure>To find the highest dose of oral panobinostat that can be given to patients with relapsed AML, HD or NHL without causing severe side effects.</measure>
    <time_frame>8 weeks</time_frame>
  </primary_outcome>
  <primary_outcome>
    <measure>To learn what kind of side effects panobinostat can cause when taken by children with relapsed ALL, AML, HD or NHL.</measure>
    <time_frame>8 weeks</time_frame>
  </primary_outcome>
  <secondary_outcome>
    <measure>To determine whether panobinostat is a beneficial treatment for ALL, AML, HD or NHL.</measure>
    <time_frame>8 weeks</time_frame>
  </secondary_outcome>
  <secondary_outcome>
    <measure>To test the amount of panobinostat in the patient's blood and spinal fluid after taking panobinostat.</measure>
    <time_frame>3 years</time_frame>
  </secondary_outcome>
  <secondary_outcome>
    <measure>To test samples of cancer cells to see if they have chemicals that affect the way panobinostat works.</measure>
    <time_frame>3 years</time_frame>
  </secondary_outcome>
  <number_of_arms>2</number_of_arms>
  <enrollment type="Actual">30</enrollment>
  <condition>Lymphoblastic Leukemia, Acute, Childhood</condition>
  <condition>Myelogenous Leukemia, Acute, Childhood</condition>
  <condition>Hodgkin's Disease</condition>
  <condition>Non-Hodgkin's Lymphoma</condition>
  <arm_group>
    <arm_group_label>Leukemia Patients</arm_group_label>
    <arm_group_type>Experimental</arm_group_type>
    <description>Patients with ALL and AML will be treated in one arm of the study.</description>
  </arm_group>
  <arm_group>
    <arm_group_label>Lymphoma Patients</arm_group_label>
    <arm_group_type>Experimental</arm_group_type>
    <description>Patients with NHL or HD will be treated in one arm of the study.</description>
  </arm_group>
  <intervention>
    <intervention_type>Drug</intervention_type>
    <intervention_name>Panobinostat</intervention_name>
    <description>Dose will be assigned at study entry. Patients will take panobinostat orally 3 times a week given on a Monday, Wednesday, Friday schedule, every week. One course is 28 days (4 weeks). Patients will get 2 courses and may receive up to 8 courses total.</description>
    <arm_group_label>Leukemia Patients</arm_group_label>
    <other_name>LBH589</other_name>
  </intervention>
  <intervention>
    <intervention_type>Drug</intervention_type>
    <intervention_name>Cytarabine</intervention_name>
    <description>All patients will receive 70 mg of intrathecal cytarabine on day &quot;0&quot; of course 1. The day &quot;0&quot; dose must be given at least 24 hours prior to initiation of panobinostat. Omit the day &quot;0&quot; dose of intrathecal cytarabine if the patient received intrathecal therapy within 72 hours of treatment.&#xD;
All patients will receive 70 mg of intrathecal cytarabine on day &quot;29&quot; of course 1-8 in conjunction with their disease evaluation.</description>
    <arm_group_label>Leukemia Patients</arm_group_label>
    <other_name>Ara-C</other_name>
    <other_name>cytosine arabinoside</other_name>
    <other_name>Cytosar</other_name>
  </intervention>
  <intervention>
    <intervention_type>Drug</intervention_type>
    <intervention_name>Panobinostat</intervention_name>
    <description>Dose will be assigned at study entry. Patients will take panobinostat orally 3 times a week on a Monday, Wednesday, Friday schedule, every other week. Once course is 28 days (4 weeks). Patients will get 2 course and may receive up to 8 courses of therapy.</description>
    <arm_group_label>Lymphoma Patients</arm_group_label>
    <other_name>LBH589</other_name>
  </intervention>
  <eligibility>
    <criteria>
      <textblock>
        Inclusion Criteria:&#xD;
&#xD;
          -  Patients must be ≤ 21 years of age at the time of enrollment.&#xD;
&#xD;
          -  Patients must have one of the following:&#xD;
&#xD;
               1. Patient must have relapsed/refractory acute myelogenous leukemia (AML) with ≥ 5%&#xD;
                  blast in the bone marrow or biopsy confirmed chloroma. Patient may have CNS 1, 2&#xD;
                  or 3 disease. Isolated CNS relapse is not eligible.&#xD;
&#xD;
               2. Patient must have relapsed/refractory acute lymphoblastic leukemia (ALL) with ≥ 5&#xD;
                  blasts in the bone marrow or biopsy confirmed extramedullary disease. Patient may&#xD;
                  have CNS 1, 2 or 3 disease. Isolated CNS relapse is not eligible.&#xD;
&#xD;
               3. Patient must have relapsed or refractory non-Hodgkin's lymphoma (NHL) or&#xD;
                  Hodgkin's disease. Patients must have CNS 1 disease. Patient must have histologic&#xD;
                  verification of disease at original diagnosis. Patient must have measurable&#xD;
                  disease documented by clinical or radiographic criteria or bone marrow disease&#xD;
                  present at study entry.&#xD;
&#xD;
          -  Karnofsky &gt; 50% for patients &gt; 16 years of age and Lansky &gt; 50% for patients less than&#xD;
             or equal to 16 years of age. (See Appendix I for Performance Scales).&#xD;
&#xD;
          -  Patient must have a life expectancy of 8 weeks.&#xD;
&#xD;
          -  PRIOR THERAPY Patients must have fully recovered from the acute toxic effects of all&#xD;
             prior chemotherapy, immunotherapy, or radiotherapy prior to entering this study.&#xD;
&#xD;
               1. Patients with AML must have had at least 2 prior therapeutic attempts including&#xD;
                  frontline induction.&#xD;
&#xD;
               2. Patients with ALL must have had at least 3 prior therapeutic attempts including&#xD;
                  frontline induction.&#xD;
&#xD;
               3. Radiotherapy: At least 28 days must have elapsed since and radiation therapy.&#xD;
&#xD;
               4. Hematopoietic Stem Cell Transplant:&#xD;
&#xD;
                  Patients who have had previous allogeneic HSCT must have grade I or less of&#xD;
                  Graft-versus-Host Disease (GVHD) and have not received immunosuppressive&#xD;
                  medication for at least 90 days.&#xD;
&#xD;
               5. Hematopoietic grow factors: It must have been at least 7 days since the&#xD;
                  completion of therapy with GCSF or other growth factors at the time of&#xD;
                  enrollment. It must have been at least 14 days since the completion of therapy&#xD;
                  with pegfilgrastim (Neulasta®).&#xD;
&#xD;
               6. Biologic/Immunologic (anti-neoplastic) therapy: It must be at least 28 days since&#xD;
                  the completion of therapy with a biologic/immunologic agent such as a monoclonal&#xD;
                  antibody prior to study enrollment and at least 28 days since non-study&#xD;
                  chemotherapy has been administered, excluding CNS directed therapy as described&#xD;
                  in Section 4.1.&#xD;
&#xD;
               7. Prior HSCT for Hodgkin's Lymphoma: Patients with Hodgkin's lymphoma must have had&#xD;
                  prior attempt at autologous HSCT.&#xD;
&#xD;
          -  Renal and Hepatic Function&#xD;
&#xD;
               1. Patient's serum creatinine must be ≤ 1.5 x institutional upper limit of normal&#xD;
                  (ULN) according to age. If the serum creatinine is greater than 1.5 times normal,&#xD;
                  the patient must have a calculated creatinine clearance or radioisotope GRF ≥&#xD;
                  70mL/min/1.73m2.&#xD;
&#xD;
                    -  Pediatric Population (age &lt;18): Calculated creatinine clearance ≥ 90&#xD;
                       ml/min/1.73m2 as calculated by the Schwartz formula for estimated glomerular&#xD;
                       filtration rate (GFR)&#xD;
&#xD;
                    -  Adult Population (age &gt;18): Serum creatinine &lt;1.0 mg/dL; if serum creatinine&#xD;
                       &gt;1.0 mg/dL, then the estimated glomerular filtration rate (GFR) must be &gt;60&#xD;
                       mL/min/1.73 m2&#xD;
&#xD;
               2. Patient's ALT must be &lt; 5 x institutional upper limit of norm ULN.&#xD;
&#xD;
               3. Patient's total bilirubin must be ≤ 1.5 x ULN.&#xD;
&#xD;
          -  Cardiac Function&#xD;
&#xD;
             a. Patient must have a shortening fraction ≥ 29% or an ejection fraction ≥ 40% by&#xD;
             ECHO/MUGA.&#xD;
&#xD;
          -  Reproductive Function&#xD;
&#xD;
               1. Female patients of childbearing potential must have a negative urine or serum&#xD;
                  pregnancy test confirmed prior to enrollment.&#xD;
&#xD;
               2. Female patients with infants must agree not to breastfeed their infants while on&#xD;
                  this study.&#xD;
&#xD;
               3. Male and female patients of child-bearing potential must agree to use an&#xD;
                  effective method of contraception approved by the investigator during the study.&#xD;
&#xD;
        Exclusion Criteria:&#xD;
&#xD;
          -  Patients will be excluded if they are unable to swallow capsules whole.&#xD;
&#xD;
          -  Patients will be excluded if they have received previous therapy with HDAC, DAC, HSP90&#xD;
             inhibitors or valproic acid anticancer therapy. Valproic acid therapy is not allowed&#xD;
             for any reason while on this study.&#xD;
&#xD;
          -  AML patients who are candidates for allogeneic stem cell transplant are excluded.&#xD;
&#xD;
          -  Patients will be excluded if they have a systemic fungal, bacterial, viral or other&#xD;
             infection that is exhibiting ongoing signs/symptoms related to the infection without&#xD;
             improvement despite appropriate antibiotics or other treatment.&#xD;
&#xD;
          -  Gastrointestinal Function&#xD;
&#xD;
               1. Impairment of GI function or GI disease that may significantly alter the&#xD;
                  absorption of panobinostat.&#xD;
&#xD;
               2. Patients with diarrhea &gt; CTCAE grade 2.&#xD;
&#xD;
          -  Patients will be excluded if there is a plan to administer non-protocol chemotherapy,&#xD;
             radiation therapy, or immunotherapy during the study period, excluding CNS directed&#xD;
             therapy upfront for AML patients and continuing for CNS positive patients as described&#xD;
             in Section 4.1. Cyto-reduction with hydroxyurea can be initiated and continued for up&#xD;
             to 24 hours prior to the start or protocol therapy.&#xD;
&#xD;
          -  Patients will be excluded if they have significant concurrent disease, illness,&#xD;
             psychiatric disorder or social issue that would compromise patient safety or&#xD;
             compliance, interfere with consent, study participation, follow up, or interpretation&#xD;
             of study results.&#xD;
&#xD;
          -  Patients with known positivity for human immunodeficiency virus (HIV) or hepatitis C;&#xD;
             baseline testing for HIV and hepatitis C is not required.&#xD;
&#xD;
          -  Cardiac Exclusion Criteria:&#xD;
&#xD;
        Patients will be excluded if these meet any of the following:&#xD;
&#xD;
          1. History or presence of sustained ventricular tachyarrhythmia. (Patients with a history&#xD;
             of atrial arrhythmia are eligible but should be discussed with the study chair prior&#xD;
             to enrollment).&#xD;
&#xD;
          2. Any history of ventricular fibrillation or torsade de pointes.&#xD;
&#xD;
          3. Bradycardia defined as HR&lt; 50 bpm. Patients with pacemakers are eligible if HR ≥ 50&#xD;
             bpm.&#xD;
&#xD;
          4. Screening ECG with a QTc &gt; 450 msec.&#xD;
&#xD;
          5. Patients using medications that have a relative risk of prolonging the QT interval or&#xD;
             inducing torsade de pointes if treatment cannot be discontinued or switched to a&#xD;
             different medication prior to starting study drug.&#xD;
&#xD;
          6. Right bundle branch block + left anterior hemiblock (bifascicular block).&#xD;
&#xD;
          7. Patients with myocardial infarction or unstable angina ≤ 6 months prior to starting&#xD;
             study drug.&#xD;
&#xD;
          8. Other clinically significant heart disease (e.g., CHF NY Heart Association class III&#xD;
             or IV, uncontrolled hypertension, history of labile hypertension, or history of poor&#xD;
             compliance with an antihypertensive regimen).&#xD;
&#xD;
          9. Patients with leukemia must not be known to be refractory to red blood cell or&#xD;
             platelet transfusions.&#xD;
      </textblock>
    </criteria>
    <gender>All</gender>
    <minimum_age>8 Years</minimum_age>
    <maximum_age>21 Years</maximum_age>
    <healthy_volunteers>No</healthy_volunteers>
  </eligibility>
  <overall_official>
    <last_name>Julio Barredo, MD</last_name>
    <role>Study Chair</role>
    <affiliation>University of Miami</affiliation>
  </overall_official>
  <location>
    <facility>
      <name>Childrens Hospital Los Angeles</name>
      <address>
        <city>Los Angeles</city>
        <state>California</state>
        <zip>90027</zip>
        <country>United States</country>
      </address>
    </facility>
  </location>
  <location>
    <facility>
      <name>UCSF School of Medicine</name>
      <address>
        <city>San Francisco</city>
        <state>California</state>
        <zip>94143-0106</zip>
        <country>United States</country>
      </address>
    </facility>
  </location>
  <location>
    <facility>
      <name>Children's National Medical Center</name>
      <address>
        <city>Washington</city>
        <state>District of Columbia</state>
        <country>United States</country>
      </address>
    </facility>
  </location>
  <location>
    <facility>
      <name>University of Miami Cancer Center</name>
      <address>
        <city>Miami</city>
        <state>Florida</state>
        <zip>33136</zip>
        <country>United States</country>
      </address>
    </facility>
  </location>
  <location>
    <facility>
      <name>Children's Healthcare of Atlanta, Emory University</name>
      <address>
        <city>Atlanta</city>
        <state>Georgia</state>
        <country>United States</country>
      </address>
    </facility>
  </location>
  <location>
    <facility>
      <name>Lurie Children's Hospital</name>
      <address>
        <city>Chicago</city>
        <state>Illinois</state>
        <country>United States</country>
      </address>
    </facility>
  </location>
  <location>
    <facility>
      <name>Dana Farber</name>
      <address>
        <city>Boston</city>
        <state>Massachusetts</state>
        <country>United States</country>
      </address>
    </facility>
  </location>
  <location>
    <facility>
      <name>C.S. Mott Children's Hospital</name>
      <address>
        <city>Ann Arbor</city>
        <state>Michigan</state>
        <zip>48109-0914</zip>
        <country>United States</country>
      </address>
    </facility>
  </location>
  <location>
    <facility>
      <name>Childrens Hospital &amp; Clinics of Minnesota</name>
      <address>
        <city>Minneapolis</city>
        <state>Minnesota</state>
        <zip>55404-4597</zip>
        <country>United States</country>
      </address>
    </facility>
  </location>
  <location>
    <facility>
      <name>New York University Medical Center</name>
      <address>
        <city>New York</city>
        <state>New York</state>
        <zip>10016</zip>
        <country>United States</country>
      </address>
    </facility>
  </location>
  <location>
    <facility>
      <name>Children's Hospital New York-Presbyterian</name>
      <address>
        <city>New York</city>
        <state>New York</state>
        <zip>10032</zip>
        <country>United States</country>
      </address>
    </facility>
  </location>
  <location>
    <facility>
      <name>Levine Children's Hospital at Carolinas Medical Center</name>
      <address>
        <city>Charlotte</city>
        <state>North Carolina</state>
        <zip>28203</zip>
        <country>United States</country>
      </address>
    </facility>
  </location>
  <location>
    <facility>
      <name>Rainbow Babies</name>
      <address>
        <city>Cleveland</city>
        <state>Ohio</state>
        <country>United States</country>
      </address>
    </facility>
  </location>
  <location>
    <facility>
      <name>Nationwide Childrens Hospital</name>
      <address>
        <city>Columbus</city>
        <state>Ohio</state>
        <country>United States</country>
      </address>
    </facility>
  </location>
  <location>
    <facility>
      <name>Oregon Health and Science University</name>
      <address>
        <city>Portland</city>
        <state>Oregon</state>
        <country>United States</country>
      </address>
    </facility>
  </location>
  <location>
    <facility>
      <name>St. Jude</name>
      <address>
        <city>Memphis</city>
        <state>Tennessee</state>
        <zip>38105-3678</zip>
        <country>United States</country>
      </address>
    </facility>
  </location>
  <location>
    <facility>
      <name>Vanderbilt Children's Hospital</name>
      <address>
        <city>Nashville</city>
        <state>Tennessee</state>
        <country>United States</country>
      </address>
    </facility>
  </location>
  <location>
    <facility>
      <name>Primary Children's</name>
      <address>
        <city>Salt Lake City</city>
        <state>Utah</state>
        <country>United States</country>
      </address>
    </facility>
  </location>
  <location>
    <facility>
      <name>Seattle Children's Hospital</name>
      <address>
        <city>Seattle</city>
        <state>Washington</state>
        <zip>98105</zip>
        <country>United States</country>
      </address>
    </facility>
  </location>
  <location>
    <facility>
      <name>Medical College of Wisconsin</name>
      <address>
        <city>Milwaukee</city>
        <state>Wisconsin</state>
        <country>United States</country>
      </address>
    </facility>
  </location>
  <location_countries>
    <country>United States</country>
  </location_countries>
  <link>
    <url>http://tacl.us</url>
    <description>TACL Consortium Web Site</description>
  </link>
  <verification_date>November 2015</verification_date>
  <study_first_submitted>March 21, 2011</study_first_submitted>
  <study_first_submitted_qc>March 22, 2011</study_first_submitted_qc>
  <study_first_posted type="Estimate">March 23, 2011</study_first_posted>
  <last_update_submitted>November 20, 2015</last_update_submitted>
  <last_update_submitted_qc>November 20, 2015</last_update_submitted_qc>
  <last_update_posted type="Estimate">November 24, 2015</last_update_posted>
  <responsible_party>
    <responsible_party_type>Sponsor</responsible_party_type>
  </responsible_party>
  <keyword>Relapse</keyword>
  <keyword>Lymphoblastic</keyword>
  <keyword>Leukemia</keyword>
  <keyword>Panobinostat</keyword>
  <keyword>LBH589</keyword>
  <keyword>Refractory</keyword>
  <keyword>Hodgkin's</keyword>
  <keyword>Non-Hodgkin's Lymphoma</keyword>
  <keyword>Lymphoma</keyword>
  <keyword>Myelogenous</keyword>
  <keyword>Acute</keyword>
  <keyword>Childhood</keyword>
  <keyword>Pediatric</keyword>
  <keyword>ALL</keyword>
  <keyword>AML</keyword>
  <keyword>NHL</keyword>
  <keyword>HD</keyword>
  <condition_browse>
    <!-- CAUTION:  The following MeSH terms are assigned with an imperfect algorithm            -->
    <mesh_term>Lymphoma</mesh_term>
    <mesh_term>Leukemia</mesh_term>
    <mesh_term>Lymphoma, Non-Hodgkin</mesh_term>
    <mesh_term>Precursor Cell Lymphoblastic Leukemia-Lymphoma</mesh_term>
    <mesh_term>Hematologic Neoplasms</mesh_term>
    <mesh_term>Hodgkin Disease</mesh_term>
    <mesh_term>Leukemia, Myeloid, Acute</mesh_term>
    <mesh_term>Acute Disease</mesh_term>
  </condition_browse>
  <intervention_browse>
    <!-- CAUTION:  The following MeSH terms are assigned with an imperfect algorithm            -->
    <mesh_term>Cytarabine</mesh_term>
    <mesh_term>Panobinostat</mesh_term>
  </intervention_browse>
  <!-- Results have not yet been posted for this study                                          -->
</clinical_study>

