<?xml version="1.0" encoding="UTF-8"?>
<clinical_study rank="129">
  <!-- This xml conforms to an XML Schema at:
    https://clinicaltrials.gov/ct2/html/images/info/public.xsd -->
  <required_header>
    <download_date>ClinicalTrials.gov processed this data on May 11, 2021</download_date>
    <link_text>Link to the current ClinicalTrials.gov record.</link_text>
    <url>https://clinicaltrials.gov/show/NCT00003735</url>
  </required_header>
  <id_info>
    <org_study_id>09714</org_study_id>
    <secondary_id>CCG-09714</secondary_id>
    <secondary_id>CDR0000066850</secondary_id>
    <secondary_id>COG-09714</secondary_id>
    <nct_id>NCT00003735</nct_id>
  </id_info>
  <brief_title>Chemotherapy in Treating Children With Relapsed Acute Leukemia, Acute Myeloid Leukemia, or Blastic Phase Chronic Myelogenous Leukemia</brief_title>
  <official_title>A Phase II Study of Oral Topotecan in Children With Relapsed Acute Leukemia</official_title>
  <sponsors>
    <lead_sponsor>
      <agency>Children's Oncology Group</agency>
      <agency_class>Other</agency_class>
    </lead_sponsor>
    <collaborator>
      <agency>National Cancer Institute (NCI)</agency>
      <agency_class>NIH</agency_class>
    </collaborator>
  </sponsors>
  <source>Children's Oncology Group</source>
  <brief_summary>
    <textblock>
      RATIONALE: Drugs used in chemotherapy use different ways to stop cancer cells from dividing&#xD;
      so they stop growing or die.&#xD;
&#xD;
      PURPOSE: Phase II trial to study the effectiveness of topotecan in treating children who have&#xD;
      relapsed acute leukemia, acute myeloid leukemia, or blast phase chronic myelogenous leukemia.&#xD;
    </textblock>
  </brief_summary>
  <detailed_description>
    <textblock>
      OBJECTIVES: I. Determine the response rate of patients with relapsed acute lymphocytic&#xD;
      leukemia, acute myeloid leukemia, or blastic phase chronic myelogenous leukemia treated with&#xD;
      oral topotecan. II. Determine the toxic effects and pharmacokinetics of this regimen in these&#xD;
      patients.&#xD;
&#xD;
      OUTLINE: Patients are stratified by disease type (acute lymphocytic leukemia vs acute myeloid&#xD;
      leukemia). Patients receive oral topotecan once daily on days 1-21. Courses repeat every 28&#xD;
      days in the absence of blasts in the blood, M3 bone marrow, or unacceptable toxicity.&#xD;
      Patients are followed every 6 months until death.&#xD;
&#xD;
      PROJECTED ACCRUAL: A total of 50 patients (25 per stratum) will be accrued for this study&#xD;
      within 2 years.&#xD;
    </textblock>
  </detailed_description>
  <overall_status>Completed</overall_status>
  <start_date>December 1998</start_date>
  <completion_date type="Actual">September 2006</completion_date>
  <primary_completion_date type="Actual">November 2002</primary_completion_date>
  <phase>Phase 2</phase>
  <study_type>Interventional</study_type>
  <has_expanded_access>No</has_expanded_access>
  <study_design_info>
    <allocation>Non-Randomized</allocation>
    <intervention_model>Single Group Assignment</intervention_model>
    <primary_purpose>Treatment</primary_purpose>
    <masking>None (Open Label)</masking>
  </study_design_info>
  <primary_outcome>
    <measure>Disease Progression</measure>
    <time_frame>21 days</time_frame>
    <description>For each stratum, this trial will determine topotecan to have insufficient activity for further investigation with probability 0.10 if the true response rate is 20%. For each stratum, this trial will determine topotecan to be of sufficient activity to warrant further investigation with probability 0.12 if the true response rate is 5%. Any patient who receives at least 21 days of therapy will be considered evaluable for response.</description>
  </primary_outcome>
  <number_of_arms>2</number_of_arms>
  <enrollment type="Actual">11</enrollment>
  <condition>Leukemia</condition>
  <arm_group>
    <arm_group_label>Stratum 1 - Stage 1</arm_group_label>
    <arm_group_type>Experimental</arm_group_type>
    <description>Topotecan hydrochloride (0.8 mg/m²/day) by mouth for 21 days. Bone marrow will be obtained on approximately Day 28 of Course 1 and 2 and in any course where the CBC suggests that a relapse has occurred. One additional course may be given if the blood is cleared of blasts and the bone marrow is M1, M2 or M3. The patient is off protocol therapy if blasts are still present in the blood and the marrow is M3. Subsequent courses of topotecan may be given only if the bone marrow after Course 2 is M1 or M2. If the bone marrow is M2 on Day 28 of any course, another bone marrow aspirate will be done at the end of the next course. If the patient is in CR, a bone marrow aspirate will be required only every other course unless the peripheral blood suggests that a relapse has occurred. Each subsequent course should begin within six weeks of the start of the previous course.</description>
  </arm_group>
  <arm_group>
    <arm_group_label>Stratum 2 - Stage 2</arm_group_label>
    <arm_group_type>Experimental</arm_group_type>
    <description>Topotecan hydrochloride (0.8 mg/m²/day) by mouth for 21 days. Bone marrow will be obtained on approximately Day 28 of Course 1 and 2 and in any course where the CBC suggests that a relapse has occurred. One additional course may be given if the blood is cleared of blasts and the bone marrow is M1, M2 or M3. The patient is off protocol therapy if blasts are still present in the blood and the marrow is M3. Subsequent courses of topotecan may be given only if the bone marrow after Course 2 is M1 or M2. If the bone marrow is M2 on Day 28 of any course, another bone marrow aspirate will be done at the end of the next course. If the patient is in CR, a bone marrow aspirate will be required only every other course unless the peripheral blood suggests that a relapse has occurred. Each subsequent course should begin within six weeks of the start of the previous course.</description>
  </arm_group>
  <intervention>
    <intervention_type>Drug</intervention_type>
    <intervention_name>topotecan hydrochloride</intervention_name>
    <description>given by mouth</description>
    <arm_group_label>Stratum 1 - Stage 1</arm_group_label>
    <arm_group_label>Stratum 2 - Stage 2</arm_group_label>
    <other_name>Hycamptamine</other_name>
    <other_name>SK&amp;B 104864-A</other_name>
    <other_name>9-dimethylaminomethyl-10-hydroxycamptothecin hydrochloride</other_name>
    <other_name>IND #56, 270.</other_name>
  </intervention>
  <eligibility>
    <criteria>
      <textblock>
        DISEASE CHARACTERISTICS: Histologically proven relapsed acute lymphocytic leukemia, acute&#xD;
        myeloid leukemia, or blastic phase chronic myelogenous leukemia Refractory to conventional&#xD;
        therapy and other therapies of higher priority May have concurrent extramedullary relapse&#xD;
        except for testicular relapse or other extramedullary sites that may require concurrent&#xD;
        radiotherapy&#xD;
&#xD;
        PATIENT CHARACTERISTICS: Age: 21 and under Performance status: ECOG 0-2 Life expectancy: At&#xD;
        least 2 months Hematopoietic: Not specified Hepatic: Bilirubin no greater than 2.0 times&#xD;
        normal SGOT or SGPT less than 5 times normal Renal: Creatinine no greater than 1.5 times&#xD;
        normal Other: Able to take oral liquid medication No GI neuropathy No other condition that&#xD;
        may affect absorption of drug No diabetes mellitus Not pregnant or nursing Fertile patients&#xD;
        must use effective contraception&#xD;
&#xD;
        PRIOR CONCURRENT THERAPY: Biologic therapy: Prior bone marrow transplantation (BMT) or&#xD;
        peripheral blood stem cell transplantation (PBSCT) allowed and recovered At least 2 weeks&#xD;
        since prior cytokine therapy and recovered No concurrent immune modulator therapy No&#xD;
        concurrent cytokines including interleukin-11, interleukin-2, and epoetin alfa&#xD;
        Chemotherapy: At least 2 weeks since prior chemotherapy (4 weeks for nitrosoureas) and&#xD;
        recovered No more than 3 prior chemotherapy regimens No other concurrent chemotherapy&#xD;
        Endocrine therapy: No concurrent steroids Radiotherapy: No prior craniospinal radiotherapy&#xD;
        Prior total body irradiation allowed as part of BMT or PBSCT and recovered Concurrent&#xD;
        radiotherapy for localized painful lesions allowed Surgery: Not specified Other: No&#xD;
        concurrent metoclopramide or cisapride to maintain motility or gastric emptying No&#xD;
        concurrent H2 antagonists No concurrent proton pump inhibitors No concurrent antacids for&#xD;
        gastritis, gastroesophageal reflux, or ulcers (gastric or duodenal) No antacid therapy for&#xD;
        6 hours before and for 90 minutes after topotecan administration&#xD;
      </textblock>
    </criteria>
    <gender>All</gender>
    <minimum_age>N/A</minimum_age>
    <maximum_age>21 Years</maximum_age>
    <healthy_volunteers>No</healthy_volunteers>
  </eligibility>
  <overall_official>
    <last_name>John S. Holcenberg, MD</last_name>
    <role>Study Chair</role>
    <affiliation>Seattle Children's Hospital</affiliation>
  </overall_official>
  <location>
    <facility>
      <name>Long Beach Memorial Medical Center</name>
      <address>
        <city>Long Beach</city>
        <state>California</state>
        <zip>90806</zip>
        <country>United States</country>
      </address>
    </facility>
  </location>
  <location>
    <facility>
      <name>Children's Hospital Los Angeles</name>
      <address>
        <city>Los Angeles</city>
        <state>California</state>
        <zip>90027-0700</zip>
        <country>United States</country>
      </address>
    </facility>
  </location>
  <location>
    <facility>
      <name>Jonsson Comprehensive Cancer Center, UCLA</name>
      <address>
        <city>Los Angeles</city>
        <state>California</state>
        <zip>90095-1781</zip>
        <country>United States</country>
      </address>
    </facility>
  </location>
  <location>
    <facility>
      <name>Children's Hospital of Orange County</name>
      <address>
        <city>Orange</city>
        <state>California</state>
        <zip>92868</zip>
        <country>United States</country>
      </address>
    </facility>
  </location>
  <location>
    <facility>
      <name>UCSF Cancer Center and Cancer Research Institute</name>
      <address>
        <city>San Francisco</city>
        <state>California</state>
        <zip>94115-0128</zip>
        <country>United States</country>
      </address>
    </facility>
  </location>
  <location>
    <facility>
      <name>Children's Hospital of Denver</name>
      <address>
        <city>Denver</city>
        <state>Colorado</state>
        <zip>80218</zip>
        <country>United States</country>
      </address>
    </facility>
  </location>
  <location>
    <facility>
      <name>Children's National Medical Center</name>
      <address>
        <city>Washington</city>
        <state>District of Columbia</state>
        <zip>20010-2970</zip>
        <country>United States</country>
      </address>
    </facility>
  </location>
  <location>
    <facility>
      <name>University of Chicago Cancer Research Center</name>
      <address>
        <city>Chicago</city>
        <state>Illinois</state>
        <zip>60637</zip>
        <country>United States</country>
      </address>
    </facility>
  </location>
  <location>
    <facility>
      <name>Indiana University Cancer Center</name>
      <address>
        <city>Indianapolis</city>
        <state>Indiana</state>
        <zip>46202-5265</zip>
        <country>United States</country>
      </address>
    </facility>
  </location>
  <location>
    <facility>
      <name>University of Iowa Hospitals and Clinics</name>
      <address>
        <city>Iowa City</city>
        <state>Iowa</state>
        <zip>52242</zip>
        <country>United States</country>
      </address>
    </facility>
  </location>
  <location>
    <facility>
      <name>University of Michigan Comprehensive Cancer Center</name>
      <address>
        <city>Ann Arbor</city>
        <state>Michigan</state>
        <zip>48109-0752</zip>
        <country>United States</country>
      </address>
    </facility>
  </location>
  <location>
    <facility>
      <name>CCOP - Kalamazoo</name>
      <address>
        <city>Kalamazoo</city>
        <state>Michigan</state>
        <zip>49007-3731</zip>
        <country>United States</country>
      </address>
    </facility>
  </location>
  <location>
    <facility>
      <name>Mayo Clinic Cancer Center</name>
      <address>
        <city>Rochester</city>
        <state>Minnesota</state>
        <zip>55905</zip>
        <country>United States</country>
      </address>
    </facility>
  </location>
  <location>
    <facility>
      <name>Children's Mercy Hospital</name>
      <address>
        <city>Kansas City</city>
        <state>Missouri</state>
        <zip>64108</zip>
        <country>United States</country>
      </address>
    </facility>
  </location>
  <location>
    <facility>
      <name>University of Nebraska Medical Center</name>
      <address>
        <city>Omaha</city>
        <state>Nebraska</state>
        <zip>68198-3330</zip>
        <country>United States</country>
      </address>
    </facility>
  </location>
  <location>
    <facility>
      <name>Cancer Institute of New Jersey</name>
      <address>
        <city>New Brunswick</city>
        <state>New Jersey</state>
        <zip>08901</zip>
        <country>United States</country>
      </address>
    </facility>
  </location>
  <location>
    <facility>
      <name>St. Joseph's Hospital and Medical Center</name>
      <address>
        <city>Paterson</city>
        <state>New Jersey</state>
        <zip>07503</zip>
        <country>United States</country>
      </address>
    </facility>
  </location>
  <location>
    <facility>
      <name>NYU School of Medicine's Kaplan Comprehensive Cancer Center</name>
      <address>
        <city>New York</city>
        <state>New York</state>
        <zip>10016</zip>
        <country>United States</country>
      </address>
    </facility>
  </location>
  <location>
    <facility>
      <name>Memorial Sloan-Kettering Cancer Center</name>
      <address>
        <city>New York</city>
        <state>New York</state>
        <zip>10021</zip>
        <country>United States</country>
      </address>
    </facility>
  </location>
  <location>
    <facility>
      <name>Herbert Irving Comprehensive Cancer Center</name>
      <address>
        <city>New York</city>
        <state>New York</state>
        <zip>10032</zip>
        <country>United States</country>
      </address>
    </facility>
  </location>
  <location>
    <facility>
      <name>Lineberger Comprehensive Cancer Center, UNC</name>
      <address>
        <city>Chapel Hill</city>
        <state>North Carolina</state>
        <zip>27599-7295</zip>
        <country>United States</country>
      </address>
    </facility>
  </location>
  <location>
    <facility>
      <name>Veterans Affairs Medical Center - Fargo</name>
      <address>
        <city>Fargo</city>
        <state>North Dakota</state>
        <zip>58102</zip>
        <country>United States</country>
      </address>
    </facility>
  </location>
  <location>
    <facility>
      <name>CCOP - Merit Care Hospital</name>
      <address>
        <city>Fargo</city>
        <state>North Dakota</state>
        <zip>58122</zip>
        <country>United States</country>
      </address>
    </facility>
  </location>
  <location>
    <facility>
      <name>Children's Hospital Medical Center - Cincinnati</name>
      <address>
        <city>Cincinnati</city>
        <state>Ohio</state>
        <zip>45229-3039</zip>
        <country>United States</country>
      </address>
    </facility>
  </location>
  <location>
    <facility>
      <name>Ireland Cancer Center</name>
      <address>
        <city>Cleveland</city>
        <state>Ohio</state>
        <zip>44106-5065</zip>
        <country>United States</country>
      </address>
    </facility>
  </location>
  <location>
    <facility>
      <name>Children's Hospital of Columbus</name>
      <address>
        <city>Columbus</city>
        <state>Ohio</state>
        <zip>43205-2696</zip>
        <country>United States</country>
      </address>
    </facility>
  </location>
  <location>
    <facility>
      <name>Doernbecher Children's Hospital</name>
      <address>
        <city>Portland</city>
        <state>Oregon</state>
        <zip>97201-3098</zip>
        <country>United States</country>
      </address>
    </facility>
  </location>
  <location>
    <facility>
      <name>Children's Hospital of Philadelphia</name>
      <address>
        <city>Philadelphia</city>
        <state>Pennsylvania</state>
        <zip>19104</zip>
        <country>United States</country>
      </address>
    </facility>
  </location>
  <location>
    <facility>
      <name>Children's Hospital of Pittsburgh</name>
      <address>
        <city>Pittsburgh</city>
        <state>Pennsylvania</state>
        <zip>15213</zip>
        <country>United States</country>
      </address>
    </facility>
  </location>
  <location>
    <facility>
      <name>Vanderbilt Cancer Center</name>
      <address>
        <city>Nashville</city>
        <state>Tennessee</state>
        <zip>37232-6838</zip>
        <country>United States</country>
      </address>
    </facility>
  </location>
  <location>
    <facility>
      <name>University of Texas - MD Anderson Cancer Center</name>
      <address>
        <city>Houston</city>
        <state>Texas</state>
        <zip>77030-4009</zip>
        <country>United States</country>
      </address>
    </facility>
  </location>
  <location>
    <facility>
      <name>Huntsman Cancer Institute</name>
      <address>
        <city>Salt Lake City</city>
        <state>Utah</state>
        <zip>84132</zip>
        <country>United States</country>
      </address>
    </facility>
  </location>
  <location>
    <facility>
      <name>Children's Hospital and Regional Medical Center - Seattle</name>
      <address>
        <city>Seattle</city>
        <state>Washington</state>
        <zip>98105</zip>
        <country>United States</country>
      </address>
    </facility>
  </location>
  <location>
    <facility>
      <name>Fred Hutchinson Cancer Research Center</name>
      <address>
        <city>Seattle</city>
        <state>Washington</state>
        <zip>98109</zip>
        <country>United States</country>
      </address>
    </facility>
  </location>
  <location>
    <facility>
      <name>University of Wisconsin Comprehensive Cancer Center</name>
      <address>
        <city>Madison</city>
        <state>Wisconsin</state>
        <zip>53792</zip>
        <country>United States</country>
      </address>
    </facility>
  </location>
  <location>
    <facility>
      <name>Princess Margaret Hospital for Children</name>
      <address>
        <city>Perth</city>
        <state>Western Australia</state>
        <zip>6001</zip>
        <country>Australia</country>
      </address>
    </facility>
  </location>
  <location>
    <facility>
      <name>British Columbia Children's Hospital</name>
      <address>
        <city>Vancouver</city>
        <state>British Columbia</state>
        <zip>V6H 3V4</zip>
        <country>Canada</country>
      </address>
    </facility>
  </location>
  <location>
    <facility>
      <name>IWK Grace Health Centre</name>
      <address>
        <city>Halifax</city>
        <state>Nova Scotia</state>
        <zip>B3J 3G9</zip>
        <country>Canada</country>
      </address>
    </facility>
  </location>
  <location_countries>
    <country>Australia</country>
    <country>Canada</country>
    <country>United States</country>
  </location_countries>
  <verification_date>July 2014</verification_date>
  <study_first_submitted>November 1, 1999</study_first_submitted>
  <study_first_submitted_qc>April 22, 2004</study_first_submitted_qc>
  <study_first_posted type="Estimate">April 23, 2004</study_first_posted>
  <last_update_submitted>July 23, 2014</last_update_submitted>
  <last_update_submitted_qc>July 23, 2014</last_update_submitted_qc>
  <last_update_posted type="Estimate">July 24, 2014</last_update_posted>
  <responsible_party>
    <responsible_party_type>Sponsor</responsible_party_type>
  </responsible_party>
  <keyword>recurrent childhood acute lymphoblastic leukemia</keyword>
  <keyword>recurrent childhood acute myeloid leukemia</keyword>
  <keyword>blastic phase chronic myelogenous leukemia</keyword>
  <condition_browse>
    <!-- CAUTION:  The following MeSH terms are assigned with an imperfect algorithm            -->
    <mesh_term>Leukemia</mesh_term>
    <mesh_term>Blast Crisis</mesh_term>
  </condition_browse>
  <intervention_browse>
    <!-- CAUTION:  The following MeSH terms are assigned with an imperfect algorithm            -->
    <mesh_term>Topotecan</mesh_term>
    <mesh_term>10-hydroxycamptothecin</mesh_term>
  </intervention_browse>
  <!-- Results have not yet been posted for this study                                          -->
</clinical_study>

