<?xml version="1.0" encoding="UTF-8"?>
<clinical_study rank="126">
  <!-- This xml conforms to an XML Schema at:
    https://clinicaltrials.gov/ct2/html/images/info/public.xsd -->
  <required_header>
    <download_date>ClinicalTrials.gov processed this data on May 11, 2021</download_date>
    <link_text>Link to the current ClinicalTrials.gov record.</link_text>
    <url>https://clinicaltrials.gov/show/NCT00003783</url>
  </required_header>
  <id_info>
    <org_study_id>9806</org_study_id>
    <secondary_id>POG-9806</secondary_id>
    <secondary_id>CDR0000066915</secondary_id>
    <nct_id>NCT00003783</nct_id>
  </id_info>
  <brief_title>Combination Chemotherapy in Treating Children With Very High Risk Acute Lymphocytic Leukemia</brief_title>
  <official_title>ALinC 17: Continuous Intensification for Very High Risk Acute Lymphocytic Leukemia (A.L.L.): A Pediatric Oncology Group Pilot Study</official_title>
  <sponsors>
    <lead_sponsor>
      <agency>Children's Oncology Group</agency>
      <agency_class>Other</agency_class>
    </lead_sponsor>
    <collaborator>
      <agency>National Cancer Institute (NCI)</agency>
      <agency_class>NIH</agency_class>
    </collaborator>
  </sponsors>
  <source>Children's Oncology Group</source>
  <oversight_info>
    <has_dmc>Yes</has_dmc>
  </oversight_info>
  <brief_summary>
    <textblock>
      RATIONALE: Drugs used in chemotherapy use different ways to stop cancer cells from dividing&#xD;
      so they stop growing or die. Combining more than one drug and combining drugs in different&#xD;
      ways may kill more cancer cells.&#xD;
&#xD;
      PURPOSE: Phase II trial to study the effectiveness of chemotherapy in treating children who&#xD;
      have very high risk acute lymphocytic leukemia.&#xD;
    </textblock>
  </brief_summary>
  <detailed_description>
    <textblock>
      OBJECTIVES: I. Determine the feasibility of administering a new combination of agents during&#xD;
      postinduction consolidation therapy in children with very high risk acute lymphocytic&#xD;
      leukemia (VHR-ALL). II. Assess the tolerance of patients in remission of VHR-ALL for&#xD;
      postconsolidation therapy with continuous intensification.&#xD;
&#xD;
      OUTLINE: Patients receive induction therapy on weeks 1-4. This consists of oral prednisone&#xD;
      three times a day on days 1-28; vincristine IV on days 1, 8, 15, and 22; daunorubicin IV on&#xD;
      days 8, 15, and 22; and asparaginase IM on days 2, 5, 8, 12, 15, and 19. Patients also&#xD;
      receive methotrexate intrathecally (IT) on days 1 and 8. Patients with CNS 2 and 3 disease&#xD;
      also receive methotrexate IT on days 15 and 22. Patients who achieve M2 bone marrow on day 29&#xD;
      receive oral prednisone three times a day on days 29-42; vincristine IV and daunorubicin IV&#xD;
      over 15 minutes on days 29 and 36; and asparaginase IM on days 29, 32, 36, and 39. If bone&#xD;
      marrow is M3 on day 29 or M2 or M3 on day 43, then patient is off study. Patients proceed to&#xD;
      consolidation therapy on weeks 5-25. This consists of high dose methotrexate IV over 24 hours&#xD;
      on weeks 6, 8, 16, and 18, followed by leucovorin calcium IV or orally every 6 hours for 5&#xD;
      doses; oral mercaptopurine on weeks 6-9 and 16-19; cytarabine IV over 6 hours followed by&#xD;
      idarubicin IV over 15 minutes for 4 days; and filgrastim (G-CSF) subcutaneously (SQ)&#xD;
      beginning on day 5 and continuing for about 10-14 days on weeks 10 and 20. Patients receive&#xD;
      etoposide IV over 1 hour followed by cyclophosphamide IV over 10 minutes for 5 days and G-CSF&#xD;
      SQ beginning on day 6 for 10-14 days on weeks 13 and 23. Methotrexate IT is administered on&#xD;
      weeks 6, 8, 13, 16, 18, and 23. Patients then proceed to continuous intensification therapy&#xD;
      during weeks 26-61. Patients receive vincristine IV, daunorubicin IV, and methotrexate IT on&#xD;
      day 1, and oral dexamethasone twice a day on days 1-7 on weeks 26, 32, 38, 44, 50, and 56.&#xD;
      Patients also receive high dose cytarabine IV over 1 hour, every 12 hours, for 4 doses,&#xD;
      followed by asparaginase IM 3 hours after the last dose of cytarabine, on weeks 27, 33, 39,&#xD;
      45, 51, and 57. Oral mercaptopurine and methotrexate IM are administered on day 1 during&#xD;
      weeks 29, 31, 35, 37, 41, 43, 47, 49, 53, 55, 59, and 61. Patients receive etoposide IV over&#xD;
      1-2 hours followed by cyclophosphamide IV during weeks 30, 36, 42, 48, 54, and 60. Patients&#xD;
      then proceed to continuation therapy during weeks 62-126. Vincristine IV and cyclophosphamide&#xD;
      IV are administered on weeks 62-65, 70-73, 78-81, 86-89, 94-97, 102-105, 110-113, and&#xD;
      118-121. Patients also receive oral dexamethasone twice a day for 7 days on weeks 62, 70, 78,&#xD;
      86, 94, 102, 110, and 118, and cytarabine IV on weeks 63, 65, 71, 73, 79, 81, 87, 89, 95, 97,&#xD;
      103, 105, 111, 113, 119, and 121. Oral mercaptopurine is administered daily during weeks&#xD;
      66-69, 74-77, 82-85, 90-93, 98-101, 106-109, 114-117, and 122-125 and methotrexate IM on&#xD;
      weeks 66-69, 74-77, 82-85, 90-93, 98-101, 106-109, 114-117, and 122-125. Methotrexate IT is&#xD;
      administered during weeks 62, 70, 78, 86, 94, 102, 110, and 118. Patients who are CNS 3 at&#xD;
      diagnosis receive whole brain irradiation beginning at week 62 along with the first course of&#xD;
      continuation therapy. These patients do not receive any methotrexate IT after week 62.&#xD;
      Patients are followed monthly for 1 year, every 2 months for 1 year, every 3 months for 1&#xD;
      year, every 6 months for 1 year, then annually thereafter.&#xD;
&#xD;
      PROJECTED ACCRUAL: A total of 38 patients will be accrued for this study within 12 months.&#xD;
    </textblock>
  </detailed_description>
  <overall_status>Completed</overall_status>
  <start_date>March 1999</start_date>
  <completion_date type="Actual">March 2007</completion_date>
  <primary_completion_date type="Actual">November 2002</primary_completion_date>
  <phase>Phase 2</phase>
  <study_type>Interventional</study_type>
  <has_expanded_access>No</has_expanded_access>
  <study_design_info>
    <allocation>Non-Randomized</allocation>
    <intervention_model>Single Group Assignment</intervention_model>
    <primary_purpose>Treatment</primary_purpose>
    <masking>None (Open Label)</masking>
  </study_design_info>
  <primary_outcome>
    <measure>Assess the feasibility of delivering a new combination of agents during a 20 week post-induction consolidation phase</measure>
    <time_frame>20 weeks</time_frame>
  </primary_outcome>
  <number_of_arms>2</number_of_arms>
  <enrollment type="Actual">36</enrollment>
  <condition>Leukemia</condition>
  <arm_group>
    <arm_group_label>Complete Response and no CNS 3</arm_group_label>
    <arm_group_type>Experimental</arm_group_type>
    <description>See detailed description.</description>
  </arm_group>
  <arm_group>
    <arm_group_label>Complete Response and CNS 3</arm_group_label>
    <arm_group_type>Experimental</arm_group_type>
    <description>See detailed description.</description>
  </arm_group>
  <intervention>
    <intervention_type>Biological</intervention_type>
    <intervention_name>filgrastim</intervention_name>
    <arm_group_label>Complete Response and CNS 3</arm_group_label>
    <arm_group_label>Complete Response and no CNS 3</arm_group_label>
    <other_name>G-CSF</other_name>
  </intervention>
  <intervention>
    <intervention_type>Drug</intervention_type>
    <intervention_name>asparaginase</intervention_name>
    <arm_group_label>Complete Response and CNS 3</arm_group_label>
    <arm_group_label>Complete Response and no CNS 3</arm_group_label>
    <other_name>E. coli</other_name>
    <other_name>Elspar</other_name>
    <other_name>NSC #109229</other_name>
  </intervention>
  <intervention>
    <intervention_type>Drug</intervention_type>
    <intervention_name>cyclophosphamide</intervention_name>
    <arm_group_label>Complete Response and CNS 3</arm_group_label>
    <arm_group_label>Complete Response and no CNS 3</arm_group_label>
    <other_name>CTX</other_name>
    <other_name>Cytoxan</other_name>
    <other_name>NSC #026271</other_name>
  </intervention>
  <intervention>
    <intervention_type>Drug</intervention_type>
    <intervention_name>cytarabine</intervention_name>
    <arm_group_label>Complete Response and CNS 3</arm_group_label>
    <arm_group_label>Complete Response and no CNS 3</arm_group_label>
    <other_name>cytosine arabinoside</other_name>
    <other_name>Ara-C</other_name>
    <other_name>Cytosar</other_name>
    <other_name>NSC #063878</other_name>
  </intervention>
  <intervention>
    <intervention_type>Drug</intervention_type>
    <intervention_name>daunorubicin hydrochloride</intervention_name>
    <arm_group_label>Complete Response and CNS 3</arm_group_label>
    <arm_group_label>Complete Response and no CNS 3</arm_group_label>
    <other_name>daunomycin</other_name>
    <other_name>DNR</other_name>
    <other_name>Cerubidine</other_name>
    <other_name>NSC #82151</other_name>
  </intervention>
  <intervention>
    <intervention_type>Drug</intervention_type>
    <intervention_name>dexamethasone</intervention_name>
    <arm_group_label>Complete Response and CNS 3</arm_group_label>
    <arm_group_label>Complete Response and no CNS 3</arm_group_label>
    <other_name>Decadron</other_name>
    <other_name>NSC #034521</other_name>
  </intervention>
  <intervention>
    <intervention_type>Drug</intervention_type>
    <intervention_name>etoposide</intervention_name>
    <arm_group_label>Complete Response and CNS 3</arm_group_label>
    <arm_group_label>Complete Response and no CNS 3</arm_group_label>
    <other_name>VP-16</other_name>
    <other_name>VePesid</other_name>
    <other_name>NSC #141540</other_name>
  </intervention>
  <intervention>
    <intervention_type>Drug</intervention_type>
    <intervention_name>idarubicin</intervention_name>
    <arm_group_label>Complete Response and CNS 3</arm_group_label>
    <arm_group_label>Complete Response and no CNS 3</arm_group_label>
    <other_name>4-demethoxydaunorubicin</other_name>
    <other_name>Idamycin</other_name>
    <other_name>NSC #256439</other_name>
  </intervention>
  <intervention>
    <intervention_type>Drug</intervention_type>
    <intervention_name>leucovorin calcium</intervention_name>
    <arm_group_label>Complete Response and CNS 3</arm_group_label>
    <arm_group_label>Complete Response and no CNS 3</arm_group_label>
    <other_name>LCV</other_name>
    <other_name>Wellcovorin</other_name>
    <other_name>citrovorum factor</other_name>
    <other_name>folinic acid</other_name>
    <other_name>NSC #003590</other_name>
  </intervention>
  <intervention>
    <intervention_type>Drug</intervention_type>
    <intervention_name>mercaptopurine</intervention_name>
    <arm_group_label>Complete Response and CNS 3</arm_group_label>
    <arm_group_label>Complete Response and no CNS 3</arm_group_label>
    <other_name>6-MP</other_name>
    <other_name>Purinethol</other_name>
    <other_name>NSC #000755</other_name>
  </intervention>
  <intervention>
    <intervention_type>Drug</intervention_type>
    <intervention_name>methotrexate</intervention_name>
    <arm_group_label>Complete Response and CNS 3</arm_group_label>
    <arm_group_label>Complete Response and no CNS 3</arm_group_label>
    <other_name>MTX</other_name>
    <other_name>amethopterin</other_name>
    <other_name>NSC #000740</other_name>
    <other_name>IND #4291</other_name>
  </intervention>
  <intervention>
    <intervention_type>Drug</intervention_type>
    <intervention_name>prednisone</intervention_name>
    <arm_group_label>Complete Response and CNS 3</arm_group_label>
    <arm_group_label>Complete Response and no CNS 3</arm_group_label>
    <other_name>Deltasone</other_name>
    <other_name>Meticorten</other_name>
    <other_name>Liquid Pred</other_name>
    <other_name>NSC #010023</other_name>
  </intervention>
  <intervention>
    <intervention_type>Drug</intervention_type>
    <intervention_name>vincristine sulfate</intervention_name>
    <arm_group_label>Complete Response and CNS 3</arm_group_label>
    <arm_group_label>Complete Response and no CNS 3</arm_group_label>
    <other_name>VCR</other_name>
    <other_name>Oncovin</other_name>
    <other_name>NSC #067574</other_name>
  </intervention>
  <intervention>
    <intervention_type>Radiation</intervention_type>
    <intervention_name>radiation therapy</intervention_name>
    <arm_group_label>Complete Response and CNS 3</arm_group_label>
    <arm_group_label>Complete Response and no CNS 3</arm_group_label>
  </intervention>
  <eligibility>
    <criteria>
      <textblock>
        DISEASE CHARACTERISTICS: Newly diagnosed B-cell precursor acute lymphocytic leukemia No L3&#xD;
        morphology Very poor prognosis CNS 3 (blasts and WBC greater than 5 microliters) OR Must&#xD;
        meet all of the following criteria: No simultaneous trisomy 4 and 10 DNA index no greater&#xD;
        than 1.16 (if FISH 4 and 10 unsatisfactory) No TEL-AML1 [t(12;21)] Meets at least 1 of the&#xD;
        following: Has MLL (11q23) and/or BCR-ABL [t(9;22)] WBC greater than 100,000/mm3 Age over&#xD;
        12 (boys) or 16 (girls) OR Boys Girls WBC 8 12 greater than 80,000/mm3 9 13 greater than&#xD;
        60,000/mm3 10 14 greater than 40,000/mm3 11 15 greater than 20,000/mm3 Concurrent&#xD;
        registration on stratum 6 of POG-9400 before 11/15/1999 OR Concurrent registration on&#xD;
        stratum 4 of POG-9900 after 11/15/1999 Concurrent registration on POG-9201, POG-9705, or&#xD;
        POG-9806 unless ineligible&#xD;
&#xD;
        PATIENT CHARACTERISTICS: Age: Children Performance status: Not specified Life expectancy:&#xD;
        Not specified Hematopoietic: See Disease Characteristics Hepatic: Not specified Renal: Not&#xD;
        specified&#xD;
&#xD;
        PRIOR CONCURRENT THERAPY: See Disease Characteristics&#xD;
      </textblock>
    </criteria>
    <gender>All</gender>
    <minimum_age>N/A</minimum_age>
    <maximum_age>17 Years</maximum_age>
    <healthy_volunteers>No</healthy_volunteers>
  </eligibility>
  <overall_official>
    <last_name>William P. Bowman, MD</last_name>
    <role>Study Chair</role>
    <affiliation>Cook Children's Medical Center - Fort Worth</affiliation>
  </overall_official>
  <location>
    <facility>
      <name>Arizona Cancer Center</name>
      <address>
        <city>Tucson</city>
        <state>Arizona</state>
        <zip>85724</zip>
        <country>United States</country>
      </address>
    </facility>
  </location>
  <location>
    <facility>
      <name>Lucile Packard Children's Hospital at Stanford</name>
      <address>
        <city>Palo Alto</city>
        <state>California</state>
        <zip>94304</zip>
        <country>United States</country>
      </address>
    </facility>
  </location>
  <location>
    <facility>
      <name>Sutter Cancer Center</name>
      <address>
        <city>Sacramento</city>
        <state>California</state>
        <zip>95816</zip>
        <country>United States</country>
      </address>
    </facility>
  </location>
  <location>
    <facility>
      <name>Kaiser Permanente-Southern California Permanente Medical Group</name>
      <address>
        <city>San Diego</city>
        <state>California</state>
        <zip>92120</zip>
        <country>United States</country>
      </address>
    </facility>
  </location>
  <location>
    <facility>
      <name>Naval Medical Center - San Diego</name>
      <address>
        <city>San Diego</city>
        <state>California</state>
        <zip>92134-3202</zip>
        <country>United States</country>
      </address>
    </facility>
  </location>
  <location>
    <facility>
      <name>Kaiser Permanente Medical Center - Santa Clara</name>
      <address>
        <city>Santa Clara</city>
        <state>California</state>
        <zip>95051-5386</zip>
        <country>United States</country>
      </address>
    </facility>
  </location>
  <location>
    <facility>
      <name>Nemours Children's Clinic</name>
      <address>
        <city>Jacksonville</city>
        <state>Florida</state>
        <zip>32207</zip>
        <country>United States</country>
      </address>
    </facility>
  </location>
  <location>
    <facility>
      <name>Mount Sinai Comprehensive Cancer Center</name>
      <address>
        <city>Miami Beach</city>
        <state>Florida</state>
        <zip>33140</zip>
        <country>United States</country>
      </address>
    </facility>
  </location>
  <location>
    <facility>
      <name>Sylvester Cancer Center, University of Miami</name>
      <address>
        <city>Miami</city>
        <state>Florida</state>
        <zip>33136</zip>
        <country>United States</country>
      </address>
    </facility>
  </location>
  <location>
    <facility>
      <name>Baptist Hospital of Miami</name>
      <address>
        <city>Miami</city>
        <state>Florida</state>
        <zip>33176-2197</zip>
        <country>United States</country>
      </address>
    </facility>
  </location>
  <location>
    <facility>
      <name>Walt Disney Memorial Cancer Institute</name>
      <address>
        <city>Orlando</city>
        <state>Florida</state>
        <zip>32803</zip>
        <country>United States</country>
      </address>
    </facility>
  </location>
  <location>
    <facility>
      <name>St. Mary's Hospital</name>
      <address>
        <city>West Palm Beach</city>
        <state>Florida</state>
        <zip>33407</zip>
        <country>United States</country>
      </address>
    </facility>
  </location>
  <location>
    <facility>
      <name>Emory University Hospital - Atlanta</name>
      <address>
        <city>Atlanta</city>
        <state>Georgia</state>
        <zip>30322</zip>
        <country>United States</country>
      </address>
    </facility>
  </location>
  <location>
    <facility>
      <name>Tripler Army Medical Center</name>
      <address>
        <city>Honolulu</city>
        <state>Hawaii</state>
        <zip>96859-5000</zip>
        <country>United States</country>
      </address>
    </facility>
  </location>
  <location>
    <facility>
      <name>Rush-Presbyterian-St. Luke's Medical Center</name>
      <address>
        <city>Chicago</city>
        <state>Illinois</state>
        <zip>60612</zip>
        <country>United States</country>
      </address>
    </facility>
  </location>
  <location>
    <facility>
      <name>Children's Memorial Hospital, Chicago</name>
      <address>
        <city>Chicago</city>
        <state>Illinois</state>
        <zip>60614</zip>
        <country>United States</country>
      </address>
    </facility>
  </location>
  <location>
    <facility>
      <name>Hope Children's Hospital</name>
      <address>
        <city>Oak Lawn</city>
        <state>Illinois</state>
        <zip>60453</zip>
        <country>United States</country>
      </address>
    </facility>
  </location>
  <location>
    <facility>
      <name>Saint Jude Midwest Affiliate</name>
      <address>
        <city>Peoria</city>
        <state>Illinois</state>
        <zip>61602</zip>
        <country>United States</country>
      </address>
    </facility>
  </location>
  <location>
    <facility>
      <name>Via Christi Regional Medical Center</name>
      <address>
        <city>Wichita</city>
        <state>Kansas</state>
        <zip>67214</zip>
        <country>United States</country>
      </address>
    </facility>
  </location>
  <location>
    <facility>
      <name>Tulane University School of Medicine</name>
      <address>
        <city>New Orleans</city>
        <state>Louisiana</state>
        <zip>70112</zip>
        <country>United States</country>
      </address>
    </facility>
  </location>
  <location>
    <facility>
      <name>Eastern Maine Medical Center</name>
      <address>
        <city>Bangor</city>
        <state>Maine</state>
        <zip>04401</zip>
        <country>United States</country>
      </address>
    </facility>
  </location>
  <location>
    <facility>
      <name>Maine Children's Cancer Program</name>
      <address>
        <city>Portland</city>
        <state>Maine</state>
        <zip>04101</zip>
        <country>United States</country>
      </address>
    </facility>
  </location>
  <location>
    <facility>
      <name>Massachusetts General Hospital Cancer Center</name>
      <address>
        <city>Boston</city>
        <state>Massachusetts</state>
        <zip>02114</zip>
        <country>United States</country>
      </address>
    </facility>
  </location>
  <location>
    <facility>
      <name>St. John's Hospital and Medical Center</name>
      <address>
        <city>Detroit</city>
        <state>Michigan</state>
        <zip>48236</zip>
        <country>United States</country>
      </address>
    </facility>
  </location>
  <location>
    <facility>
      <name>Hurley Medical Center</name>
      <address>
        <city>Flint</city>
        <state>Michigan</state>
        <zip>48503</zip>
        <country>United States</country>
      </address>
    </facility>
  </location>
  <location>
    <facility>
      <name>University of Mississippi Medical Center</name>
      <address>
        <city>Jackson</city>
        <state>Mississippi</state>
        <zip>39216-4505</zip>
        <country>United States</country>
      </address>
    </facility>
  </location>
  <location>
    <facility>
      <name>Keesler Medical Center - Keesler AFB</name>
      <address>
        <city>Keesler AFB</city>
        <state>Mississippi</state>
        <zip>39534-2576</zip>
        <country>United States</country>
      </address>
    </facility>
  </location>
  <location>
    <facility>
      <name>University of Missouri-Columbia Hospital and Clinics</name>
      <address>
        <city>Columbia</city>
        <state>Missouri</state>
        <zip>65212</zip>
        <country>United States</country>
      </address>
    </facility>
  </location>
  <location>
    <facility>
      <name>Washington University School of Medicine</name>
      <address>
        <city>Saint Louis</city>
        <state>Missouri</state>
        <zip>63110</zip>
        <country>United States</country>
      </address>
    </facility>
  </location>
  <location>
    <facility>
      <name>Norris Cotton Cancer Center</name>
      <address>
        <city>Lebanon</city>
        <state>New Hampshire</state>
        <zip>03756</zip>
        <country>United States</country>
      </address>
    </facility>
  </location>
  <location>
    <facility>
      <name>University of New Mexico School of Medicine</name>
      <address>
        <city>Albuquerque</city>
        <state>New Mexico</state>
        <zip>87131</zip>
        <country>United States</country>
      </address>
    </facility>
  </location>
  <location>
    <facility>
      <name>State University of New York Health Sciences Center - Stony Brook</name>
      <address>
        <city>Stony Brook</city>
        <state>New York</state>
        <zip>11790-7775</zip>
        <country>United States</country>
      </address>
    </facility>
  </location>
  <location>
    <facility>
      <name>Duke Comprehensive Cancer Center</name>
      <address>
        <city>Durham</city>
        <state>North Carolina</state>
        <zip>27710</zip>
        <country>United States</country>
      </address>
    </facility>
  </location>
  <location>
    <facility>
      <name>Oklahoma Memorial Hospital</name>
      <address>
        <city>Oklahoma City</city>
        <state>Oklahoma</state>
        <zip>73126-0307</zip>
        <country>United States</country>
      </address>
    </facility>
  </location>
  <location>
    <facility>
      <name>Natalie Warren Bryant Cancer Center</name>
      <address>
        <city>Tulsa</city>
        <state>Oklahoma</state>
        <zip>74136</zip>
        <country>United States</country>
      </address>
    </facility>
  </location>
  <location>
    <facility>
      <name>James H. Quillen College of Medicine</name>
      <address>
        <city>Johnson City</city>
        <state>Tennessee</state>
        <zip>37614-0622</zip>
        <country>United States</country>
      </address>
    </facility>
  </location>
  <location>
    <facility>
      <name>Medical City Dallas Hospital</name>
      <address>
        <city>Dallas</city>
        <state>Texas</state>
        <zip>75230</zip>
        <country>United States</country>
      </address>
    </facility>
  </location>
  <location>
    <facility>
      <name>Simmons Cancer Center - Dallas</name>
      <address>
        <city>Dallas</city>
        <state>Texas</state>
        <zip>75235-9154</zip>
        <country>United States</country>
      </address>
    </facility>
  </location>
  <location>
    <facility>
      <name>Cook Children's Medical Center - Fort Worth</name>
      <address>
        <city>Fort Worth</city>
        <state>Texas</state>
        <zip>76104</zip>
        <country>United States</country>
      </address>
    </facility>
  </location>
  <location>
    <facility>
      <name>University of Texas Medical Branch</name>
      <address>
        <city>Galveston</city>
        <state>Texas</state>
        <zip>77555-0209</zip>
        <country>United States</country>
      </address>
    </facility>
  </location>
  <location>
    <facility>
      <name>Baylor College of Medicine</name>
      <address>
        <city>Houston</city>
        <state>Texas</state>
        <zip>77030</zip>
        <country>United States</country>
      </address>
    </facility>
  </location>
  <location>
    <facility>
      <name>San Antonio Military Pediatric Cancer and Blood Disorders Center</name>
      <address>
        <city>Lackland Air Force Base</city>
        <state>Texas</state>
        <zip>78236-5300</zip>
        <country>United States</country>
      </address>
    </facility>
  </location>
  <location>
    <facility>
      <name>Scott and White Clinic</name>
      <address>
        <city>Temple</city>
        <state>Texas</state>
        <zip>76508</zip>
        <country>United States</country>
      </address>
    </facility>
  </location>
  <location>
    <facility>
      <name>Vermont Cancer Center</name>
      <address>
        <city>Burlington</city>
        <state>Vermont</state>
        <zip>05401-3498</zip>
        <country>United States</country>
      </address>
    </facility>
  </location>
  <location>
    <facility>
      <name>Inova Fairfax Hospital</name>
      <address>
        <city>Falls Church</city>
        <state>Virginia</state>
        <zip>22046</zip>
        <country>United States</country>
      </address>
    </facility>
  </location>
  <location>
    <facility>
      <name>Carilion Roanoke Community Hospital</name>
      <address>
        <city>Roanoke</city>
        <state>Virginia</state>
        <zip>24029</zip>
        <country>United States</country>
      </address>
    </facility>
  </location>
  <location>
    <facility>
      <name>Madigan Army Medical Center</name>
      <address>
        <city>Tacoma</city>
        <state>Washington</state>
        <zip>98431-5000</zip>
        <country>United States</country>
      </address>
    </facility>
  </location>
  <location>
    <facility>
      <name>West Virginia University Medical School, Charleston Division</name>
      <address>
        <city>Charleston</city>
        <state>West Virginia</state>
        <zip>25304</zip>
        <country>United States</country>
      </address>
    </facility>
  </location>
  <location>
    <facility>
      <name>West Virginia University Hospitals</name>
      <address>
        <city>Morgantown</city>
        <state>West Virginia</state>
        <zip>26506-9162</zip>
        <country>United States</country>
      </address>
    </facility>
  </location>
  <location>
    <facility>
      <name>St. Vincent Hospital</name>
      <address>
        <city>Green Bay</city>
        <state>Wisconsin</state>
        <zip>54307-3508</zip>
        <country>United States</country>
      </address>
    </facility>
  </location>
  <location>
    <facility>
      <name>Midwest Children's Cancer Center</name>
      <address>
        <city>Milwaukee</city>
        <state>Wisconsin</state>
        <zip>53226</zip>
        <country>United States</country>
      </address>
    </facility>
  </location>
  <location>
    <facility>
      <name>Alberta Children's Hospital</name>
      <address>
        <city>Calgary</city>
        <state>Alberta</state>
        <zip>T2T 5C7</zip>
        <country>Canada</country>
      </address>
    </facility>
  </location>
  <location>
    <facility>
      <name>Children's Hospital of Eastern Ontario</name>
      <address>
        <city>Ottawa</city>
        <state>Ontario</state>
        <zip>K1H 8L1</zip>
        <country>Canada</country>
      </address>
    </facility>
  </location>
  <location>
    <facility>
      <name>Montreal Children's Hospital</name>
      <address>
        <city>Montreal</city>
        <state>Quebec</state>
        <zip>H3H 1P3</zip>
        <country>Canada</country>
      </address>
    </facility>
  </location>
  <location>
    <facility>
      <name>Centre Hospitalier de L'Universite Laval</name>
      <address>
        <city>Sainte Foy</city>
        <state>Quebec</state>
        <zip>GIV 4G2</zip>
        <country>Canada</country>
      </address>
    </facility>
  </location>
  <location>
    <facility>
      <name>Academisch Ziekenhuis Groningen</name>
      <address>
        <city>Groningen</city>
        <zip>9713 EZ</zip>
        <country>Netherlands</country>
      </address>
    </facility>
  </location>
  <location>
    <facility>
      <name>San Jorge Childrens Hospital</name>
      <address>
        <city>Santurce</city>
        <zip>00912</zip>
        <country>Puerto Rico</country>
      </address>
    </facility>
  </location>
  <location>
    <facility>
      <name>Clinique de Pediatrie</name>
      <address>
        <city>Geneva</city>
        <zip>1211</zip>
        <country>Switzerland</country>
      </address>
    </facility>
  </location>
  <location_countries>
    <country>Canada</country>
    <country>Netherlands</country>
    <country>Puerto Rico</country>
    <country>Switzerland</country>
    <country>United States</country>
  </location_countries>
  <verification_date>July 2014</verification_date>
  <study_first_submitted>November 1, 1999</study_first_submitted>
  <study_first_submitted_qc>April 26, 2004</study_first_submitted_qc>
  <study_first_posted type="Estimate">April 27, 2004</study_first_posted>
  <last_update_submitted>July 24, 2014</last_update_submitted>
  <last_update_submitted_qc>July 24, 2014</last_update_submitted_qc>
  <last_update_posted type="Estimate">July 28, 2014</last_update_posted>
  <responsible_party>
    <responsible_party_type>Sponsor</responsible_party_type>
  </responsible_party>
  <keyword>untreated childhood acute lymphoblastic leukemia</keyword>
  <keyword>L1 childhood acute lymphoblastic leukemia</keyword>
  <keyword>L2 childhood acute lymphoblastic leukemia</keyword>
  <keyword>B-cell childhood acute lymphoblastic leukemia</keyword>
  <condition_browse>
    <!-- CAUTION:  The following MeSH terms are assigned with an imperfect algorithm            -->
    <mesh_term>Leukemia</mesh_term>
    <mesh_term>Leukemia, Lymphoid</mesh_term>
    <mesh_term>Precursor Cell Lymphoblastic Leukemia-Lymphoma</mesh_term>
  </condition_browse>
  <intervention_browse>
    <!-- CAUTION:  The following MeSH terms are assigned with an imperfect algorithm            -->
    <mesh_term>Leucovorin</mesh_term>
    <mesh_term>Cytarabine</mesh_term>
    <mesh_term>Dexamethasone</mesh_term>
    <mesh_term>Prednisone</mesh_term>
    <mesh_term>Cyclophosphamide</mesh_term>
    <mesh_term>Methotrexate</mesh_term>
    <mesh_term>Etoposide</mesh_term>
    <mesh_term>Vincristine</mesh_term>
    <mesh_term>Daunorubicin</mesh_term>
    <mesh_term>Asparaginase</mesh_term>
    <mesh_term>Mercaptopurine</mesh_term>
    <mesh_term>Idarubicin</mesh_term>
    <mesh_term>Levoleucovorin</mesh_term>
  </intervention_browse>
  <!-- Results have not yet been posted for this study                                          -->
</clinical_study>

