<?xml version="1.0" encoding="UTF-8"?>
<clinical_study rank="14">
  <!-- This xml conforms to an XML Schema at:
    https://clinicaltrials.gov/ct2/html/images/info/public.xsd -->
  <required_header>
    <download_date>ClinicalTrials.gov processed this data on May 11, 2021</download_date>
    <link_text>Link to the current ClinicalTrials.gov record.</link_text>
    <url>https://clinicaltrials.gov/show/NCT00030394</url>
  </required_header>
  <id_info>
    <org_study_id>NCI-2012-01867</org_study_id>
    <secondary_id>AAML0123</secondary_id>
    <secondary_id>U10CA098543</secondary_id>
    <secondary_id>CDR0000069161</secondary_id>
    <nct_id>NCT00030394</nct_id>
  </id_info>
  <brief_title>Imatinib Mesylate in Treating Patients With Chronic Myelogenous Leukemia</brief_title>
  <official_title>A Phase II Study of Gleevec in Ph+ Chronic Phase Chronic Myelogenous Leukemia</official_title>
  <sponsors>
    <lead_sponsor>
      <agency>National Cancer Institute (NCI)</agency>
      <agency_class>NIH</agency_class>
    </lead_sponsor>
  </sponsors>
  <source>National Cancer Institute (NCI)</source>
  <brief_summary>
    <textblock>
      This phase II trial is studying imatinib mesylate to see how well it works in treating&#xD;
      patients with chronic myelogenous leukemia. Imatinib mesylate may stop the growth of cancer&#xD;
      cells by blocking the enzymes necessary for cancer cell growth&#xD;
    </textblock>
  </brief_summary>
  <detailed_description>
    <textblock>
      OBJECTIVES:&#xD;
&#xD;
      I. Determine the response rate in patients with Philadelphia chromosome positive chronic&#xD;
      phase chronic myelogenous leukemia treated with imatinib mesylate.&#xD;
&#xD;
      II. Determine the disease-free survival of patients treated with this drug. III. Determine&#xD;
      the pharmacokinetics of this drug in these patients. IV. Determine the toxic effects of this&#xD;
      drug in these patients. V. Determine the rates of hematological, cytogenetic, and molecular&#xD;
      response and time to response in patients treated with this drug.&#xD;
&#xD;
      OUTLINE: This is a multicenter study. Patients are stratified according to disease (chronic&#xD;
      myelogenous leukemia [CML] in first chronic phase after failing interferon therapy or&#xD;
      demonstrating intolerance to interferon [closed to accrual as of 12/05/03] vs CML relapsing&#xD;
      after stem cell transplantation or in second or subsequent chronic phase [closed to accrual&#xD;
      as of 7/29/05] vs newly diagnosed CML in first chronic phase with no prior treatment [closed&#xD;
      to accrual as of 7/29/05] vs newly diagnosed CML in first chronic phase with no prior&#xD;
      treatment).&#xD;
&#xD;
      Patients receive oral imatinib mesylate once daily on days 1-28. Courses repeat every 28 days&#xD;
      for 1 year in the absence of disease progression or unacceptable toxicity. Patients who fail&#xD;
      to achieve a complete hematologic response after 3 courses or a partial or complete cytogenic&#xD;
      response after 6 courses are removed from the study.&#xD;
&#xD;
      PROJECTED ACCRUAL: A total of 109 patients (30 for stratum I [closed to accrual as of&#xD;
      12/05/03] and stratum II [closed to accrual as of 7/29/05], 34 for stratum III [closed to&#xD;
      accrual as of 7/29/05], and 45 for stratum IV) will be accrued for this study within 2 years.&#xD;
    </textblock>
  </detailed_description>
  <overall_status>Completed</overall_status>
  <start_date>September 2002</start_date>
  <primary_completion_date type="Actual">October 2007</primary_completion_date>
  <phase>Phase 2</phase>
  <study_type>Interventional</study_type>
  <has_expanded_access>No</has_expanded_access>
  <study_design_info>
    <allocation>N/A</allocation>
    <intervention_model>Single Group Assignment</intervention_model>
    <primary_purpose>Treatment</primary_purpose>
    <masking>None (Open Label)</masking>
  </study_design_info>
  <primary_outcome>
    <measure>Response rate</measure>
    <time_frame>Up to 5 years</time_frame>
  </primary_outcome>
  <primary_outcome>
    <measure>Disease-free survival</measure>
    <time_frame>Up to 5 years</time_frame>
  </primary_outcome>
  <primary_outcome>
    <measure>Toxicities graded according to the National Cancer Institute Common Toxicity Criteria (NCI CTC) v2.0</measure>
    <time_frame>Up to 5 years</time_frame>
  </primary_outcome>
  <secondary_outcome>
    <measure>Time to achieve hematological cytogenetic and molecular response</measure>
    <time_frame>Up to 12 months</time_frame>
    <description>Studied in a multivariate model using a Cox proportional hazards regression model.</description>
  </secondary_outcome>
  <secondary_outcome>
    <measure>Event free survival</measure>
    <time_frame>Up to 5 years</time_frame>
  </secondary_outcome>
  <number_of_arms>1</number_of_arms>
  <enrollment type="Actual">64</enrollment>
  <condition>Childhood Chronic Myelogenous Leukemia</condition>
  <condition>Chronic Myelogenous Leukemia, BCR-ABL1 Positive</condition>
  <condition>Chronic Phase Chronic Myelogenous Leukemia</condition>
  <arm_group>
    <arm_group_label>Treatment (imatinib mesylate)</arm_group_label>
    <arm_group_type>Experimental</arm_group_type>
    <description>Patients receive oral imatinib mesylate once daily on days 1-28. Courses repeat every 28 days for 1 year in the absence of disease progression or unacceptable toxicity. Patients who fail to achieve a complete hematologic response after 3 courses or a partial or complete cytogenic response after 6 courses are removed from the study.</description>
  </arm_group>
  <intervention>
    <intervention_type>Drug</intervention_type>
    <intervention_name>imatinib mesylate</intervention_name>
    <description>Given orally</description>
    <arm_group_label>Treatment (imatinib mesylate)</arm_group_label>
    <other_name>CGP 57148</other_name>
    <other_name>Gleevec</other_name>
    <other_name>Glivec</other_name>
  </intervention>
  <intervention>
    <intervention_type>Other</intervention_type>
    <intervention_name>laboratory biomarker analysis</intervention_name>
    <description>Correlative studies</description>
    <arm_group_label>Treatment (imatinib mesylate)</arm_group_label>
  </intervention>
  <intervention>
    <intervention_type>Other</intervention_type>
    <intervention_name>pharmacological study</intervention_name>
    <description>Correlative studies</description>
    <arm_group_label>Treatment (imatinib mesylate)</arm_group_label>
    <other_name>pharmacological studies</other_name>
  </intervention>
  <eligibility>
    <criteria>
      <textblock>
        Inclusion Criteria:&#xD;
&#xD;
          -  Diagnosis of Philadelphia chromosome positive (Ph+) chronic phase chronic myelogenous&#xD;
             leukemia (CML)&#xD;
&#xD;
          -  Stratum I (closed to accrual as of 12/05/03):&#xD;
&#xD;
               -  CML in first chronic phase with resistance to interferon alfa (IFN-A) therapy&#xD;
                  defined as one of the following:&#xD;
&#xD;
                    -  WBC count at least 20,000/mm^3 after at least 3 months of treatment with an&#xD;
                       IFN-A-containing regimen&#xD;
&#xD;
                    -  Rising WBC count (at least 100% increase to a level of at least 20,000/mm^3)&#xD;
                       by two samples at least two weeks apart while receiving treatment with an&#xD;
                       IFN-A-containing regimen&#xD;
&#xD;
                    -  At least 66% Ph+ cells in bone marrow after 1 year of IFN-A therapy&#xD;
&#xD;
                    -  At least 30% increase in Ph+ cells in bone marrow after IFN-A-induced&#xD;
                       cytogenetic response while continuing to receive IFN-A therapy&#xD;
&#xD;
               -  Intolerance to interferon therapy defined as more than two grade 2 toxic effects&#xD;
                  or any grade 3 toxic effect related to interferon therapy, except grade 3 fever,&#xD;
                  that is persistent beyond the first 28-day course of therapy and unresponsive to&#xD;
                  standard supportive care interventions&#xD;
&#xD;
          -  Stratum II (closed to accrual as of 7/29/05): CML recurring after stem cell&#xD;
             transplantation or in second or subsequent chronic phase&#xD;
&#xD;
               -  No molecular relapse (only evidence is detection of bcr-abl rearrangement with&#xD;
                  normal bone marrow and blood morphology and normal standard cytogenetic analysis)&#xD;
&#xD;
          -  Stratum III (closed to accrual as of 7/29/05): Newly diagnosed CML in first chronic&#xD;
             phase with no prior treatment except hydroxyurea&#xD;
&#xD;
          -  Stratum IV: Newly diagnosed CML in first chronic phase with no prior treatment except&#xD;
             hydroxyurea&#xD;
&#xD;
          -  No accelerated or blast phase defined as one or more of the following:&#xD;
&#xD;
               -  WBC doubling time less than 5 days&#xD;
&#xD;
               -  Chloroma&#xD;
&#xD;
               -  Medullary fibrosis&#xD;
&#xD;
               -  More than 10% blasts in peripheral blood or bone marrow&#xD;
&#xD;
               -  More than 20% promyelocytes in peripheral blood or bone marrow&#xD;
&#xD;
               -  More than 20% basophils and eosinophils in peripheral blood&#xD;
&#xD;
          -  Performance status - ECOG 0-2&#xD;
&#xD;
          -  At least 8 weeks&#xD;
&#xD;
          -  See Disease Characteristics&#xD;
&#xD;
          -  Shortening fraction ≥ 27% by echocardiogram OR ejection fraction ≥ 50% by radionuclide&#xD;
             angiogram&#xD;
&#xD;
          -  Bilirubin no greater than 1.5 times normal&#xD;
&#xD;
          -  ALT less than 3.0 times normal&#xD;
&#xD;
          -  Albumin greater than 2 g/dL&#xD;
&#xD;
          -  Creatinine no greater than 1.5 times normal&#xD;
&#xD;
          -  Creatinine clearance or radioisotope glomerular filtration rate at least 70 mL/min&#xD;
&#xD;
          -  Not pregnant or nursing&#xD;
&#xD;
          -  Negative pregnancy test&#xD;
&#xD;
          -  Fertile patients must use effective contraception&#xD;
&#xD;
          -  No uncontrolled infection&#xD;
&#xD;
          -  No CNS toxicity greater than grade 2&#xD;
&#xD;
          -  See Disease Characteristics&#xD;
&#xD;
          -  No prior immunotherapy (for patients in stratum III [closed to accrual as of 7/29/05]&#xD;
             and stratum IV only)&#xD;
&#xD;
          -  At least 3 months since prior stem cell transplantation (SCT) (patients with&#xD;
             allogeneic SCT must have no active graft-versus-host disease [GVHD] and have stable&#xD;
             use of steroids) (for patients in stratum II only )&#xD;
&#xD;
          -  At least 1 week since prior growth factors&#xD;
&#xD;
          -  At least 1 week since prior biologic therapy, including interferon alfa (for patients&#xD;
             in stratum I [closed to accrual as of 12/05/03] and stratum II only)&#xD;
&#xD;
          -  Recovered from prior immunotherapy&#xD;
&#xD;
          -  No concurrent immunomodulating agents&#xD;
&#xD;
          -  See Disease Characteristics&#xD;
&#xD;
          -  No prior chemotherapy (for patients in stratum III [closed to accrual as of 7/29/05]&#xD;
             and stratum IV only)&#xD;
&#xD;
          -  At least 6 weeks since prior busulfan or nitrosoureas&#xD;
&#xD;
          -  At least 7 days since prior hydroxyurea&#xD;
&#xD;
          -  At least 7 days since prior low-dose cytarabine (less than 30 mg/m^2 every 12 to 24&#xD;
             hours)&#xD;
&#xD;
          -  At least 14 days since prior moderate-dose cytarabine (100-200 mg/m^2 for 5 to 7 days)&#xD;
&#xD;
          -  At least 28 days since prior high-dose cytarabine (1-3 g/m^2 every 12 to 24 hours for&#xD;
             6 to 12 doses)&#xD;
&#xD;
          -  At least 21 days since all other cytotoxic chemotherapy&#xD;
&#xD;
          -  Recovered from prior chemotherapy&#xD;
&#xD;
          -  No concurrent chemotherapy&#xD;
&#xD;
          -  No concurrent steroids other than for controlled GVHD in patients with prior&#xD;
             allogeneic SCT&#xD;
&#xD;
          -  No prior radiotherapy (for patients in stratum III [closed to accrual as of 7/29/05]&#xD;
             and stratum IV only)&#xD;
&#xD;
          -  At least 2 weeks since prior local palliative (small port) radiotherapy*&#xD;
&#xD;
          -  At least 3 months since prior craniospinal radiotherapy or radiotherapy to 50% or more&#xD;
             of pelvis*&#xD;
&#xD;
          -  At least 6 weeks since prior substantial bone marrow radiotherapy*&#xD;
&#xD;
          -  Recovered from prior radiotherapy&#xD;
&#xD;
          -  No prior imatinib mesylate&#xD;
&#xD;
          -  No concurrent enzyme-activating anticonvulsants&#xD;
&#xD;
          -  No concurrent warfarin&#xD;
&#xD;
          -  No concurrent naturopathic agents or herbal medicines&#xD;
&#xD;
          -  No other concurrent investigational agents&#xD;
&#xD;
          -  Concurrent low-molecular weight heparin allowed&#xD;
      </textblock>
    </criteria>
    <gender>All</gender>
    <minimum_age>N/A</minimum_age>
    <maximum_age>21 Years</maximum_age>
    <healthy_volunteers>No</healthy_volunteers>
  </eligibility>
  <overall_official>
    <last_name>Martin Champagne</last_name>
    <role>Principal Investigator</role>
    <affiliation>Children's Oncology Group</affiliation>
  </overall_official>
  <location>
    <facility>
      <name>Children's Oncology Group</name>
      <address>
        <city>Arcadia</city>
        <state>California</state>
        <zip>91006-3776</zip>
        <country>United States</country>
      </address>
    </facility>
  </location>
  <location_countries>
    <country>United States</country>
  </location_countries>
  <removed_countries>
    <country>Australia</country>
    <country>Canada</country>
    <country>Netherlands</country>
    <country>New Zealand</country>
    <country>Puerto Rico</country>
    <country>Switzerland</country>
  </removed_countries>
  <verification_date>January 2013</verification_date>
  <study_first_submitted>February 14, 2002</study_first_submitted>
  <study_first_submitted_qc>January 26, 2003</study_first_submitted_qc>
  <study_first_posted type="Estimate">January 27, 2003</study_first_posted>
  <last_update_submitted>January 16, 2013</last_update_submitted>
  <last_update_submitted_qc>January 16, 2013</last_update_submitted_qc>
  <last_update_posted type="Estimate">January 17, 2013</last_update_posted>
  <responsible_party>
    <responsible_party_type>Sponsor</responsible_party_type>
  </responsible_party>
  <condition_browse>
    <!-- CAUTION:  The following MeSH terms are assigned with an imperfect algorithm            -->
    <mesh_term>Leukemia</mesh_term>
    <mesh_term>Leukemia, Myeloid</mesh_term>
    <mesh_term>Leukemia, Myelogenous, Chronic, BCR-ABL Positive</mesh_term>
    <mesh_term>Leukemia, Myeloid, Chronic-Phase</mesh_term>
  </condition_browse>
  <intervention_browse>
    <!-- CAUTION:  The following MeSH terms are assigned with an imperfect algorithm            -->
    <mesh_term>Imatinib Mesylate</mesh_term>
  </intervention_browse>
  <!-- Results have not yet been posted for this study                                          -->
</clinical_study>

