<?xml version="1.0" encoding="UTF-8"?>
<clinical_study rank="145">
  <!-- This xml conforms to an XML Schema at:
    https://clinicaltrials.gov/ct2/html/images/info/public.xsd -->
  <required_header>
    <download_date>ClinicalTrials.gov processed this data on May 11, 2021</download_date>
    <link_text>Link to the current ClinicalTrials.gov record.</link_text>
    <url>https://clinicaltrials.gov/show/NCT00003727</url>
  </required_header>
  <id_info>
    <org_study_id>CDR0000066839</org_study_id>
    <secondary_id>MSGCC-9851</secondary_id>
    <secondary_id>MSGCC-1198006</secondary_id>
    <secondary_id>NCI-V98-1513</secondary_id>
    <nct_id>NCT00003727</nct_id>
  </id_info>
  <brief_title>Chemotherapy and Peripheral Stem Cell Transplantation Followed by Immunotherapy in Treating Patients With Chronic Myelogenous Leukemia</brief_title>
  <official_title>Autotransplantation for Chronic Myelogenous Leukemia (CML) Followed by Immunotherapy With Ex-Vivo Expanded Autologous T Cells</official_title>
  <sponsors>
    <lead_sponsor>
      <agency>University of Maryland, Baltimore</agency>
      <agency_class>Other</agency_class>
    </lead_sponsor>
    <collaborator>
      <agency>University of Maryland Greenebaum Cancer Center</agency>
      <agency_class>Other</agency_class>
    </collaborator>
  </sponsors>
  <source>University of Maryland, Baltimore</source>
  <brief_summary>
    <textblock>
      RATIONALE: Drugs used in chemotherapy use different ways to stop cancer cells from dividing&#xD;
      so they stop growing or die. Combining chemotherapy with a peripheral stem cell transplant&#xD;
      and immunotherapy may allow the doctor to give higher doses of chemotherapy drugs and kill&#xD;
      more cancer cells. Biological therapies use different ways to stimulate the immune system and&#xD;
      stop cancer cells from growing.&#xD;
&#xD;
      PURPOSE: This phase II trial is studying giving chemotherapy together with a peripheral stem&#xD;
      cell transplant followed by immunotherapy to see how well it works in treating patients with&#xD;
      chronic phase chronic myelogenous leukemia.&#xD;
    </textblock>
  </brief_summary>
  <detailed_description>
    <textblock>
      OBJECTIVES:&#xD;
&#xD;
        -  Determine the feasibility of ex vivo expansion and reinfusion of autologous CD4+ T cells&#xD;
           after interferon therapy or high-dose chemotherapy with CD34-selected autologous&#xD;
           peripheral blood stem cell rescue in patients with chronic phase chronic myelogenous&#xD;
           leukemia (CML).&#xD;
&#xD;
        -  Determine the frequency of hematologic, cytogenetic, and molecular remissions of CML&#xD;
           following infusion of ex vivo expanded T cells.&#xD;
&#xD;
      OUTLINE: Patients undergo mononuclear cell leukapheresis to obtain T cells for ex-vivo&#xD;
      expansion, preferably before they receive interferon alfa subcutaneously (SC) daily on a&#xD;
      therapeutic trial.&#xD;
&#xD;
      At least 1 month after interferon is stopped, mobilization chemotherapy is administered.&#xD;
      Patients receive cyclophosphamide IV over 12 hours on day 0, etoposide IV over 2 hours on day&#xD;
      1, sargramostim (GM-CSF) SC on days 3 and 4, and filgrastim (G-CSF) SC beginning on day 5.&#xD;
      Peripheral blood stem cells (PBSC) are collected by leukapheresis when blood cell counts have&#xD;
      recovered.&#xD;
&#xD;
      Approximately 2-3 weeks later, high-dose chemotherapy begins. Patients receive gemcitabine IV&#xD;
      over 100 minutes on day -5, carmustine IV over 2 hours on day -2, followed 6 hours later by&#xD;
      gemcitabine IV again, and melphalan IV over 20 minutes on day -1. CD34 selected PBSCs are&#xD;
      infused on day 0, at least 18 hours after melphalan administration. Patients receive GM-CSF&#xD;
      SC beginning on day 1 and continuing until blood cell counts recover.&#xD;
&#xD;
      Patients then receive ex vivo expanded autologous T cells on day 14 after&#xD;
      autotransplantation. Interferon alfa is administered three times a week starting about 3&#xD;
      months after transplantation.&#xD;
&#xD;
      Patients who only receive expanded T cells, without high-dose chemotherapy and&#xD;
      autotransplantation, but show no response after 3 months, may proceed to autotransplantation&#xD;
      followed by a second ex vivo expanded T-cell infusion.&#xD;
&#xD;
      Patients are followed at 1, 2, 3, 6, 9, and 12 months, then every 6 months thereafter.&#xD;
&#xD;
      PROJECTED ACCRUAL: A total of 7-22 patients will be accrued for this study.&#xD;
    </textblock>
  </detailed_description>
  <overall_status>Completed</overall_status>
  <start_date>March 1999</start_date>
  <completion_date type="Actual">February 2008</completion_date>
  <primary_completion_date type="Actual">March 2005</primary_completion_date>
  <phase>Phase 2</phase>
  <study_type>Interventional</study_type>
  <has_expanded_access>No</has_expanded_access>
  <study_design_info>
    <primary_purpose>Treatment</primary_purpose>
    <masking>None (Open Label)</masking>
  </study_design_info>
  <primary_outcome>
    <measure>Response (i.e., major cytogenetic or molecular response) within 12 months after completion of study therapy</measure>
  </primary_outcome>
  <primary_outcome>
    <measure>Mortality rate</measure>
  </primary_outcome>
  <enrollment type="Anticipated">22</enrollment>
  <condition>Leukemia</condition>
  <intervention>
    <intervention_type>Biological</intervention_type>
    <intervention_name>filgrastim</intervention_name>
  </intervention>
  <intervention>
    <intervention_type>Biological</intervention_type>
    <intervention_name>recombinant interferon alfa</intervention_name>
  </intervention>
  <intervention>
    <intervention_type>Biological</intervention_type>
    <intervention_name>sargramostim</intervention_name>
  </intervention>
  <intervention>
    <intervention_type>Biological</intervention_type>
    <intervention_name>therapeutic autologous lymphocytes</intervention_name>
  </intervention>
  <intervention>
    <intervention_type>Drug</intervention_type>
    <intervention_name>carmustine</intervention_name>
  </intervention>
  <intervention>
    <intervention_type>Drug</intervention_type>
    <intervention_name>cyclophosphamide</intervention_name>
  </intervention>
  <intervention>
    <intervention_type>Drug</intervention_type>
    <intervention_name>etoposide</intervention_name>
  </intervention>
  <intervention>
    <intervention_type>Drug</intervention_type>
    <intervention_name>gemcitabine hydrochloride</intervention_name>
  </intervention>
  <intervention>
    <intervention_type>Drug</intervention_type>
    <intervention_name>melphalan</intervention_name>
  </intervention>
  <intervention>
    <intervention_type>Procedure</intervention_type>
    <intervention_name>bone marrow ablation with stem cell support</intervention_name>
  </intervention>
  <intervention>
    <intervention_type>Procedure</intervention_type>
    <intervention_name>in vitro-treated peripheral blood stem cell transplantation</intervention_name>
  </intervention>
  <eligibility>
    <criteria>
      <textblock>
        DISEASE CHARACTERISTICS:&#xD;
&#xD;
          -  Diagnosis of chronic myelogenous leukemia based on clinical features and molecular&#xD;
             evidence for bcr/abl gene rearrangement&#xD;
&#xD;
               -  First or second chronic phase at the time of stem cell collection&#xD;
&#xD;
          -  Ineligible for allogeneic transplantation&#xD;
&#xD;
          -  Should receive interferon alfa (IFN-A) with or without low-dose cytarabine for at&#xD;
             least 3-6 months before autotransplantation and meet one of the following conditions:&#xD;
&#xD;
               -  After 3 months of IFN-A, hematologic response is partial or less and poor&#xD;
                  clinical feature was present at diagnosis&#xD;
&#xD;
               -  After 6 months of IFN-A, hematologic response is partial or complete (but 100%&#xD;
                  Ph+) and poor clinical feature was present at diagnosis&#xD;
&#xD;
               -  After 9 or 12 months of IFN-A, no cytogenetic response occurred (100% Ph+),&#xD;
                  regardless of pretreatment clinical features&#xD;
&#xD;
               -  After at least 12 months of IFN-A (or on 2 separate tests, 3 months apart), only&#xD;
                  minor cytogenetic response (35-90% Ph+) occurred, then eligible for ex vivo&#xD;
                  expanded autologous T cells only (without high-dose chemotherapy or autografting)&#xD;
                  or high-dose therapy plus autographing at physicians' discretion&#xD;
&#xD;
               -  After at least 12 months of IFN-A (or on 2 tests, 3 months apart), major but not&#xD;
                  complete cytogenetic response (0-34% Ph+) occurred, then eligible for ex vivo&#xD;
                  expanded autologous T cells only (without high-dose chemotherapy or autografting)&#xD;
&#xD;
               -  After at least 18 months of IFN-A, complete cytogenetic response (0% Ph+)&#xD;
                  occurred but remain positive for BCR/ABL gene rearrangement then eligible for ex&#xD;
                  vivo expanded autologous T cells only (without high-dose chemotherapy or&#xD;
                  autografting)&#xD;
&#xD;
          -  Unsatisfactory response to prior STI571 allowed (regardless of prior IFN-A)&#xD;
&#xD;
        PATIENT CHARACTERISTICS:&#xD;
&#xD;
        Age:&#xD;
&#xD;
          -  Not specified&#xD;
&#xD;
        Performance status:&#xD;
&#xD;
          -  ECOG 0-2&#xD;
&#xD;
        Life expectancy:&#xD;
&#xD;
          -  Not specified&#xD;
&#xD;
        Hematopoietic:&#xD;
&#xD;
          -  Not specified&#xD;
&#xD;
        Hepatic:&#xD;
&#xD;
          -  Bilirubin no greater than 2 times upper limit of normal (ULN) (unless due to Gilbert's&#xD;
             disease)&#xD;
&#xD;
          -  AST and ALT no greater than 2 times ULN (unless liver involvement with CML)&#xD;
&#xD;
        Renal:&#xD;
&#xD;
          -  Creatinine no greater than 2.5 mg/dL&#xD;
&#xD;
        Cardiovascular:&#xD;
&#xD;
          -  LVEF at least 45% (lower allowed if no significant functional impairment)&#xD;
&#xD;
        Pulmonary:&#xD;
&#xD;
          -  FEV_1, FVC, and DLCO at least 50% predicted&#xD;
&#xD;
        Other:&#xD;
&#xD;
          -  No active infections requiring IV antibiotics&#xD;
&#xD;
          -  HIV negative&#xD;
&#xD;
          -  Not pregnant or nursing&#xD;
&#xD;
          -  Fertile patients must use effective contraception&#xD;
&#xD;
        PRIOR CONCURRENT THERAPY:&#xD;
&#xD;
        Biologic therapy:&#xD;
&#xD;
          -  See Disease Characteristics&#xD;
&#xD;
          -  At least 1 month since prior interferon&#xD;
&#xD;
        Chemotherapy:&#xD;
&#xD;
          -  At least 1 week since hydroxyurea before leukapheresis&#xD;
&#xD;
        Endocrine therapy:&#xD;
&#xD;
          -  Not specified&#xD;
&#xD;
        Radiotherapy:&#xD;
&#xD;
          -  Not specified&#xD;
&#xD;
        Surgery:&#xD;
&#xD;
          -  Not specified&#xD;
      </textblock>
    </criteria>
    <gender>All</gender>
    <minimum_age>N/A</minimum_age>
    <maximum_age>120 Years</maximum_age>
    <healthy_volunteers>No</healthy_volunteers>
  </eligibility>
  <overall_official>
    <last_name>Aaron P. Rapoport, MD</last_name>
    <role>Study Chair</role>
    <affiliation>University of Maryland Greenebaum Cancer Center</affiliation>
  </overall_official>
  <location>
    <facility>
      <name>Greenebaum Cancer Center at University of Maryland Medical Center</name>
      <address>
        <city>Baltimore</city>
        <state>Maryland</state>
        <zip>21201</zip>
        <country>United States</country>
      </address>
    </facility>
  </location>
  <location_countries>
    <country>United States</country>
  </location_countries>
  <verification_date>October 2019</verification_date>
  <study_first_submitted>November 1, 1999</study_first_submitted>
  <study_first_submitted_qc>January 26, 2003</study_first_submitted_qc>
  <study_first_posted type="Estimate">January 27, 2003</study_first_posted>
  <last_update_submitted>October 31, 2019</last_update_submitted>
  <last_update_submitted_qc>October 31, 2019</last_update_submitted_qc>
  <last_update_posted type="Actual">November 4, 2019</last_update_posted>
  <responsible_party>
    <organization>UM Greenebaum Cancer Center</organization>
  </responsible_party>
  <keyword>relapsing chronic myelogenous leukemia</keyword>
  <keyword>chronic phase chronic myelogenous leukemia</keyword>
  <keyword>Philadelphia chromosome positive chronic myelogenous leukemia</keyword>
  <keyword>Philadelphia chromosome negative chronic myelogenous leukemia</keyword>
  <keyword>childhood chronic myelogenous leukemia</keyword>
  <condition_browse>
    <!-- CAUTION:  The following MeSH terms are assigned with an imperfect algorithm            -->
    <mesh_term>Leukemia</mesh_term>
    <mesh_term>Leukemia, Myeloid</mesh_term>
    <mesh_term>Leukemia, Myelogenous, Chronic, BCR-ABL Positive</mesh_term>
  </condition_browse>
  <intervention_browse>
    <!-- CAUTION:  The following MeSH terms are assigned with an imperfect algorithm            -->
    <mesh_term>Gemcitabine</mesh_term>
    <mesh_term>Interferons</mesh_term>
    <mesh_term>Interferon-alpha</mesh_term>
    <mesh_term>Cyclophosphamide</mesh_term>
    <mesh_term>Melphalan</mesh_term>
    <mesh_term>Carmustine</mesh_term>
    <mesh_term>Etoposide</mesh_term>
    <mesh_term>Sargramostim</mesh_term>
  </intervention_browse>
  <!-- Results have not yet been posted for this study                                          -->
</clinical_study>

