<?xml version="1.0" encoding="UTF-8"?>
<clinical_study rank="74">
  <!-- This xml conforms to an XML Schema at:
    https://clinicaltrials.gov/ct2/html/images/info/public.xsd -->
  <required_header>
    <download_date>ClinicalTrials.gov processed this data on May 11, 2021</download_date>
    <link_text>Link to the current ClinicalTrials.gov record.</link_text>
    <url>https://clinicaltrials.gov/show/NCT00003875</url>
  </required_header>
  <id_info>
    <org_study_id>1315.00</org_study_id>
    <secondary_id>NCI-2011-00439</secondary_id>
    <secondary_id>1315.00</secondary_id>
    <secondary_id>P30CA015704</secondary_id>
    <nct_id>NCT00003875</nct_id>
  </id_info>
  <brief_title>Busulfan and Etoposide Followed by Peripheral Blood Stem Cell Transplant and Low-Dose Aldesleukin in Treating Patients With Acute Myeloid Leukemia</brief_title>
  <official_title>Treatment of Acute Myelogenous Leukemia With Busulfan and Etoposide Followed by Autologous or Syngeneic Stem Cell Rescue and Low-Dose Interleukin 2 (IL-2) Immunotherapy</official_title>
  <sponsors>
    <lead_sponsor>
      <agency>Fred Hutchinson Cancer Research Center</agency>
      <agency_class>Other</agency_class>
    </lead_sponsor>
    <collaborator>
      <agency>National Cancer Institute (NCI)</agency>
      <agency_class>NIH</agency_class>
    </collaborator>
  </sponsors>
  <source>Fred Hutchinson Cancer Research Center</source>
  <oversight_info>
    <has_dmc>No</has_dmc>
    <is_fda_regulated_drug>Yes</is_fda_regulated_drug>
    <is_fda_regulated_device>No</is_fda_regulated_device>
  </oversight_info>
  <brief_summary>
    <textblock>
      This phase II trial studies the side effects and how well giving busulfan and etoposide&#xD;
      followed by peripheral blood stem cell transplant (PBSCT) and low-dose aldesleukin works in&#xD;
      treating patients with acute myeloid leukemia (AML). Drugs used in chemotherapy, such as&#xD;
      busulfan and etoposide, work in different ways to stop the growth of cancer cells, either by&#xD;
      killing the cells or by stopping them from dividing. A PBSCT may be able to replace&#xD;
      blood-forming cells that were destroyed by chemotherapy. This may allow more chemotherapy to&#xD;
      be given so that more cancer cells are killed. Aldesleukin may stimulate the white blood&#xD;
      cells to kill cancer cells. Giving busulfan and etoposide together followed by PBSCT and&#xD;
      aldesleukin may be an effective treatment for AML.&#xD;
    </textblock>
  </brief_summary>
  <detailed_description>
    <textblock>
      PRIMARY OBJECTIVES:&#xD;
&#xD;
      I. To evaluate the toxicity and overall survival of high dose Bu (busulfan)/VP-16 (etoposide)&#xD;
      followed by post-transplant low-dose interleukin (IL)-2 (aldesleukin) in patients with AML.&#xD;
&#xD;
      SECONDARY OBJECTIVES:&#xD;
&#xD;
      I. To estimate the rate of relapse associated with this regimen.&#xD;
&#xD;
      OUTLINE:&#xD;
&#xD;
      PREPARATIVE REGIMEN: Patients receive busulfan intravenously (IV) over 2 hours or orally (PO)&#xD;
      every 6 hours on days -7 to -4 and etoposide IV on day -3.&#xD;
&#xD;
      STEM CELL INFUSION: Patients undergo autologous or syngeneic PBSC rescue on day 0.&#xD;
&#xD;
      POST-TRANSPLANT ALDESLEUKIN THERAPY: Beginning 30-100 days after transplant, patients receive&#xD;
      low-dose aldesleukin subcutaneously (SC) daily for 12 weeks.&#xD;
&#xD;
      After completion of study treatment, patients are followed up every 3 months for 2 years,&#xD;
      every 6 months for 3 years, and then annually thereafter.&#xD;
    </textblock>
  </detailed_description>
  <overall_status>Completed</overall_status>
  <start_date type="Actual">October 13, 1998</start_date>
  <completion_date type="Actual">June 11, 2015</completion_date>
  <primary_completion_date type="Actual">June 11, 2015</primary_completion_date>
  <phase>Phase 2</phase>
  <study_type>Interventional</study_type>
  <has_expanded_access>No</has_expanded_access>
  <study_design_info>
    <allocation>N/A</allocation>
    <intervention_model>Single Group Assignment</intervention_model>
    <primary_purpose>Treatment</primary_purpose>
    <masking>None (Open Label)</masking>
  </study_design_info>
  <primary_outcome>
    <measure>Overall Survival of Patients on Busulfan and Etoposide Followed by Stem Cell Rescue and Aldesleukin</measure>
    <time_frame>From date of transplant to date of death from any cause, assessed up to 178 months</time_frame>
    <description>Estimated by the method of Kaplan and Meier.</description>
  </primary_outcome>
  <primary_outcome>
    <measure>Toxicity Associated With High-dose Busulfan and Etoposide Followed by Stem Cell Rescue</measure>
    <time_frame>Day -7 of transplant to 100 days post transplant</time_frame>
    <description>Toxicity is defined as any grade 3 or grade 4 toxicity per the Bearman toxicity grading criteria following Busulfan and Etoposide high-dose chemotherapy, stem cell transplant, and the inability to recover sufficiently by day 100 to start IL-2 therapy.</description>
  </primary_outcome>
  <primary_outcome>
    <measure>Toxicity Associated With Aldesleukin Treatment After Stem Cell Rescue</measure>
    <time_frame>IL-2 administration to one month after completion of IL-2 treatment</time_frame>
    <description>Toxicity during IL-2 therapy of any of the following per NCI Common Toxicity version 3: grade 2, 3, 4, or 5 CNS (except grade 0-3 malaise, fatigue, anxiety and depression) toxicity; grade 3, 4, or 5 non-CNS or non-hematologic toxicity; any grade 4 or 5 hematologic toxicity.</description>
  </primary_outcome>
  <secondary_outcome>
    <measure>Proportion of Patients Who Relapsed Associated With the Regimen</measure>
    <time_frame>From date of transplant to date of death from any cause, assessed up to 178 months</time_frame>
  </secondary_outcome>
  <number_of_arms>1</number_of_arms>
  <enrollment type="Actual">30</enrollment>
  <condition>Adult Acute Myeloid Leukemia in Remission</condition>
  <condition>Adult Acute Myeloid Leukemia With 11q23 (MLL) Abnormalities</condition>
  <condition>Adult Acute Myeloid Leukemia With Del(5q)</condition>
  <condition>Adult Acute Myeloid Leukemia With t(15;17)(q22;q12)</condition>
  <condition>Adult Acute Myeloid Leukemia With t(16;16)(p13;q22)</condition>
  <condition>Childhood Acute Myeloid Leukemia in Remission</condition>
  <condition>Recurrent Adult Acute Myeloid Leukemia</condition>
  <condition>Recurrent Childhood Acute Myeloid Leukemia</condition>
  <arm_group>
    <arm_group_label>Treatment (chemo, stem cell rescue, interleukin therapy)</arm_group_label>
    <arm_group_type>Experimental</arm_group_type>
    <description>PREPARATIVE REGIMEN: Patients receive busulfan IV over 2 hours or PO every 6 hours on days -7 to -4 and etoposide IV on day -3.&#xD;
STEM CELL INFUSION: Patients undergo autologous or syngeneic PBSC rescue on day 0.&#xD;
POST-TRANSPLANT ALDESLEUKIN THERAPY: Beginning 30-100 days after transplant, patients receive low-dose aldesleukin SC daily for 12 weeks.</description>
  </arm_group>
  <intervention>
    <intervention_type>Drug</intervention_type>
    <intervention_name>busulfan</intervention_name>
    <description>Given PO or IV</description>
    <arm_group_label>Treatment (chemo, stem cell rescue, interleukin therapy)</arm_group_label>
    <other_name>BSF</other_name>
    <other_name>BU</other_name>
    <other_name>Misulfan</other_name>
    <other_name>Mitosan</other_name>
    <other_name>Myeloleukon</other_name>
  </intervention>
  <intervention>
    <intervention_type>Drug</intervention_type>
    <intervention_name>etoposide</intervention_name>
    <description>Given IV</description>
    <arm_group_label>Treatment (chemo, stem cell rescue, interleukin therapy)</arm_group_label>
    <other_name>EPEG</other_name>
    <other_name>VP-16</other_name>
    <other_name>VP-16-213</other_name>
  </intervention>
  <intervention>
    <intervention_type>Biological</intervention_type>
    <intervention_name>aldesleukin</intervention_name>
    <description>Given SC</description>
    <arm_group_label>Treatment (chemo, stem cell rescue, interleukin therapy)</arm_group_label>
    <other_name>IL-2</other_name>
    <other_name>Proleukin</other_name>
    <other_name>recombinant human interleukin-2</other_name>
    <other_name>recombinant interleukin-2</other_name>
  </intervention>
  <intervention>
    <intervention_type>Procedure</intervention_type>
    <intervention_name>peripheral blood stem cell transplantation</intervention_name>
    <description>Undergo autologous or syngeneic stem cell rescue</description>
    <arm_group_label>Treatment (chemo, stem cell rescue, interleukin therapy)</arm_group_label>
    <other_name>PBPC transplantation</other_name>
    <other_name>PBSC transplantation</other_name>
    <other_name>peripheral blood progenitor cell transplantation</other_name>
    <other_name>transplantation, peripheral blood stem cell</other_name>
  </intervention>
  <eligibility>
    <criteria>
      <textblock>
        Inclusion Criteria:&#xD;
&#xD;
          -  The patient must have AML that falls into one of the following categories:&#xD;
&#xD;
          -  AML in 1st complete remission (CR) with intermediate or high risk of relapse following&#xD;
             conventional therapy; at least, one of the following features is needed:&#xD;
&#xD;
               -  Patient required more than one cycle of induction to achieve first CR&#xD;
&#xD;
               -  White blood cell count (WBC) &gt; 100,000/mm^3 at diagnosis&#xD;
&#xD;
               -  Any of the following cytogenetic abnormalities: inv (3), t(3:3), del (5q) or -5,&#xD;
                  11q23, del(7q) or -7, del (20q) or -20, abnormal 12p, +11 or t8&#xD;
&#xD;
               -  Any other abnormalities or combination of abnormalities which would predict&#xD;
                  intermediate or high risk of relapse&#xD;
&#xD;
          -  AML beyond first CR&#xD;
&#xD;
          -  Any patient with an identical twin donor who also meets the criteria above&#xD;
&#xD;
          -  Patients with AML in 1st CR should receive at least two cycles of consolidation&#xD;
             chemotherapy prior to mobilization and transplant&#xD;
&#xD;
          -  Patients must have an adequate number of stem cells previously collected (i.e., &gt; 2 x&#xD;
             10^8 total nucleated cell [TNC] of bone marrow [BM]/kg or 4 x 10^6 [CD]34+ PBSC/kg,&#xD;
             unless approved otherwise by Dr. Holmberg); prior to stem cell collection patients&#xD;
             must be documented to be in remission and to have received two cycles of consolidation&#xD;
             therapy after induction therapy&#xD;
&#xD;
          -  Pre-Study tests have been performed&#xD;
&#xD;
          -  Patient must sign an institutional review board (IRB) approved informed consent,&#xD;
             conforming with federal and institutional guidelines&#xD;
&#xD;
        Exclusion Criteria:&#xD;
&#xD;
          -  Patients with good risk AML defined by cytogenetic evaluation with these&#xD;
             abnormalities: inversion 16 or t8;21&#xD;
&#xD;
          -  Patient's life expectancy is severely limited by diseases other than AML&#xD;
&#xD;
          -  Patient is human immunodeficiency virus (HIV) seropositive&#xD;
&#xD;
          -  Patient is pregnant&#xD;
&#xD;
          -  Patient's creatinine &gt; 2.0 mg/dl&#xD;
&#xD;
          -  Patient's total bilirubin &gt; 2.0 mg/dl (unless Gilbert's disease)&#xD;
&#xD;
          -  Or serum glutamic oxaloacetic transaminase (SGOT)/serum glutamic pyruvic transaminase&#xD;
             (SGPT) &gt;= 2.5 x upper limit of normal (ULN) not due to leukemia&#xD;
&#xD;
          -  Patient has a history of congestive heart failure, uncontrolled arrhythmias or left&#xD;
             ventricular ejection fraction (LVEF) &lt; 50%&#xD;
&#xD;
          -  Patient has an unrelated human leukocyte antigen (HLA) matched donor and is eligible&#xD;
             for a higher priority Fred Hutchinson Cancer Research Center (FHCRC) protocol (for&#xD;
             FHCRC patients only)&#xD;
&#xD;
          -  Patient has an HLA matched or one antigen mismatch family donor available&#xD;
&#xD;
          -  Patients with a significant active infection that precludes transplant&#xD;
&#xD;
          -  Patients with a Karnofsky Performance Score less than 70&#xD;
      </textblock>
    </criteria>
    <gender>All</gender>
    <minimum_age>N/A</minimum_age>
    <maximum_age>65 Years</maximum_age>
    <healthy_volunteers>No</healthy_volunteers>
  </eligibility>
  <overall_official>
    <last_name>Leona Holmberg</last_name>
    <role>Principal Investigator</role>
    <affiliation>Fred Hutchinson Cancer Research Center/University of Washington Cancer Consortium</affiliation>
  </overall_official>
  <location>
    <facility>
      <name>Fred Hutchinson Cancer Research Center/University of Washington Cancer Consortium</name>
      <address>
        <city>Seattle</city>
        <state>Washington</state>
        <zip>98109</zip>
        <country>United States</country>
      </address>
    </facility>
  </location>
  <location_countries>
    <country>United States</country>
  </location_countries>
  <verification_date>May 2017</verification_date>
  <study_first_submitted>November 1, 1999</study_first_submitted>
  <study_first_submitted_qc>January 26, 2003</study_first_submitted_qc>
  <study_first_posted type="Estimate">January 27, 2003</study_first_posted>
  <results_first_submitted>March 18, 2017</results_first_submitted>
  <results_first_submitted_qc>May 3, 2017</results_first_submitted_qc>
  <results_first_posted type="Actual">June 5, 2017</results_first_posted>
  <last_update_submitted>May 3, 2017</last_update_submitted>
  <last_update_submitted_qc>May 3, 2017</last_update_submitted_qc>
  <last_update_posted type="Actual">June 5, 2017</last_update_posted>
  <responsible_party>
    <responsible_party_type>Principal Investigator</responsible_party_type>
    <investigator_affiliation>Fred Hutchinson Cancer Research Center</investigator_affiliation>
    <investigator_full_name>Leona Holmberg</investigator_full_name>
    <investigator_title>Principal Investigator</investigator_title>
  </responsible_party>
  <condition_browse>
    <!-- CAUTION:  The following MeSH terms are assigned with an imperfect algorithm            -->
    <mesh_term>Leukemia</mesh_term>
    <mesh_term>Leukemia, Myeloid</mesh_term>
    <mesh_term>Leukemia, Myeloid, Acute</mesh_term>
  </condition_browse>
  <intervention_browse>
    <!-- CAUTION:  The following MeSH terms are assigned with an imperfect algorithm            -->
    <mesh_term>Aldesleukin</mesh_term>
    <mesh_term>Etoposide</mesh_term>
    <mesh_term>Etoposide phosphate</mesh_term>
    <mesh_term>Busulfan</mesh_term>
    <mesh_term>Interleukin-2</mesh_term>
  </intervention_browse>
  <patient_data>
    <sharing_ipd>No</sharing_ipd>
  </patient_data>

  <clinical_results>

    <participant_flow>
      <group_list>
        <group group_id="P1">
          <title>Treatment (Chemo, Stem Cell Rescue, Interleukin Therapy)</title>
          <description>PREPARATIVE REGIMEN: Patients receive busulfan IV over 2 hours or PO every 6 hours on days -7 to -4 and etoposide IV on day -3.&#xD;
STEM CELL INFUSION: Patients undergo autologous or syngeneic PBSC rescue on day 0.&#xD;
POST-TRANSPLANT ALDESLEUKIN THERAPY: Beginning 30-100 days after transplant, patients receive low-dose aldesleukin SC daily for 12 weeks.&#xD;
busulfan: Given PO or IV&#xD;
etoposide: Given IV&#xD;
aldesleukin: Given SC&#xD;
peripheral blood stem cell transplantation: Undergo autologous or syngeneic stem cell rescue</description>
        </group>
      </group_list>
      <period_list>
        <period>
          <title>Overall Study</title>
          <milestone_list>
            <milestone>
              <title>STARTED</title>
              <participants_list>
                <participants group_id="P1" count="30"/>
              </participants_list>
            </milestone>
            <milestone>
              <title>COMPLETED</title>
              <participants_list>
                <participants group_id="P1" count="29"/>
              </participants_list>
            </milestone>
            <milestone>
              <title>NOT COMPLETED</title>
              <participants_list>
                <participants group_id="P1" count="1"/>
              </participants_list>
            </milestone>
          </milestone_list>
          <drop_withdraw_reason_list>
            <drop_withdraw_reason>
              <title>Screen Failed</title>
              <participants_list>
                <participants group_id="P1" count="1"/>
              </participants_list>
            </drop_withdraw_reason>
          </drop_withdraw_reason_list>
        </period>
      </period_list>
    </participant_flow>

    <baseline>
      <group_list>
        <group group_id="B1">
          <title>Treatment (Chemo, Stem Cell Rescue, Interleukin Therapy)</title>
          <description>PREPARATIVE REGIMEN: Patients receive busulfan IV over 2 hours or PO every 6 hours on days -7 to -4 and etoposide IV on day -3.&#xD;
STEM CELL INFUSION: Patients undergo autologous or syngeneic PBSC rescue on day 0.&#xD;
POST-TRANSPLANT ALDESLEUKIN THERAPY: Beginning 30-100 days after transplant, patients receive low-dose aldesleukin SC daily for 12 weeks.&#xD;
busulfan: Given PO or IV&#xD;
etoposide: Given IV&#xD;
aldesleukin: Given SC&#xD;
peripheral blood stem cell transplantation: Undergo autologous or syngeneic stem cell rescue</description>
        </group>
      </group_list>
      <analyzed_list>
        <analyzed>
          <units>Participants</units>
          <scope>Overall</scope>
          <count_list>
            <count group_id="B1" value="29"/>
          </count_list>
        </analyzed>
      </analyzed_list>
      <measure_list>
        <measure>
          <title>Age</title>
          <units>Participants</units>
          <param>Count of Participants</param>
          <class_list>
            <class>
              <category_list>
                <category>
                  <title>&lt;=18 years</title>
                  <measurement_list>
                    <measurement group_id="B1" value="0"/>
                  </measurement_list>
                </category>
                <category>
                  <title>Between 18 and 65 years</title>
                  <measurement_list>
                    <measurement group_id="B1" value="28"/>
                  </measurement_list>
                </category>
                <category>
                  <title>&gt;=65 years</title>
                  <measurement_list>
                    <measurement group_id="B1" value="1"/>
                  </measurement_list>
                </category>
              </category_list>
            </class>
          </class_list>
        </measure>
        <measure>
          <title>Age</title>
          <units>years</units>
          <param>Median</param>
          <dispersion>Full Range</dispersion>
          <class_list>
            <class>
              <category_list>
                <category>
                  <measurement_list>
                    <measurement group_id="B1" value="52" lower_limit="26" upper_limit="65"/>
                  </measurement_list>
                </category>
              </category_list>
            </class>
          </class_list>
        </measure>
        <measure>
          <title>Sex: Female, Male</title>
          <units>Participants</units>
          <param>Count of Participants</param>
          <class_list>
            <class>
              <category_list>
                <category>
                  <title>Female</title>
                  <measurement_list>
                    <measurement group_id="B1" value="13"/>
                  </measurement_list>
                </category>
                <category>
                  <title>Male</title>
                  <measurement_list>
                    <measurement group_id="B1" value="16"/>
                  </measurement_list>
                </category>
              </category_list>
            </class>
          </class_list>
        </measure>
        <measure>
          <title>Region of Enrollment</title>
          <units>participants</units>
          <param>Number</param>
          <class_list>
            <class>
              <title>United States</title>
              <category_list>
                <category>
                  <measurement_list>
                    <measurement group_id="B1" value="29"/>
                  </measurement_list>
                </category>
              </category_list>
            </class>
          </class_list>
        </measure>
      </measure_list>
    </baseline>

    <outcome_list>
      <outcome>
        <type>Primary</type>
        <title>Overall Survival of Patients on Busulfan and Etoposide Followed by Stem Cell Rescue and Aldesleukin</title>
        <description>Estimated by the method of Kaplan and Meier.</description>
        <time_frame>From date of transplant to date of death from any cause, assessed up to 178 months</time_frame>
        <group_list>
          <group group_id="O1">
            <title>Treatment (Chemo, Stem Cell Rescue, Interleukin Therapy)</title>
            <description>PREPARATIVE REGIMEN: Patients receive busulfan IV over 2 hours or PO every 6 hours on days -7 to -4 and etoposide IV on day -3.&#xD;
STEM CELL INFUSION: Patients undergo autologous or syngeneic PBSC rescue on day 0.&#xD;
POST-TRANSPLANT ALDESLEUKIN THERAPY: Beginning 30-100 days after transplant, patients receive low-dose aldesleukin SC daily for 12 weeks.&#xD;
busulfan: Given PO or IV&#xD;
etoposide: Given IV&#xD;
aldesleukin: Given SC&#xD;
peripheral blood stem cell transplantation: Undergo autologous or syngeneic stem cell rescue</description>
          </group>
        </group_list>
        <measure>
          <title>Overall Survival of Patients on Busulfan and Etoposide Followed by Stem Cell Rescue and Aldesleukin</title>
          <description>Estimated by the method of Kaplan and Meier.</description>
          <units>Participants</units>
          <param>Count of Participants</param>
          <analyzed_list>
            <analyzed>
              <units>Participants</units>
              <scope>Measure</scope>
              <count_list>
                <count group_id="O1" value="29"/>
              </count_list>
            </analyzed>
          </analyzed_list>
          <class_list>
            <class>
              <category_list>
                <category>
                  <measurement_list>
                    <measurement group_id="O1" value="14"/>
                  </measurement_list>
                </category>
              </category_list>
            </class>
          </class_list>
        </measure>
      </outcome>
      <outcome>
        <type>Primary</type>
        <title>Toxicity Associated With High-dose Busulfan and Etoposide Followed by Stem Cell Rescue</title>
        <description>Toxicity is defined as any grade 3 or grade 4 toxicity per the Bearman toxicity grading criteria following Busulfan and Etoposide high-dose chemotherapy, stem cell transplant, and the inability to recover sufficiently by day 100 to start IL-2 therapy.</description>
        <time_frame>Day -7 of transplant to 100 days post transplant</time_frame>
        <group_list>
          <group group_id="O1">
            <title>Treatment (Chemo, Stem Cell Rescue, Interleukin Therapy)</title>
            <description>PREPARATIVE REGIMEN: Patients receive busulfan IV over 2 hours or PO every 6 hours on days -7 to -4 and etoposide IV on day -3.&#xD;
STEM CELL INFUSION: Patients undergo autologous or syngeneic PBSC rescue on day 0.&#xD;
POST-TRANSPLANT ALDESLEUKIN THERAPY: Beginning 30-100 days after transplant, patients receive low-dose aldesleukin SC daily for 12 weeks.&#xD;
busulfan: Given PO or IV&#xD;
etoposide: Given IV&#xD;
aldesleukin: Given SC&#xD;
peripheral blood stem cell transplantation: Undergo autologous or syngeneic stem cell rescue</description>
          </group>
        </group_list>
        <measure>
          <title>Toxicity Associated With High-dose Busulfan and Etoposide Followed by Stem Cell Rescue</title>
          <description>Toxicity is defined as any grade 3 or grade 4 toxicity per the Bearman toxicity grading criteria following Busulfan and Etoposide high-dose chemotherapy, stem cell transplant, and the inability to recover sufficiently by day 100 to start IL-2 therapy.</description>
          <units>Participants</units>
          <param>Count of Participants</param>
          <analyzed_list>
            <analyzed>
              <units>Participants</units>
              <scope>Measure</scope>
              <count_list>
                <count group_id="O1" value="29"/>
              </count_list>
            </analyzed>
          </analyzed_list>
          <class_list>
            <class>
              <category_list>
                <category>
                  <measurement_list>
                    <measurement group_id="O1" value="2"/>
                  </measurement_list>
                </category>
              </category_list>
            </class>
          </class_list>
        </measure>
      </outcome>
      <outcome>
        <type>Primary</type>
        <title>Toxicity Associated With Aldesleukin Treatment After Stem Cell Rescue</title>
        <description>Toxicity during IL-2 therapy of any of the following per NCI Common Toxicity version 3: grade 2, 3, 4, or 5 CNS (except grade 0-3 malaise, fatigue, anxiety and depression) toxicity; grade 3, 4, or 5 non-CNS or non-hematologic toxicity; any grade 4 or 5 hematologic toxicity.</description>
        <time_frame>IL-2 administration to one month after completion of IL-2 treatment</time_frame>
        <population>29 patients underwent autologous transplant and 21 of these patients after transplant went on to get IL-2 treatment . Toxicity for IL-2 therapy thus was only analyzed in these later 21 patients.</population>
        <group_list>
          <group group_id="O1">
            <title>Treatment (Chemo, Stem Cell Rescue, Interleukin Therapy)</title>
            <description>PREPARATIVE REGIMEN: Patients receive busulfan IV over 2 hours or PO every 6 hours on days -7 to -4 and etoposide IV on day -3.&#xD;
STEM CELL INFUSION: Patients undergo autologous or syngeneic PBSC rescue on day 0.&#xD;
POST-TRANSPLANT ALDESLEUKIN THERAPY: Beginning 30-100 days after transplant, patients receive low-dose aldesleukin SC daily for 12 weeks.&#xD;
busulfan: Given PO or IV&#xD;
etoposide: Given IV&#xD;
aldesleukin: Given SC&#xD;
peripheral blood stem cell transplantation: Undergo autologous or syngeneic stem cell rescue</description>
          </group>
        </group_list>
        <measure>
          <title>Toxicity Associated With Aldesleukin Treatment After Stem Cell Rescue</title>
          <description>Toxicity during IL-2 therapy of any of the following per NCI Common Toxicity version 3: grade 2, 3, 4, or 5 CNS (except grade 0-3 malaise, fatigue, anxiety and depression) toxicity; grade 3, 4, or 5 non-CNS or non-hematologic toxicity; any grade 4 or 5 hematologic toxicity.</description>
          <population>29 patients underwent autologous transplant and 21 of these patients after transplant went on to get IL-2 treatment . Toxicity for IL-2 therapy thus was only analyzed in these later 21 patients.</population>
          <units>Participants</units>
          <param>Count of Participants</param>
          <analyzed_list>
            <analyzed>
              <units>Participants</units>
              <scope>Measure</scope>
              <count_list>
                <count group_id="O1" value="21"/>
              </count_list>
            </analyzed>
          </analyzed_list>
          <class_list>
            <class>
              <category_list>
                <category>
                  <measurement_list>
                    <measurement group_id="O1" value="6"/>
                  </measurement_list>
                </category>
              </category_list>
            </class>
          </class_list>
        </measure>
      </outcome>
      <outcome>
        <type>Secondary</type>
        <title>Proportion of Patients Who Relapsed Associated With the Regimen</title>
        <time_frame>From date of transplant to date of death from any cause, assessed up to 178 months</time_frame>
        <group_list>
          <group group_id="O1">
            <title>Treatment (Chemo, Stem Cell Rescue, Interleukin Therapy)</title>
            <description>PREPARATIVE REGIMEN: Patients receive busulfan IV over 2 hours or PO every 6 hours on days -7 to -4 and etoposide IV on day -3.&#xD;
STEM CELL INFUSION: Patients undergo autologous or syngeneic PBSC rescue on day 0.&#xD;
POST-TRANSPLANT ALDESLEUKIN THERAPY: Beginning 30-100 days after transplant, patients receive low-dose aldesleukin SC daily for 12 weeks.&#xD;
busulfan: Given PO or IV&#xD;
etoposide: Given IV&#xD;
aldesleukin: Given SC&#xD;
peripheral blood stem cell transplantation: Undergo autologous or syngeneic stem cell rescue</description>
          </group>
        </group_list>
        <measure>
          <title>Proportion of Patients Who Relapsed Associated With the Regimen</title>
          <units>Participants</units>
          <param>Count of Participants</param>
          <analyzed_list>
            <analyzed>
              <units>Participants</units>
              <scope>Measure</scope>
              <count_list>
                <count group_id="O1" value="29"/>
              </count_list>
            </analyzed>
          </analyzed_list>
          <class_list>
            <class>
              <category_list>
                <category>
                  <measurement_list>
                    <measurement group_id="O1" value="16"/>
                  </measurement_list>
                </category>
              </category_list>
            </class>
          </class_list>
        </measure>
      </outcome>
    </outcome_list>

    <reported_events>
      <time_frame>Day -7 pre transplant to approximately 212 days post transplant</time_frame>
      <desc>Transplant (TX) toxicities grade ≥3 per Bearman toxicity grading measured day -7 to the start of IL-2 therapy.&#xD;
Post-TX IL-2 therapy toxicities graded per NCI Common Toxicity version 3 measured from the start of IL-2 to one month after completion of IL-2: grade 2-5 CNS (except grade 0-3 malaise, fatigue, anxiety and depression) toxicity; grade 3- 5 non-CNS or non-hematologic toxicity; any grade 4 or 5 hematologic toxicity. 29 patients got TX and 21 patients got IL-2 after transplant.</desc>
      <group_list>
        <group group_id="E1">
          <title>Treatment</title>
          <description>PREPARATIVE REGIMEN: Patients receive busulfan IV over 2 hours or PO every 6 hours on days -7 to -4 and etoposide IV on day -3.&#xD;
STEM CELL INFUSION: Patients undergo autologous or syngeneic PBSC rescue on day 0.&#xD;
POST-TRANSPLANT ALDESLEUKIN THERAPY: Beginning 30-100 days after transplant, patients receive low-dose aldesleukin SC daily for 12 weeks.&#xD;
busulfan: Given PO or IV&#xD;
etoposide: Given IV&#xD;
aldesleukin: Given SC&#xD;
peripheral blood stem cell transplantation: Undergo autologous or syngeneic stem cell rescue</description>
        </group>
      </group_list>
      <serious_events>
        <default_assessment>Systematic Assessment</default_assessment>
        <category_list>
          <category>
            <title>Total</title>
            <event_list>
              <event>
                <sub_title>Total, all-cause mortality</sub_title>
                <counts group_id="E1" subjects_affected="0" subjects_at_risk="29"/>
              </event>
              <event>
                <sub_title>Total, serious adverse events</sub_title>
                <counts group_id="E1" subjects_affected="5" subjects_at_risk="29"/>
              </event>
            </event_list>
          </category>
          <category>
            <title>Infections and infestations</title>
            <event_list>
              <event>
                <sub_title>Hospitalization for infection</sub_title>
                <description>Transplant toxicity. Note: No SAEs in IL-2 portion of the study.</description>
                <counts group_id="E1" subjects_affected="2" subjects_at_risk="29"/>
              </event>
            </event_list>
          </category>
          <category>
            <title>Investigations</title>
            <event_list>
              <event>
                <sub_title>Prolonged Hospitalization (34 days) for hyperbilirubinemia</sub_title>
                <description>Transplant toxicity. Note: No SAEs in IL-2 portion of the study. Possible autoimmune hemolysis or syngeneic GVHD and severe skin desquamation</description>
                <counts group_id="E1" subjects_affected="1" subjects_at_risk="29"/>
              </event>
            </event_list>
          </category>
          <category>
            <title>Nervous system disorders</title>
            <event_list>
              <event>
                <sub_title>Stroke</sub_title>
                <description>Transplant toxicity. Note: No SAEs in IL-2 portion of the study.</description>
                <counts group_id="E1" subjects_affected="1" subjects_at_risk="29"/>
              </event>
            </event_list>
          </category>
          <category>
            <title>Vascular disorders</title>
            <event_list>
              <event>
                <sub_title>Hospitalization for pulmonary embolus (likely from Hickman line)</sub_title>
                <description>Transplant toxicity. Note: No SAEs in IL-2 portion of the study.</description>
                <counts group_id="E1" subjects_affected="1" subjects_at_risk="29"/>
              </event>
            </event_list>
          </category>
        </category_list>
      </serious_events>
      <other_events>
        <frequency_threshold>5</frequency_threshold>
        <default_assessment>Systematic Assessment</default_assessment>
        <category_list>
          <category>
            <title>Total</title>
            <event_list>
              <event>
                <sub_title>Total, other adverse events</sub_title>
                <counts group_id="E1" subjects_affected="29" subjects_at_risk="29"/>
              </event>
            </event_list>
          </category>
          <category>
            <title>Blood and lymphatic system disorders</title>
            <event_list>
              <event>
                <sub_title>Myelosuppression</sub_title>
                <description>Transplant toxicity</description>
                <counts group_id="E1" subjects_affected="29" subjects_at_risk="29"/>
              </event>
              <event>
                <sub_title>Hematologic</sub_title>
                <description>NCI Common Toxicity Version 3 - Toxicity to IL-2 Therapy. Only 21 of 29 transplanted patients got IL-2 therapy.</description>
                <counts group_id="E1" subjects_affected="4" subjects_at_risk="21"/>
              </event>
            </event_list>
          </category>
        </category_list>
      </other_events>
    </reported_events>

    <certain_agreements>
      <pi_employee>All Principal Investigators ARE employed by the organization sponsoring the study.</pi_employee>
      <restrictive_agreement>There is NOT an agreement between Principal Investigators and the Sponsor (or its agents) that restricts the PI's rights to discuss or publish trial results after the trial is completed. </restrictive_agreement>
    </certain_agreements>
    <point_of_contact>
      <name_or_title>Dr. Leona A. Holmberg</name_or_title>
      <organization>Fred Hutchinson Cancer Research Center</organization>
      <phone>206-667-6447</phone>
      <email>lholmber@fredhutch.org</email>
    </point_of_contact>
  </clinical_results>
</clinical_study>

