<?xml version="1.0" encoding="UTF-8"?>
<clinical_study rank="135">
  <!-- This xml conforms to an XML Schema at:
    https://clinicaltrials.gov/ct2/html/images/info/public.xsd -->
  <required_header>
    <download_date>ClinicalTrials.gov processed this data on May 11, 2021</download_date>
    <link_text>Link to the current ClinicalTrials.gov record.</link_text>
    <url>https://clinicaltrials.gov/show/NCT00008164</url>
  </required_header>
  <id_info>
    <org_study_id>CDR0000068384</org_study_id>
    <secondary_id>CPMC-IRB-7934</secondary_id>
    <secondary_id>CPMC-CAMP-021</secondary_id>
    <secondary_id>NCI-G00-1899</secondary_id>
    <nct_id>NCT00008164</nct_id>
  </id_info>
  <brief_title>Umbilical Cord Blood and Placental Blood Transplantation in Treating Patients With Hematologic Cancer or Aplastic Anemia</brief_title>
  <official_title>Transplantation Using Umbilical Cord And Placental Blood</official_title>
  <sponsors>
    <lead_sponsor>
      <agency>Herbert Irving Comprehensive Cancer Center</agency>
      <agency_class>Other</agency_class>
    </lead_sponsor>
    <collaborator>
      <agency>National Cancer Institute (NCI)</agency>
      <agency_class>NIH</agency_class>
    </collaborator>
  </sponsors>
  <source>National Cancer Institute (NCI)</source>
  <brief_summary>
    <textblock>
      RATIONALE: Umbilical cord blood or placental blood transplantation may be able to replace&#xD;
      immune cells that were destroyed by the chemotherapy or radiation therapy that was used to&#xD;
      kill cancer cells.&#xD;
&#xD;
      PURPOSE: Phase II trial to study the effectiveness of umbilical cord blood and placental&#xD;
      blood transplantation in treating patients who have hematologic cancer or aplastic anemia.&#xD;
    </textblock>
  </brief_summary>
  <detailed_description>
    <textblock>
      OBJECTIVES:&#xD;
&#xD;
        -  Determine the response rate of patients with chronic myeloid leukemia, acute leukemia,&#xD;
           lymphoma, myeloma, myelodysplasia, aplastic anemia, Fanconi's anemia, histiocytosis,&#xD;
           hereditary immunodeficiency, or storage disorder treated with allogeneic umbilical cord&#xD;
           and placental blood transplantation.&#xD;
&#xD;
        -  Determine the toxicity of this regimen in these patients.&#xD;
&#xD;
        -  Determine survival in these patients treated with this regimen.&#xD;
&#xD;
        -  Determine the incidence of graft-versus-host disease in these patients treated with this&#xD;
           regimen.&#xD;
&#xD;
      OUTLINE: Patients receive a standard preparative regimen for their disease. Following the&#xD;
      preparative regimen patients undergo umbilical cord blood stem cell transplantation on day 0.&#xD;
&#xD;
      Patients are followed every 1-2 weeks for 6 months.&#xD;
&#xD;
      PROJECTED ACCRUAL: A total of 30 patients will be accrued for this study within 4-5 years.&#xD;
    </textblock>
  </detailed_description>
  <overall_status>Unknown status</overall_status>
  <last_known_status>Active, not recruiting</last_known_status>
  <start_date>January 1997</start_date>
  <phase>Phase 2</phase>
  <study_type>Interventional</study_type>
  <has_expanded_access>No</has_expanded_access>
  <study_design_info>
    <primary_purpose>Treatment</primary_purpose>
  </study_design_info>
  <primary_outcome>
    <measure>Response rate</measure>
  </primary_outcome>
  <primary_outcome>
    <measure>Toxicity</measure>
  </primary_outcome>
  <primary_outcome>
    <measure>Survival</measure>
  </primary_outcome>
  <primary_outcome>
    <measure>Incidence of graft-versus-host disease</measure>
  </primary_outcome>
  <enrollment type="Anticipated">30</enrollment>
  <condition>Childhood Langerhans Cell Histiocytosis</condition>
  <condition>Leukemia</condition>
  <condition>Lymphoma</condition>
  <condition>Multiple Myeloma and Plasma Cell Neoplasm</condition>
  <condition>Myelodysplastic Syndromes</condition>
  <condition>Myelodysplastic/Myeloproliferative Neoplasms</condition>
  <intervention>
    <intervention_type>Procedure</intervention_type>
    <intervention_name>umbilical cord blood transplantation</intervention_name>
  </intervention>
  <eligibility>
    <criteria>
      <textblock>
        DISEASE CHARACTERISTICS:&#xD;
&#xD;
          -  Diagnosis of chronic myeloid leukemia, acute leukemia, lymphoma, myeloma,&#xD;
             myelodysplasia, aplastic anemia, Fanconi's anemia, histiocytosis, hereditary&#xD;
             immunodeficiency, or storage disorder&#xD;
&#xD;
          -  Eligible for allogeneic bone marrow transplantation, but lacking a donor&#xD;
&#xD;
          -  Available donor umbilical cord blood that is mismatched on no more than 2 HLA loci&#xD;
&#xD;
               -  HIV negative&#xD;
&#xD;
               -  Hepatitis B surface antigen and hepatitis C negative&#xD;
&#xD;
        PATIENT CHARACTERISTICS:&#xD;
&#xD;
        Age:&#xD;
&#xD;
          -  Under physiologic 60&#xD;
&#xD;
        Performance status:&#xD;
&#xD;
          -  Not specified&#xD;
&#xD;
        Life expectancy:&#xD;
&#xD;
          -  Not specified&#xD;
&#xD;
        Hematopoietic:&#xD;
&#xD;
          -  Not specified&#xD;
&#xD;
        Hepatic:&#xD;
&#xD;
          -  Bilirubin less than 2 times normal&#xD;
&#xD;
          -  No severe hepatic disease&#xD;
&#xD;
          -  Hepatitis B surface antigen and hepatitis C negative&#xD;
&#xD;
        Renal:&#xD;
&#xD;
          -  Creatinine less than 2 times normal&#xD;
&#xD;
        Other:&#xD;
&#xD;
          -  HIV negative&#xD;
&#xD;
          -  Not pregnant or nursing&#xD;
&#xD;
          -  No other serious medical or psychiatric illness that would preclude study compliance&#xD;
&#xD;
          -  No serious infection&#xD;
&#xD;
        PRIOR CONCURRENT THERAPY:&#xD;
&#xD;
        Biologic therapy&#xD;
&#xD;
          -  Not specified&#xD;
&#xD;
        Chemotherapy&#xD;
&#xD;
          -  Not specified&#xD;
&#xD;
        Endocrine therapy&#xD;
&#xD;
          -  Not specified&#xD;
&#xD;
        Radiotherapy&#xD;
&#xD;
          -  Not specified&#xD;
&#xD;
        Surgery&#xD;
&#xD;
          -  Not specified&#xD;
      </textblock>
    </criteria>
    <gender>All</gender>
    <minimum_age>N/A</minimum_age>
    <maximum_age>60 Years</maximum_age>
    <healthy_volunteers>No</healthy_volunteers>
  </eligibility>
  <overall_official>
    <last_name>David G. Savage, MD</last_name>
    <role>Study Chair</role>
    <affiliation>Herbert Irving Comprehensive Cancer Center</affiliation>
  </overall_official>
  <location>
    <facility>
      <name>Herbert Irving Comprehensive Cancer Center at Columbia University</name>
      <address>
        <city>New York</city>
        <state>New York</state>
        <zip>10032</zip>
        <country>United States</country>
      </address>
    </facility>
  </location>
  <location_countries>
    <country>United States</country>
  </location_countries>
  <results_reference>
    <citation>Styczynski J, Cheung YK, Garvin J, Savage DG, Billote GB, Harrison L, Skerrett D, Wolownik K, Wischhover C, Hawks R, Bradley MB, Del Toro G, George D, Yamashiro D, van de Ven C, Cairo MS. Outcomes of unrelated cord blood transplantation in pediatric recipients. Bone Marrow Transplant. 2004 Jul;34(2):129-36.</citation>
    <PMID>15107815</PMID>
  </results_reference>
  <verification_date>January 2007</verification_date>
  <study_first_submitted>January 6, 2001</study_first_submitted>
  <study_first_submitted_qc>January 26, 2003</study_first_submitted_qc>
  <study_first_posted type="Estimate">January 27, 2003</study_first_posted>
  <last_update_submitted>December 17, 2013</last_update_submitted>
  <last_update_submitted_qc>December 17, 2013</last_update_submitted_qc>
  <last_update_posted type="Estimate">December 18, 2013</last_update_posted>
  <keyword>recurrent childhood acute lymphoblastic leukemia</keyword>
  <keyword>recurrent adult Hodgkin lymphoma</keyword>
  <keyword>recurrent cutaneous T-cell non-Hodgkin lymphoma</keyword>
  <keyword>refractory multiple myeloma</keyword>
  <keyword>stage I multiple myeloma</keyword>
  <keyword>stage II multiple myeloma</keyword>
  <keyword>stage III multiple myeloma</keyword>
  <keyword>recurrent childhood lymphoblastic lymphoma</keyword>
  <keyword>recurrent childhood acute myeloid leukemia</keyword>
  <keyword>recurrent adult acute myeloid leukemia</keyword>
  <keyword>recurrent adult acute lymphoblastic leukemia</keyword>
  <keyword>relapsing chronic myelogenous leukemia</keyword>
  <keyword>childhood Langerhans cell histiocytosis</keyword>
  <keyword>chronic phase chronic myelogenous leukemia</keyword>
  <keyword>accelerated phase chronic myelogenous leukemia</keyword>
  <keyword>blastic phase chronic myelogenous leukemia</keyword>
  <keyword>meningeal chronic myelogenous leukemia</keyword>
  <keyword>untreated adult acute lymphoblastic leukemia</keyword>
  <keyword>untreated adult acute myeloid leukemia</keyword>
  <keyword>untreated childhood acute myeloid leukemia and other myeloid malignancies</keyword>
  <keyword>untreated childhood acute lymphoblastic leukemia</keyword>
  <keyword>recurrent/refractory childhood Hodgkin lymphoma</keyword>
  <keyword>stage I adult Burkitt lymphoma</keyword>
  <keyword>stage III grade 1 follicular lymphoma</keyword>
  <keyword>stage III grade 2 follicular lymphoma</keyword>
  <keyword>stage III grade 3 follicular lymphoma</keyword>
  <keyword>stage III adult diffuse small cleaved cell lymphoma</keyword>
  <keyword>stage III adult diffuse mixed cell lymphoma</keyword>
  <keyword>stage III adult diffuse large cell lymphoma</keyword>
  <keyword>stage III adult immunoblastic large cell lymphoma</keyword>
  <keyword>stage III adult lymphoblastic lymphoma</keyword>
  <keyword>stage III adult Burkitt lymphoma</keyword>
  <keyword>stage IV grade 1 follicular lymphoma</keyword>
  <keyword>stage IV grade 2 follicular lymphoma</keyword>
  <keyword>stage IV grade 3 follicular lymphoma</keyword>
  <keyword>stage IV adult diffuse small cleaved cell lymphoma</keyword>
  <keyword>stage IV adult diffuse mixed cell lymphoma</keyword>
  <keyword>stage IV adult diffuse large cell lymphoma</keyword>
  <keyword>stage IV adult immunoblastic large cell lymphoma</keyword>
  <keyword>stage IV adult lymphoblastic lymphoma</keyword>
  <keyword>stage IV adult Burkitt lymphoma</keyword>
  <keyword>recurrent grade 1 follicular lymphoma</keyword>
  <keyword>recurrent grade 2 follicular lymphoma</keyword>
  <keyword>recurrent grade 3 follicular lymphoma</keyword>
  <keyword>recurrent adult diffuse small cleaved cell lymphoma</keyword>
  <keyword>recurrent adult diffuse mixed cell lymphoma</keyword>
  <keyword>recurrent adult diffuse large cell lymphoma</keyword>
  <keyword>recurrent adult immunoblastic large cell lymphoma</keyword>
  <keyword>recurrent adult lymphoblastic lymphoma</keyword>
  <keyword>recurrent adult Burkitt lymphoma</keyword>
  <keyword>de novo myelodysplastic syndromes</keyword>
  <keyword>previously treated myelodysplastic syndromes</keyword>
  <keyword>secondary myelodysplastic syndromes</keyword>
  <keyword>recurrent childhood small noncleaved cell lymphoma</keyword>
  <keyword>recurrent childhood large cell lymphoma</keyword>
  <keyword>contiguous stage II adult Burkitt lymphoma</keyword>
  <keyword>contiguous stage II adult lymphoblastic lymphoma</keyword>
  <keyword>noncontiguous stage II grade 1 follicular lymphoma</keyword>
  <keyword>noncontiguous stage II grade 2 follicular lymphoma</keyword>
  <keyword>noncontiguous stage II grade 3 follicular lymphoma</keyword>
  <keyword>noncontiguous stage II adult diffuse small cleaved cell lymphoma</keyword>
  <keyword>noncontiguous stage II mantle cell lymphoma</keyword>
  <keyword>noncontiguous stage II adult diffuse mixed cell lymphoma</keyword>
  <keyword>noncontiguous stage II adult immunoblastic large cell lymphoma</keyword>
  <keyword>noncontiguous stage II adult diffuse large cell lymphoma</keyword>
  <keyword>noncontiguous stage II adult Burkitt lymphoma</keyword>
  <keyword>noncontiguous stage II adult lymphoblastic lymphoma</keyword>
  <keyword>stage III mantle cell lymphoma</keyword>
  <keyword>stage IV mantle cell lymphoma</keyword>
  <keyword>recurrent mantle cell lymphoma</keyword>
  <keyword>recurrent mycosis fungoides/Sezary syndrome</keyword>
  <keyword>childhood chronic myelogenous leukemia</keyword>
  <keyword>atypical chronic myeloid leukemia, BCR-ABL1 negative</keyword>
  <keyword>myelodysplastic/myeloproliferative neoplasm, unclassifiable</keyword>
  <keyword>noncontiguous stage II small lymphocytic lymphoma</keyword>
  <keyword>noncontiguous stage II marginal zone lymphoma</keyword>
  <keyword>recurrent marginal zone lymphoma</keyword>
  <keyword>recurrent small lymphocytic lymphoma</keyword>
  <keyword>stage III small lymphocytic lymphoma</keyword>
  <keyword>stage III marginal zone lymphoma</keyword>
  <keyword>stage IV small lymphocytic lymphoma</keyword>
  <keyword>stage IV marginal zone lymphoma</keyword>
  <keyword>extranodal marginal zone B-cell lymphoma of mucosa-associated lymphoid tissue</keyword>
  <keyword>nodal marginal zone B-cell lymphoma</keyword>
  <keyword>splenic marginal zone lymphoma</keyword>
  <keyword>adult acute myeloid leukemia with t(8;21)(q22;q22)</keyword>
  <keyword>adult acute myeloid leukemia with t(16;16)(p13;q22)</keyword>
  <keyword>adult acute myeloid leukemia with inv(16)(p13;q22)</keyword>
  <keyword>adult acute myeloid leukemia with 11q23 (MLL) abnormalities</keyword>
  <keyword>adult acute myeloid leukemia with t(15;17)(q22;q12)</keyword>
  <keyword>childhood myelodysplastic syndromes</keyword>
  <condition_browse>
    <!-- CAUTION:  The following MeSH terms are assigned with an imperfect algorithm            -->
    <mesh_term>Lymphoma</mesh_term>
    <mesh_term>Leukemia</mesh_term>
    <mesh_term>Neoplasms</mesh_term>
    <mesh_term>Multiple Myeloma</mesh_term>
    <mesh_term>Neoplasms, Plasma Cell</mesh_term>
    <mesh_term>Preleukemia</mesh_term>
    <mesh_term>Histiocytosis, Langerhans-Cell</mesh_term>
    <mesh_term>Myelodysplastic Syndromes</mesh_term>
    <mesh_term>Myeloproliferative Disorders</mesh_term>
    <mesh_term>Myelodysplastic-Myeloproliferative Diseases</mesh_term>
    <mesh_term>Histiocytosis</mesh_term>
    <mesh_term>Syndrome</mesh_term>
  </condition_browse>
  <!-- Results have not yet been posted for this study                                          -->
</clinical_study>

