<?xml version="1.0" encoding="UTF-8"?>
<clinical_study rank="197">
  <!-- This xml conforms to an XML Schema at:
    https://clinicaltrials.gov/ct2/html/images/info/public.xsd -->
  <required_header>
    <download_date>ClinicalTrials.gov processed this data on May 11, 2021</download_date>
    <link_text>Link to the current ClinicalTrials.gov record.</link_text>
    <url>https://clinicaltrials.gov/show/NCT01251575</url>
  </required_header>
  <id_info>
    <org_study_id>2206.00</org_study_id>
    <secondary_id>NCI-2010-02222</secondary_id>
    <secondary_id>2206.00</secondary_id>
    <secondary_id>P01CA018029</secondary_id>
    <secondary_id>P30CA015704</secondary_id>
    <secondary_id>RG9213055</secondary_id>
    <nct_id>NCT01251575</nct_id>
  </id_info>
  <brief_title>Sirolimus, Cyclosporine, and Mycophenolate Mofetil in Preventing Graft-versus-Host Disease in Treating Patients With Blood Cancer Undergoing Donor Peripheral Blood Stem Cell Transplant</brief_title>
  <official_title>A Phase II Study to Assess Immunosuppression With Sirolimus Combined With Cyclosporine (CSP) and Mycophenolate Mofetil (MMF) for Prevention of Acute GVHD After Non-Myeloablative HLA Class I or II Mismatched Donor Hematopoietic Cell Transplantation- A Multi-Center Trial</official_title>
  <sponsors>
    <lead_sponsor>
      <agency>Fred Hutchinson Cancer Research Center</agency>
      <agency_class>Other</agency_class>
    </lead_sponsor>
    <collaborator>
      <agency>National Cancer Institute (NCI)</agency>
      <agency_class>NIH</agency_class>
    </collaborator>
  </sponsors>
  <source>Fred Hutchinson Cancer Research Center</source>
  <oversight_info>
    <has_dmc>Yes</has_dmc>
  </oversight_info>
  <brief_summary>
    <textblock>
      This phase II trial studies how well sirolimus, cyclosporine and mycophenolate mofetil works&#xD;
      in preventing graft-vs-host disease (GVHD) in patients with blood cancer undergoing donor&#xD;
      peripheral blood stem cell (PBSC) transplant. Giving chemotherapy and total-body irradiation&#xD;
      before a donor peripheral blood stem cell transplant helps stop the growth of cancer cells.&#xD;
      It may also stop the patient's immune system from rejecting the donor's stem cells. When the&#xD;
      healthy stem cells from a donor are infused into the patient they may help the patient's bone&#xD;
      marrow make stem cells, red blood cells, white blood cells, and platelets. Sometimes the&#xD;
      transplanted cells from a donor can make an immune response against the body's normal cells.&#xD;
      Giving total-body irradiation together with sirolimus, cyclosporine, and mycophenolate&#xD;
      mofetil before and after transplant may stop this from happening.&#xD;
    </textblock>
  </brief_summary>
  <detailed_description>
    <textblock>
      PRIMARY OBJECTIVES:&#xD;
&#xD;
      I. To determine whether the incidence of acute GVHD grades II-IV can be reduced to less than&#xD;
      the historical rate of 70% with the triple-immunosuppressant combination of cyclosporine&#xD;
      (CSP)/mycophenolate mofetil (MMF) with sirolimus in human leukocyte antigens (HLA) class I or&#xD;
      class II mismatched related or unrelated donor hematopoietic cell transplantation (HCT) using&#xD;
      nonmyeloablative conditioning. The evaluation will be carried out separately among class I&#xD;
      and class II mismatched patients.&#xD;
&#xD;
      SECONDARY OBJECTIVES:&#xD;
&#xD;
      I. To evaluate the incidence of non-relapse mortality before day 100.&#xD;
&#xD;
      II. To evaluate the incidences of grades III-IV acute GVHD.&#xD;
&#xD;
      OUTLINE:&#xD;
&#xD;
      CONDITIONING: Patients receive fludarabine phosphate intravenously (IV) over 30 minutes on&#xD;
      days -4 to -2. Patients also undergo total-body irradiation on day 0.&#xD;
&#xD;
      TRANSPLANTATION: Patients undergo allogeneic peripheral blood stem cell transplantation.&#xD;
&#xD;
      IMMUNOSUPPRESSION: Patients receive sirolimus orally (PO) once daily (QD) on days -3 to 180&#xD;
      with taper to day 365; cyclosporine PO twice daily (BID) on days -3 to 150 with taper to day&#xD;
      180; and mycophenolate mofetil PO thrice daily (TID) on days 0-30 and then BID to day 100&#xD;
      with taper to day 150.&#xD;
&#xD;
      After completion of study treatment, patients are followed up at 6 months and every year&#xD;
      thereafter.&#xD;
    </textblock>
  </detailed_description>
  <overall_status>Completed</overall_status>
  <start_date type="Actual">December 1, 2010</start_date>
  <completion_date type="Actual">February 11, 2019</completion_date>
  <primary_completion_date type="Actual">November 23, 2018</primary_completion_date>
  <phase>Phase 2</phase>
  <study_type>Interventional</study_type>
  <has_expanded_access>No</has_expanded_access>
  <study_design_info>
    <allocation>N/A</allocation>
    <intervention_model>Single Group Assignment</intervention_model>
    <primary_purpose>Treatment</primary_purpose>
    <masking>None (Open Label)</masking>
  </study_design_info>
  <primary_outcome>
    <measure>Number of Patients With Grade II-IV Acute Graft Versus Host Disease (GVHD)</measure>
    <time_frame>100 days post-transplant</time_frame>
    <description>Number of patients with grades II-IV acute GVHD&#xD;
aGVHD Stages&#xD;
Skin:&#xD;
a maculopapular eruption involving &lt; 25% BSA&#xD;
a maculopapular eruption involving 25 - 50% BSA&#xD;
generalized erythroderma&#xD;
generalized erythroderma w/ bullous formation and often w/ desquamation&#xD;
Liver:&#xD;
bilirubin 2.0 - 3.0 mg/100 mL&#xD;
bilirubin 3 - 5.9 mg/100 mL&#xD;
bilirubin 6 - 14.9 mg/100 mL&#xD;
bilirubin &gt; 15 mg/100 mL&#xD;
Gut:&#xD;
Diarrhea is graded 1 - 4 in severity. Nausea and vomiting and/or anorexia caused by GVHD is assigned as 1 in severity. The severity of gut involvement is assigned to the most severe involvement noted. Patients w/ visible bloody diarrhea are at least stage 2 gut and grade 3 overall.&#xD;
aGVHD Grades Grade II: Stage 1 - 2 skin w/ no gut/liver involvement Grade III: Stage 2 - 4 gut involvement and/or stage 2 - 4 liver involvement Grade IV: Pattern and severity of GVHD similar to grade 3 w/ extreme constitutional symptoms or death</description>
  </primary_outcome>
  <secondary_outcome>
    <measure>Number of Non-Relapse Mortalities</measure>
    <time_frame>100 days post-transplant</time_frame>
    <description>Number of patients expired without disease progression/relapse.</description>
  </secondary_outcome>
  <secondary_outcome>
    <measure>Number of Patients With Grade III-IV Acute GVHD</measure>
    <time_frame>100 days post-transplant</time_frame>
    <description>Number of patients with grades III-IV acute GVHD&#xD;
aGVHD Stages&#xD;
Skin:&#xD;
a maculopapular eruption involving &lt; 25% BSA&#xD;
a maculopapular eruption involving 25 - 50% BSA&#xD;
generalized erythroderma&#xD;
generalized erythroderma w/ bullous formation and often w/ desquamation&#xD;
Liver:&#xD;
bilirubin 2.0 - 3.0 mg/100 mL&#xD;
bilirubin 3 - 5.9 mg/100 mL&#xD;
bilirubin 6 - 14.9 mg/100 mL&#xD;
bilirubin &gt; 15 mg/100 mL&#xD;
Gut:&#xD;
Diarrhea is graded 1 - 4 in severity. Nausea and vomiting and/or anorexia caused by GVHD is assigned as 1 in severity. The severity of gut involvement is assigned to the most severe involvement noted. Patients w/ visible bloody diarrhea are at least stage 2 gut and grade 3 overall.&#xD;
aGVHD Grades Grade II: Stage 1 - 2 skin w/ no gut/liver involvement Grade III: Stage 2 - 4 gut involvement and/or stage 2 - 4 liver involvement Grade IV: Pattern and severity of GVHD similar to grade 3 w/ extreme constitutional symptoms or death</description>
  </secondary_outcome>
  <number_of_arms>1</number_of_arms>
  <enrollment type="Actual">77</enrollment>
  <condition>Adult Acute Lymphoblastic Leukemia</condition>
  <condition>Adult Acute Myeloid Leukemia</condition>
  <condition>Adult Diffuse Large B-Cell Lymphoma</condition>
  <condition>Adult Myelodysplastic Syndrome</condition>
  <condition>Adult Non-Hodgkin Lymphoma</condition>
  <condition>Aggressive Non-Hodgkin Lymphoma</condition>
  <condition>Childhood Acute Lymphoblastic Leukemia</condition>
  <condition>Childhood Acute Myeloid Leukemia</condition>
  <condition>Childhood Diffuse Large B-Cell Lymphoma</condition>
  <condition>Childhood Myelodysplastic Syndrome</condition>
  <condition>Childhood Non-Hodgkin Lymphoma</condition>
  <condition>Chronic Lymphocytic Leukemia</condition>
  <condition>Chronic Lymphocytic Leukemia in Remission</condition>
  <condition>Chronic Phase Chronic Myelogenous Leukemia, BCR-ABL1 Positive</condition>
  <condition>Hematopoietic and Lymphoid Cell Neoplasm</condition>
  <condition>Mantle Cell Lymphoma</condition>
  <condition>Plasma Cell Myeloma</condition>
  <condition>Prolymphocytic Leukemia</condition>
  <condition>Recurrent Chronic Lymphocytic Leukemia</condition>
  <condition>Refractory Chronic Lymphocytic Leukemia</condition>
  <condition>T-Cell Prolymphocytic Leukemia</condition>
  <condition>Waldenstrom Macroglobulinemia</condition>
  <condition>Recurrent Diffuse Large B-Cell Lymphoma</condition>
  <condition>Recurrent Hodgkin Lymphoma</condition>
  <arm_group>
    <arm_group_label>Treatment (fludarabine, transplant, immunosuppression)</arm_group_label>
    <arm_group_type>Experimental</arm_group_type>
    <description>CONDITIONING: Patients receive fludarabine phosphate IV over 30 minutes on days -4 to -2. Patients also undergo total-body irradiation on day 0.&#xD;
TRANSPLANTATION: Patients undergo allogeneic peripheral blood stem cell transplantation.&#xD;
IMMUNOSUPPRESSION: Patients receive sirolimus PO QD on days -3 to 180 with taper to day 365; cyclosporine PO BID on days -3 to 150 with taper to day 180; and mycophenolate mofetil PO TID on days 0-30 and then BID to day 100 with taper to day 150.</description>
  </arm_group>
  <intervention>
    <intervention_type>Procedure</intervention_type>
    <intervention_name>Allogeneic Hematopoietic Stem Cell Transplantation</intervention_name>
    <description>Undergo allogeneic peripheral blood stem cell transplant</description>
    <arm_group_label>Treatment (fludarabine, transplant, immunosuppression)</arm_group_label>
    <other_name>Allogeneic Hematopoietic Cell Transplantation</other_name>
    <other_name>allogeneic stem cell transplantation</other_name>
    <other_name>HSC</other_name>
    <other_name>HSCT</other_name>
  </intervention>
  <intervention>
    <intervention_type>Drug</intervention_type>
    <intervention_name>Cyclosporine</intervention_name>
    <description>Given PO or IV</description>
    <arm_group_label>Treatment (fludarabine, transplant, immunosuppression)</arm_group_label>
    <other_name>27-400</other_name>
    <other_name>Ciclosporin</other_name>
    <other_name>CsA</other_name>
    <other_name>Cyclosporin</other_name>
    <other_name>Cyclosporin A</other_name>
    <other_name>Gengraf</other_name>
    <other_name>Neoral</other_name>
    <other_name>OL 27-400</other_name>
    <other_name>Sandimmun</other_name>
    <other_name>Sandimmune</other_name>
    <other_name>SangCya</other_name>
  </intervention>
  <intervention>
    <intervention_type>Drug</intervention_type>
    <intervention_name>Fludarabine Phosphate</intervention_name>
    <description>Given IV</description>
    <arm_group_label>Treatment (fludarabine, transplant, immunosuppression)</arm_group_label>
    <other_name>2-F-ara-AMP</other_name>
    <other_name>9H-Purin-6-amine, 2-fluoro-9-(5-O-phosphono-.beta.-D-arabinofuranosyl)-</other_name>
    <other_name>Beneflur</other_name>
    <other_name>Fludara</other_name>
    <other_name>SH T 586</other_name>
  </intervention>
  <intervention>
    <intervention_type>Other</intervention_type>
    <intervention_name>Laboratory Biomarker Analysis</intervention_name>
    <description>Correlative studies</description>
    <arm_group_label>Treatment (fludarabine, transplant, immunosuppression)</arm_group_label>
  </intervention>
  <intervention>
    <intervention_type>Drug</intervention_type>
    <intervention_name>Mycophenolate Mofetil</intervention_name>
    <description>Given PO</description>
    <arm_group_label>Treatment (fludarabine, transplant, immunosuppression)</arm_group_label>
    <other_name>Cellcept</other_name>
    <other_name>MMF</other_name>
  </intervention>
  <intervention>
    <intervention_type>Procedure</intervention_type>
    <intervention_name>Peripheral Blood Stem Cell Transplantation</intervention_name>
    <description>Undergo allogeneic peripheral blood stem cell transplant</description>
    <arm_group_label>Treatment (fludarabine, transplant, immunosuppression)</arm_group_label>
    <other_name>PBPC transplantation</other_name>
    <other_name>PBSCT</other_name>
    <other_name>Peripheral Blood Progenitor Cell Transplantation</other_name>
    <other_name>peripheral stem cell support</other_name>
    <other_name>Peripheral Stem Cell Transplant</other_name>
    <other_name>peripheral stem cell transplantation</other_name>
  </intervention>
  <intervention>
    <intervention_type>Drug</intervention_type>
    <intervention_name>Sirolimus</intervention_name>
    <description>Given PO</description>
    <arm_group_label>Treatment (fludarabine, transplant, immunosuppression)</arm_group_label>
    <other_name>AY 22989</other_name>
    <other_name>RAPA</other_name>
    <other_name>Rapamune</other_name>
    <other_name>Rapamycin</other_name>
    <other_name>SILA 9268A</other_name>
    <other_name>WY-090217</other_name>
  </intervention>
  <intervention>
    <intervention_type>Radiation</intervention_type>
    <intervention_name>Total-Body Irradiation</intervention_name>
    <description>Undergo total-body irradiation</description>
    <arm_group_label>Treatment (fludarabine, transplant, immunosuppression)</arm_group_label>
    <other_name>TOTAL BODY IRRADIATION</other_name>
    <other_name>Whole-Body Irradiation</other_name>
  </intervention>
  <eligibility>
    <criteria>
      <textblock>
        Inclusion Criteria:&#xD;
&#xD;
          -  Ages &gt; 50 years with hematologic malignancies treatable by related or unrelated HCT&#xD;
&#xD;
          -  Ages =&lt; 50 years of age with hematologic diseases treatable by allogeneic HCT who&#xD;
             through pre-existing medical conditions or prior therapy are considered to be at high&#xD;
             risk for regimen related toxicity associated with a high dose transplant (&gt; 40% risk&#xD;
             of transplant-related mortality [TRM]); this criterion can include patients with a&#xD;
             HCT-comorbidity index (CI) score of &gt;= 1; transplants should be approved for these&#xD;
             inclusion criteria by the principal investigators at the collaborating centers and at&#xD;
             Fred Hutchinson Cancer Research Center (FHCRC); all children &lt; 12 years must be&#xD;
             discussed with the FHCRC principal investigator (PI) prior to registration&#xD;
&#xD;
          -  Ages =&lt; 50 years of age with chronic lymphocytic leukemia (CLL)&#xD;
&#xD;
          -  Ages =&lt; 50 years of age with hematologic diseases treatable by allogeneic HCT who&#xD;
             refuse a high-dose HCT; transplants must be approved for these inclusion criteria by&#xD;
             the principal investigators at the collaborating centers and at FHCRC&#xD;
&#xD;
          -  Aggressive non-Hodgkin lymphomas (NHL) and other histologies such as diffuse large B&#xD;
             cell NHL: not eligible for autologous HCT, not eligible for high-dose allogeneic HCT,&#xD;
             or after failed autologous HCT&#xD;
&#xD;
          -  Mantle cell NHL: may be treated in first complete remission (CR); (diagnostic lumbar&#xD;
             puncture [LP] required pre-transplant)&#xD;
&#xD;
          -  Low grade NHL: with &lt; 6 month duration of CR between courses of conventional therapy&#xD;
&#xD;
          -  CLL: must have either 1) failed to meet National Cancer Institute (NCI) Working Group&#xD;
             criteria for complete or partial response after therapy with a regimen containing&#xD;
             fludarabine (FLU) (or another nucleoside analog, e.g. cladribine [2-CDA], pentostatin)&#xD;
             or experience disease relapse within 12 months after completing therapy with a regimen&#xD;
             containing FLU (or another nucleoside analog); 2) failed FLU-cyclophosphamide&#xD;
             (CY)-Rituximab (FCR) combination chemotherapy at any time point; or 3) have &quot;17p&#xD;
             deletion&quot; cytogenetic abnormality; patients should have received induction&#xD;
             chemotherapy but could be transplanted in first (1st) CR; 4) patients with a diagnosis&#xD;
             of CLL (or small lymphocytic lymphoma) that progresses to prolymphocytic leukemia&#xD;
             (PLL); or 5) patients with T-cell CLL or PLL&#xD;
&#xD;
          -  Hodgkin lymphoma: must have received and failed frontline therapy&#xD;
&#xD;
          -  Multiple myeloma: must have received prior chemotherapy; consolidation of chemotherapy&#xD;
             by autografting prior to nonmyeloablative HCT is permitted&#xD;
&#xD;
          -  Acute myeloid leukemia (AML): must have &lt; 5% marrow blasts at the time of transplant&#xD;
&#xD;
          -  Acute lymphocytic leukemia (ALL): must have &lt; 5% marrow blasts at the time of&#xD;
             transplant&#xD;
&#xD;
          -  Chronic myeloid leukemia (CML): patients in chronic phase 1 (CP1) must have failed or&#xD;
             be intolerant of tyrosine kinase inhibitors (TKIs); patients beyond CP1 will be&#xD;
             accepted if they have &lt; 5% marrow blasts at time of transplant&#xD;
&#xD;
          -  Myelodysplasia (MDS)/myeloproliferative syndrome (MPS): patients must have &lt; 5% marrow&#xD;
             blasts at time of transplant&#xD;
&#xD;
          -  Waldenstrom's macroglobulinemia: must have failed 2 courses of therapy&#xD;
&#xD;
          -  Patients with related or unrelated donors for whom the best available donor is: a)&#xD;
             mismatched at antigen level for any single class I locus (HLA-A, -B, -C) +/- an&#xD;
             additional class I mismatch at the allele level OR mismatched at the allele level for&#xD;
             any 2 class I loci (if typed at the molecular level) OR mismatched at the antigen or&#xD;
             allele level for class II loci HLA-DRB1 and/or - DQB1; must be matched for at least&#xD;
             one DRB1 allele and one DQB1 allele; b) there is a likelihood of rapid disease&#xD;
             progression while HLA typing and results of a preliminary search and the donor pool&#xD;
             suggests that a 10/10 HLA-A, B, C, DRB1 and DQB1 matched donor will not be found; c)&#xD;
             there is no HLA-A, -B or -C one locus allelic mismatched donor available&#xD;
&#xD;
          -  DONOR: Related or unrelated volunteer donors who are mismatched with the recipient&#xD;
             within one of the following limitations:&#xD;
&#xD;
               -  Mismatch for one HLA class I antigen with or without an additional mismatch for&#xD;
                  one HLA-class I allele, but matched for HLA-DRB1 and HLA-DQ, OR&#xD;
&#xD;
               -  Mismatched for two HLA class I alleles, but matched for HLA-DRB1 and HLA-DQ, OR&#xD;
&#xD;
               -  HLA class I HLA-A, -B, -C allele matched donors allowing for any one or two DRB1&#xD;
                  and/or DQB1 antigen allele mismatch&#xD;
&#xD;
          -  DONOR: HLA-matching must be based on results of high resolution typing at HLA-A, -B,&#xD;
             -C, -DRB1, and -DQB&#xD;
&#xD;
          -  DONOR: If the patient is homozygous at the mismatch HLA class I locus or II locus, the&#xD;
             donor must be heterozygous at that locus and one allele must match the patient (i.e.,&#xD;
             patient is homozygous A*01:01 and donor is heterozygous A*01:01, A*02:01); this&#xD;
             mismatch will be considered a one-antigen mismatch for rejection only&#xD;
&#xD;
          -  DONOR: Donors are excluded when preexisting immunoreactivity is identified that would&#xD;
             jeopardize donor hematopoietic cell engraftment; this determination is based on the&#xD;
             standard practice of the individual institution; the donor should be excluded if any&#xD;
             of the flow cytometric B and T cell cytotoxic cross match assays are positive&#xD;
&#xD;
          -  DONOR: Only filgrastim (G-CSF) mobilized PBSC only will be permitted as a&#xD;
             hematopoietic stem cell (HSC) source on this protocol&#xD;
&#xD;
        Exclusion Criteria:&#xD;
&#xD;
          -  Patients for whom the best available donor is mismatched at both HLA class I and class&#xD;
             II&#xD;
&#xD;
          -  A positive cross-match exists between the donor and recipient&#xD;
&#xD;
          -  Patients with rapidly progressive intermediate or high grade NHL&#xD;
&#xD;
          -  Patients with a diagnosis of chronic myelomonocytic leukemia (CMML)&#xD;
&#xD;
          -  Patients with refractory anemia with excess blasts (RAEB)-2 who have not received&#xD;
             myelosuppressive chemotherapy i.e. induction chemotherapy&#xD;
&#xD;
          -  Presence of circulating leukemic blasts (in the peripheral blood) detected by standard&#xD;
             pathology for patients with AML, ALL or CML&#xD;
&#xD;
          -  Presence of &gt;= 5% circulating leukemic blasts (in the peripheral blood) detected by&#xD;
             standard pathology for patients with MDS/MPS&#xD;
&#xD;
          -  Central nervous system (CNS) involvement with disease refractory to intrathecal&#xD;
             chemotherapy&#xD;
&#xD;
          -  Fertile men or women unwilling to use contraceptives during and for up to 12 months&#xD;
             following treatment&#xD;
&#xD;
          -  Female patients who are pregnant or breast-feeding&#xD;
&#xD;
          -  Human immunodeficiency virus (HIV) positive patients&#xD;
&#xD;
          -  Patients with active non-hematologic malignancies (except non-melanoma skin cancers)&#xD;
             or those with non-hematologic malignancies (except non-melanoma skin cancers) who have&#xD;
             been rendered with no evidence of disease, but have a greater than 20% chance of&#xD;
             having disease recurrence within 5 years; this exclusion does not apply to patients&#xD;
             with non-hematologic malignancies that do not require therapy&#xD;
&#xD;
          -  Fungal infections with radiological progression after receipt of amphotericin B or&#xD;
             active triazole for greater than 1 month&#xD;
&#xD;
          -  Patients with active bacterial or fungal infections unresponsive to medical therapy&#xD;
&#xD;
          -  Cardiac ejection fraction &lt; 35% (or, if unable to obtain ejection fraction, shortening&#xD;
             fraction of &lt; 26%); ejection fraction is required if the patient is &gt; 50 years of age,&#xD;
             or history of cardiac disease or anthracycline exposure; patients with a shortening&#xD;
             fraction &lt; 26% may be enrolled if approved by a cardiologist&#xD;
&#xD;
          -  Corrected diffusion capacity of carbon monoxide (DLCO) &lt; 40%, total lung capacity&#xD;
             (TLC) &lt; 40%, forced expiratory volume in one second (FEV1) &lt; 40% and/or receiving&#xD;
             supplementary continuous oxygen; if unable to perform complete pulmonary function&#xD;
             tests (PFTs), patients will be excluded if their oxygen saturation is &lt; 95% with a&#xD;
             formal six-minute walk test (ambulatory oximetry)&#xD;
&#xD;
          -  The FHCRC PI of the study must approve of enrollment of all patients with pulmonary&#xD;
             nodules&#xD;
&#xD;
          -  Patients with clinical or laboratory evidence of liver disease would be evaluated for&#xD;
             the cause of liver disease, its clinical severity in terms of liver function, and the&#xD;
             degree of portal hypertension; patients will be excluded if they are found to have&#xD;
             fulminant liver failure, cirrhosis of the liver with evidence of portal hypertension,&#xD;
             alcoholic hepatitis, esophageal varices, a history of bleeding esophageal varices,&#xD;
             hepatic encephalopathy, uncorrectable hepatic synthetic dysfunction evinced by&#xD;
             prolongation of the prothrombin time, ascites related to portal hypertension, bridging&#xD;
             fibrosis, bacterial or fungal liver abscess, biliary obstruction, chronic viral&#xD;
             hepatitis with total serum bilirubin &gt; 3 mg/dL, or symptomatic biliary disease&#xD;
&#xD;
          -  Patients with poorly controlled hypertension on multiple antihypertensives&#xD;
&#xD;
          -  Karnofsky scores &lt; 60 or Lansky score &lt; 50&#xD;
&#xD;
          -  All patients receiving antifungal therapy voriconazole, posaconazole, or fluconazole&#xD;
             must have sirolimus reduced according to the Standard Practice Antifungal Therapy&#xD;
             Guidelines&#xD;
&#xD;
          -  The addition of cytotoxic agents for &quot;cytoreduction&quot; with the exception of tyrosine&#xD;
             kinase inhibitors (such as imatinib), cytokine therapy, hydroxyurea, low dose&#xD;
             cytarabine, chlorambucil, or Rituxan will not be allowed within three weeks of the&#xD;
             initiation of conditioning&#xD;
&#xD;
          -  DONOR: Donor (or centers) who will exclusively donate marrow&#xD;
&#xD;
          -  DONOR: Donors who are HIV-positive and/or, medical conditions that would result in&#xD;
             increased risk for G-CSF mobilization and harvest of PBSC&#xD;
&#xD;
          -  DONOR: Patients who are homozygous at the mismatched HLA class I locus or II locus,&#xD;
             the donor is excluded if homozygous at the mismatched locus (i.e., patient is&#xD;
             homozygous A*01:01 and donor is homozygous A*02:01); this type of mismatch is&#xD;
             considered a two-antigen mismatch and is not allowed&#xD;
      </textblock>
    </criteria>
    <gender>All</gender>
    <minimum_age>N/A</minimum_age>
    <maximum_age>N/A</maximum_age>
    <healthy_volunteers>No</healthy_volunteers>
  </eligibility>
  <overall_official>
    <last_name>Brenda Sandmaier</last_name>
    <role>Principal Investigator</role>
    <affiliation>Fred Hutch/University of Washington Cancer Consortium</affiliation>
  </overall_official>
  <location>
    <facility>
      <name>Presbyterian - Saint Lukes Medical Center - Health One</name>
      <address>
        <city>Denver</city>
        <state>Colorado</state>
        <zip>80218</zip>
        <country>United States</country>
      </address>
    </facility>
  </location>
  <location>
    <facility>
      <name>Huntsman Cancer Institute/University of Utah</name>
      <address>
        <city>Salt Lake City</city>
        <state>Utah</state>
        <zip>84112</zip>
        <country>United States</country>
      </address>
    </facility>
  </location>
  <location>
    <facility>
      <name>VA Puget Sound Health Care System</name>
      <address>
        <city>Seattle</city>
        <state>Washington</state>
        <zip>98101</zip>
        <country>United States</country>
      </address>
    </facility>
  </location>
  <location>
    <facility>
      <name>Fred Hutch/University of Washington Cancer Consortium</name>
      <address>
        <city>Seattle</city>
        <state>Washington</state>
        <zip>98109</zip>
        <country>United States</country>
      </address>
    </facility>
  </location>
  <location>
    <facility>
      <name>Rigshospitalet University Hospital</name>
      <address>
        <city>Copenhagen</city>
        <zip>2100</zip>
        <country>Denmark</country>
      </address>
    </facility>
  </location>
  <location_countries>
    <country>Denmark</country>
    <country>United States</country>
  </location_countries>
  <verification_date>November 2019</verification_date>
  <study_first_submitted>November 29, 2010</study_first_submitted>
  <study_first_submitted_qc>December 1, 2010</study_first_submitted_qc>
  <study_first_posted type="Estimate">December 2, 2010</study_first_posted>
  <results_first_submitted>November 20, 2019</results_first_submitted>
  <results_first_submitted_qc>November 20, 2019</results_first_submitted_qc>
  <results_first_posted type="Actual">December 9, 2019</results_first_posted>
  <last_update_submitted>November 20, 2019</last_update_submitted>
  <last_update_submitted_qc>November 20, 2019</last_update_submitted_qc>
  <last_update_posted type="Actual">December 9, 2019</last_update_posted>
  <responsible_party>
    <responsible_party_type>Sponsor</responsible_party_type>
  </responsible_party>
  <condition_browse>
    <!-- CAUTION:  The following MeSH terms are assigned with an imperfect algorithm            -->
    <mesh_term>Lymphoma</mesh_term>
    <mesh_term>Leukemia</mesh_term>
    <mesh_term>Leukemia, Myeloid</mesh_term>
    <mesh_term>Leukemia, Myeloid, Acute</mesh_term>
    <mesh_term>Preleukemia</mesh_term>
    <mesh_term>Lymphoma, Non-Hodgkin</mesh_term>
    <mesh_term>Leukemia, Lymphoid</mesh_term>
    <mesh_term>Precursor Cell Lymphoblastic Leukemia-Lymphoma</mesh_term>
    <mesh_term>Leukemia, Lymphocytic, Chronic, B-Cell</mesh_term>
    <mesh_term>Lymphoma, B-Cell</mesh_term>
    <mesh_term>Lymphoma, Mantle-Cell</mesh_term>
    <mesh_term>Leukemia, Myelogenous, Chronic, BCR-ABL Positive</mesh_term>
    <mesh_term>Lymphoma, Large B-Cell, Diffuse</mesh_term>
    <mesh_term>Waldenstrom Macroglobulinemia</mesh_term>
    <mesh_term>Leukemia, Myeloid, Chronic-Phase</mesh_term>
    <mesh_term>Multiple Myeloma</mesh_term>
    <mesh_term>Leukemia, Prolymphocytic</mesh_term>
    <mesh_term>Leukemia, Prolymphocytic, T-Cell</mesh_term>
    <mesh_term>Myelodysplastic Syndromes</mesh_term>
    <mesh_term>Syndrome</mesh_term>
  </condition_browse>
  <intervention_browse>
    <!-- CAUTION:  The following MeSH terms are assigned with an imperfect algorithm            -->
    <mesh_term>Cyclosporine</mesh_term>
    <mesh_term>Sirolimus</mesh_term>
    <mesh_term>Mycophenolic Acid</mesh_term>
    <mesh_term>Fludarabine</mesh_term>
    <mesh_term>Fludarabine phosphate</mesh_term>
    <mesh_term>Cyclosporins</mesh_term>
  </intervention_browse>
  <provided_document_section>
    <provided_document>
      <document_type>Study Protocol and Statistical Analysis Plan</document_type>
      <document_has_protocol>Yes</document_has_protocol>
      <document_has_icf>No</document_has_icf>
      <document_has_sap>Yes</document_has_sap>
      <document_date>September 26, 2018</document_date>
      <document_url>https://ClinicalTrials.gov/ProvidedDocs/75/NCT01251575/Prot_SAP_000.pdf</document_url>
    </provided_document>
  </provided_document_section>

  <clinical_results>

    <participant_flow>
      <group_list>
        <group group_id="P1">
          <title>Treatment (Fludarabine, Transplant, Immunosuppression)</title>
          <description>CONDITIONING: Patients receive fludarabine phosphate IV over 30 minutes on days -4 to -2. Patients also undergo total-body irradiation on day 0.&#xD;
TRANSPLANTATION: Patients undergo allogeneic peripheral blood stem cell transplantation.&#xD;
IMMUNOSUPPRESSION: Patients receive sirolimus PO QD on days -3 to 180 with taper to day 365; cyclosporine PO BID on days -3 to 150 with taper to day 180; and mycophenolate mofetil PO TID on days 0-30 and then BID to day 100 with taper to day 150.&#xD;
Allogeneic Hematopoietic Stem Cell Transplantation: Undergo allogeneic peripheral blood stem cell transplant&#xD;
Cyclosporine: Given PO or IV&#xD;
Fludarabine Phosphate: Given IV&#xD;
Laboratory Biomarker Analysis: Correlative studies&#xD;
Mycophenolate Mofetil: Given PO&#xD;
Peripheral Blood Stem Cell Transplantation: Undergo allogeneic peripheral blood stem cell transplant&#xD;
Sirolimus: Given PO&#xD;
Total-Body Irradiation: Undergo total-body irradiation</description>
        </group>
      </group_list>
      <period_list>
        <period>
          <title>Overall Study</title>
          <milestone_list>
            <milestone>
              <title>STARTED</title>
              <participants_list>
                <participants group_id="P1" count="77"/>
              </participants_list>
            </milestone>
            <milestone>
              <title>COMPLETED</title>
              <participants_list>
                <participants group_id="P1" count="76"/>
              </participants_list>
            </milestone>
            <milestone>
              <title>NOT COMPLETED</title>
              <participants_list>
                <participants group_id="P1" count="1"/>
              </participants_list>
            </milestone>
          </milestone_list>
        </period>
      </period_list>
    </participant_flow>

    <baseline>
      <group_list>
        <group group_id="B1">
          <title>Treatment (Fludarabine, Transplant, Immunosuppression)</title>
          <description>CONDITIONING: Patients receive fludarabine phosphate IV over 30 minutes on days -4 to -2. Patients also undergo total-body irradiation on day 0.&#xD;
TRANSPLANTATION: Patients undergo allogeneic peripheral blood stem cell transplantation.&#xD;
IMMUNOSUPPRESSION: Patients receive sirolimus PO QD on days -3 to 180 with taper to day 365; cyclosporine PO BID on days -3 to 150 with taper to day 180; and mycophenolate mofetil PO TID on days 0-30 and then BID to day 100 with taper to day 150.&#xD;
Allogeneic Hematopoietic Stem Cell Transplantation: Undergo allogeneic peripheral blood stem cell transplant&#xD;
Cyclosporine: Given PO or IV&#xD;
Fludarabine Phosphate: Given IV&#xD;
Laboratory Biomarker Analysis: Correlative studies&#xD;
Mycophenolate Mofetil: Given PO&#xD;
Peripheral Blood Stem Cell Transplantation: Undergo allogeneic peripheral blood stem cell transplant&#xD;
Sirolimus: Given PO&#xD;
Total-Body Irradiation: Undergo total-body irradiation</description>
        </group>
      </group_list>
      <analyzed_list>
        <analyzed>
          <units>Participants</units>
          <scope>Overall</scope>
          <count_list>
            <count group_id="B1" value="77"/>
          </count_list>
        </analyzed>
      </analyzed_list>
      <measure_list>
        <measure>
          <title>Age</title>
          <units>Participants</units>
          <param>Count of Participants</param>
          <class_list>
            <class>
              <category_list>
                <category>
                  <title>&lt;=18 years</title>
                  <measurement_list>
                    <measurement group_id="B1" value="0"/>
                  </measurement_list>
                </category>
                <category>
                  <title>Between 18 and 65 years</title>
                  <measurement_list>
                    <measurement group_id="B1" value="45"/>
                  </measurement_list>
                </category>
                <category>
                  <title>&gt;=65 years</title>
                  <measurement_list>
                    <measurement group_id="B1" value="32"/>
                  </measurement_list>
                </category>
              </category_list>
            </class>
          </class_list>
        </measure>
        <measure>
          <title>Age</title>
          <units>years</units>
          <param>Median</param>
          <dispersion>Full Range</dispersion>
          <class_list>
            <class>
              <category_list>
                <category>
                  <measurement_list>
                    <measurement group_id="B1" value="63.8" lower_limit="21.8" upper_limit="76.1"/>
                  </measurement_list>
                </category>
              </category_list>
            </class>
          </class_list>
        </measure>
        <measure>
          <title>Sex: Female, Male</title>
          <units>Participants</units>
          <param>Count of Participants</param>
          <class_list>
            <class>
              <category_list>
                <category>
                  <title>Female</title>
                  <measurement_list>
                    <measurement group_id="B1" value="27"/>
                  </measurement_list>
                </category>
                <category>
                  <title>Male</title>
                  <measurement_list>
                    <measurement group_id="B1" value="50"/>
                  </measurement_list>
                </category>
              </category_list>
            </class>
          </class_list>
        </measure>
        <measure>
          <title>Ethnicity (NIH/OMB)</title>
          <units>Participants</units>
          <param>Count of Participants</param>
          <class_list>
            <class>
              <category_list>
                <category>
                  <title>Hispanic or Latino</title>
                  <measurement_list>
                    <measurement group_id="B1" value="8"/>
                  </measurement_list>
                </category>
                <category>
                  <title>Not Hispanic or Latino</title>
                  <measurement_list>
                    <measurement group_id="B1" value="67"/>
                  </measurement_list>
                </category>
                <category>
                  <title>Unknown or Not Reported</title>
                  <measurement_list>
                    <measurement group_id="B1" value="2"/>
                  </measurement_list>
                </category>
              </category_list>
            </class>
          </class_list>
        </measure>
        <measure>
          <title>Race (NIH/OMB)</title>
          <units>Participants</units>
          <param>Count of Participants</param>
          <class_list>
            <class>
              <category_list>
                <category>
                  <title>American Indian or Alaska Native</title>
                  <measurement_list>
                    <measurement group_id="B1" value="2"/>
                  </measurement_list>
                </category>
                <category>
                  <title>Asian</title>
                  <measurement_list>
                    <measurement group_id="B1" value="3"/>
                  </measurement_list>
                </category>
                <category>
                  <title>Native Hawaiian or Other Pacific Islander</title>
                  <measurement_list>
                    <measurement group_id="B1" value="1"/>
                  </measurement_list>
                </category>
                <category>
                  <title>Black or African American</title>
                  <measurement_list>
                    <measurement group_id="B1" value="3"/>
                  </measurement_list>
                </category>
                <category>
                  <title>White</title>
                  <measurement_list>
                    <measurement group_id="B1" value="65"/>
                  </measurement_list>
                </category>
                <category>
                  <title>More than one race</title>
                  <measurement_list>
                    <measurement group_id="B1" value="0"/>
                  </measurement_list>
                </category>
                <category>
                  <title>Unknown or Not Reported</title>
                  <measurement_list>
                    <measurement group_id="B1" value="3"/>
                  </measurement_list>
                </category>
              </category_list>
            </class>
          </class_list>
        </measure>
        <measure>
          <title>Region of Enrollment</title>
          <units>participants</units>
          <param>Number</param>
          <class_list>
            <class>
              <title>United States</title>
              <category_list>
                <category>
                  <measurement_list>
                    <measurement group_id="B1" value="60"/>
                  </measurement_list>
                </category>
              </category_list>
            </class>
            <class>
              <title>Denmark</title>
              <category_list>
                <category>
                  <measurement_list>
                    <measurement group_id="B1" value="17"/>
                  </measurement_list>
                </category>
              </category_list>
            </class>
          </class_list>
        </measure>
      </measure_list>
    </baseline>

    <outcome_list>
      <outcome>
        <type>Primary</type>
        <title>Number of Patients With Grade II-IV Acute Graft Versus Host Disease (GVHD)</title>
        <description>Number of patients with grades II-IV acute GVHD&#xD;
aGVHD Stages&#xD;
Skin:&#xD;
a maculopapular eruption involving &lt; 25% BSA&#xD;
a maculopapular eruption involving 25 - 50% BSA&#xD;
generalized erythroderma&#xD;
generalized erythroderma w/ bullous formation and often w/ desquamation&#xD;
Liver:&#xD;
bilirubin 2.0 - 3.0 mg/100 mL&#xD;
bilirubin 3 - 5.9 mg/100 mL&#xD;
bilirubin 6 - 14.9 mg/100 mL&#xD;
bilirubin &gt; 15 mg/100 mL&#xD;
Gut:&#xD;
Diarrhea is graded 1 - 4 in severity. Nausea and vomiting and/or anorexia caused by GVHD is assigned as 1 in severity. The severity of gut involvement is assigned to the most severe involvement noted. Patients w/ visible bloody diarrhea are at least stage 2 gut and grade 3 overall.&#xD;
aGVHD Grades Grade II: Stage 1 - 2 skin w/ no gut/liver involvement Grade III: Stage 2 - 4 gut involvement and/or stage 2 - 4 liver involvement Grade IV: Pattern and severity of GVHD similar to grade 3 w/ extreme constitutional symptoms or death</description>
        <time_frame>100 days post-transplant</time_frame>
        <group_list>
          <group group_id="O1">
            <title>Class I Mismatch</title>
            <description>Patients 1) mismatched at antigen level for any single class I locus (HLA-A, -B, -C) +/- an additional class mismatch at the allele level, or 2) mismatched at the allele level for any 2 class I loci.</description>
          </group>
          <group group_id="O2">
            <title>Class II Mismatch</title>
            <description>Patients mismatched at the antigen or allele level for class II loci HLA-DRB1 and/or DQB1. Must be matched for at least one DRB1 allele and one DQB1 allele.</description>
          </group>
        </group_list>
        <measure>
          <title>Number of Patients With Grade II-IV Acute Graft Versus Host Disease (GVHD)</title>
          <description>Number of patients with grades II-IV acute GVHD&#xD;
aGVHD Stages&#xD;
Skin:&#xD;
a maculopapular eruption involving &lt; 25% BSA&#xD;
a maculopapular eruption involving 25 - 50% BSA&#xD;
generalized erythroderma&#xD;
generalized erythroderma w/ bullous formation and often w/ desquamation&#xD;
Liver:&#xD;
bilirubin 2.0 - 3.0 mg/100 mL&#xD;
bilirubin 3 - 5.9 mg/100 mL&#xD;
bilirubin 6 - 14.9 mg/100 mL&#xD;
bilirubin &gt; 15 mg/100 mL&#xD;
Gut:&#xD;
Diarrhea is graded 1 - 4 in severity. Nausea and vomiting and/or anorexia caused by GVHD is assigned as 1 in severity. The severity of gut involvement is assigned to the most severe involvement noted. Patients w/ visible bloody diarrhea are at least stage 2 gut and grade 3 overall.&#xD;
aGVHD Grades Grade II: Stage 1 - 2 skin w/ no gut/liver involvement Grade III: Stage 2 - 4 gut involvement and/or stage 2 - 4 liver involvement Grade IV: Pattern and severity of GVHD similar to grade 3 w/ extreme constitutional symptoms or death</description>
          <units>Participants</units>
          <param>Count of Participants</param>
          <analyzed_list>
            <analyzed>
              <units>Participants</units>
              <scope>Measure</scope>
              <count_list>
                <count group_id="O1" value="51"/>
                <count group_id="O2" value="25"/>
              </count_list>
            </analyzed>
          </analyzed_list>
          <class_list>
            <class>
              <category_list>
                <category>
                  <measurement_list>
                    <measurement group_id="O1" value="15"/>
                    <measurement group_id="O2" value="12"/>
                  </measurement_list>
                </category>
              </category_list>
            </class>
          </class_list>
        </measure>
      </outcome>
      <outcome>
        <type>Secondary</type>
        <title>Number of Non-Relapse Mortalities</title>
        <description>Number of patients expired without disease progression/relapse.</description>
        <time_frame>100 days post-transplant</time_frame>
        <population>One subject aborted transplant during conditioning and was counted towards accrual but not evaluated with respect to outcome measures.</population>
        <group_list>
          <group group_id="O1">
            <title>Treatment (Fludarabine, Transplant, Immunosuppression)</title>
            <description>CONDITIONING: Patients receive fludarabine phosphate IV over 30 minutes on days -4 to -2. Patients also undergo total-body irradiation on day 0.&#xD;
TRANSPLANTATION: Patients undergo allogeneic peripheral blood stem cell transplantation.&#xD;
IMMUNOSUPPRESSION: Patients receive sirolimus PO QD on days -3 to 180 with taper to day 365; cyclosporine PO BID on days -3 to 150 with taper to day 180; and mycophenolate mofetil PO TID on days 0-30 and then BID to day 100 with taper to day 150.&#xD;
Allogeneic Hematopoietic Stem Cell Transplantation: Undergo allogeneic peripheral blood stem cell transplant&#xD;
Cyclosporine: Given PO or IV&#xD;
Fludarabine Phosphate: Given IV&#xD;
Laboratory Biomarker Analysis: Correlative studies&#xD;
Mycophenolate Mofetil: Given PO&#xD;
Peripheral Blood Stem Cell Transplantation: Undergo allogeneic peripheral blood stem cell transplant&#xD;
Sirolimus: Given PO&#xD;
Total-Body Irradiation: Undergo total-body irradiation</description>
          </group>
        </group_list>
        <measure>
          <title>Number of Non-Relapse Mortalities</title>
          <description>Number of patients expired without disease progression/relapse.</description>
          <population>One subject aborted transplant during conditioning and was counted towards accrual but not evaluated with respect to outcome measures.</population>
          <units>Participants</units>
          <param>Count of Participants</param>
          <analyzed_list>
            <analyzed>
              <units>Participants</units>
              <scope>Measure</scope>
              <count_list>
                <count group_id="O1" value="76"/>
              </count_list>
            </analyzed>
          </analyzed_list>
          <class_list>
            <class>
              <category_list>
                <category>
                  <measurement_list>
                    <measurement group_id="O1" value="3"/>
                  </measurement_list>
                </category>
              </category_list>
            </class>
          </class_list>
        </measure>
      </outcome>
      <outcome>
        <type>Secondary</type>
        <title>Number of Patients With Grade III-IV Acute GVHD</title>
        <description>Number of patients with grades III-IV acute GVHD&#xD;
aGVHD Stages&#xD;
Skin:&#xD;
a maculopapular eruption involving &lt; 25% BSA&#xD;
a maculopapular eruption involving 25 - 50% BSA&#xD;
generalized erythroderma&#xD;
generalized erythroderma w/ bullous formation and often w/ desquamation&#xD;
Liver:&#xD;
bilirubin 2.0 - 3.0 mg/100 mL&#xD;
bilirubin 3 - 5.9 mg/100 mL&#xD;
bilirubin 6 - 14.9 mg/100 mL&#xD;
bilirubin &gt; 15 mg/100 mL&#xD;
Gut:&#xD;
Diarrhea is graded 1 - 4 in severity. Nausea and vomiting and/or anorexia caused by GVHD is assigned as 1 in severity. The severity of gut involvement is assigned to the most severe involvement noted. Patients w/ visible bloody diarrhea are at least stage 2 gut and grade 3 overall.&#xD;
aGVHD Grades Grade II: Stage 1 - 2 skin w/ no gut/liver involvement Grade III: Stage 2 - 4 gut involvement and/or stage 2 - 4 liver involvement Grade IV: Pattern and severity of GVHD similar to grade 3 w/ extreme constitutional symptoms or death</description>
        <time_frame>100 days post-transplant</time_frame>
        <population>One subject aborted transplant during conditioning and was counted towards accrual but not evaluated with respect to outcome measures.</population>
        <group_list>
          <group group_id="O1">
            <title>Treatment (Fludarabine, Transplant, Immunosuppression)</title>
            <description>CONDITIONING: Patients receive fludarabine phosphate IV over 30 minutes on days -4 to -2. Patients also undergo total-body irradiation on day 0.&#xD;
TRANSPLANTATION: Patients undergo allogeneic peripheral blood stem cell transplantation.&#xD;
IMMUNOSUPPRESSION: Patients receive sirolimus PO QD on days -3 to 180 with taper to day 365; cyclosporine PO BID on days -3 to 150 with taper to day 180; and mycophenolate mofetil PO TID on days 0-30 and then BID to day 100 with taper to day 150.&#xD;
Allogeneic Hematopoietic Stem Cell Transplantation: Undergo allogeneic peripheral blood stem cell transplant&#xD;
Cyclosporine: Given PO or IV&#xD;
Fludarabine Phosphate: Given IV&#xD;
Laboratory Biomarker Analysis: Correlative studies&#xD;
Mycophenolate Mofetil: Given PO&#xD;
Peripheral Blood Stem Cell Transplantation: Undergo allogeneic peripheral blood stem cell transplant&#xD;
Sirolimus: Given PO&#xD;
Total-Body Irradiation: Undergo total-body irradiation</description>
          </group>
        </group_list>
        <measure>
          <title>Number of Patients With Grade III-IV Acute GVHD</title>
          <description>Number of patients with grades III-IV acute GVHD&#xD;
aGVHD Stages&#xD;
Skin:&#xD;
a maculopapular eruption involving &lt; 25% BSA&#xD;
a maculopapular eruption involving 25 - 50% BSA&#xD;
generalized erythroderma&#xD;
generalized erythroderma w/ bullous formation and often w/ desquamation&#xD;
Liver:&#xD;
bilirubin 2.0 - 3.0 mg/100 mL&#xD;
bilirubin 3 - 5.9 mg/100 mL&#xD;
bilirubin 6 - 14.9 mg/100 mL&#xD;
bilirubin &gt; 15 mg/100 mL&#xD;
Gut:&#xD;
Diarrhea is graded 1 - 4 in severity. Nausea and vomiting and/or anorexia caused by GVHD is assigned as 1 in severity. The severity of gut involvement is assigned to the most severe involvement noted. Patients w/ visible bloody diarrhea are at least stage 2 gut and grade 3 overall.&#xD;
aGVHD Grades Grade II: Stage 1 - 2 skin w/ no gut/liver involvement Grade III: Stage 2 - 4 gut involvement and/or stage 2 - 4 liver involvement Grade IV: Pattern and severity of GVHD similar to grade 3 w/ extreme constitutional symptoms or death</description>
          <population>One subject aborted transplant during conditioning and was counted towards accrual but not evaluated with respect to outcome measures.</population>
          <units>Participants</units>
          <param>Count of Participants</param>
          <analyzed_list>
            <analyzed>
              <units>Participants</units>
              <scope>Measure</scope>
              <count_list>
                <count group_id="O1" value="76"/>
              </count_list>
            </analyzed>
          </analyzed_list>
          <class_list>
            <class>
              <category_list>
                <category>
                  <measurement_list>
                    <measurement group_id="O1" value="2"/>
                  </measurement_list>
                </category>
              </category_list>
            </class>
          </class_list>
        </measure>
      </outcome>
    </outcome_list>

    <reported_events>
      <time_frame>AEs: From the start of conditioning to 100 Days post-transplant SAEs: From the start of conditioning to 200 Days post-transplant All-Cause Mortality: Conditioning through 1 Year</time_frame>
      <group_list>
        <group group_id="E1">
          <title>Treatment (Fludarabine, Transplant, Immunosuppression)</title>
          <description>CONDITIONING: Patients receive fludarabine phosphate IV over 30 minutes on days -4 to -2. Patients also undergo total-body irradiation on day 0.&#xD;
TRANSPLANTATION: Patients undergo allogeneic peripheral blood stem cell transplantation.&#xD;
IMMUNOSUPPRESSION: Patients receive sirolimus PO QD on days -3 to 180 with taper to day 365; cyclosporine PO BID on days -3 to 150 with taper to day 180; and mycophenolate mofetil PO TID on days 0-30 and then BID to day 100 with taper to day 150.&#xD;
Allogeneic Hematopoietic Stem Cell Transplantation: Undergo allogeneic peripheral blood stem cell transplant&#xD;
Cyclosporine: Given PO or IV&#xD;
Fludarabine Phosphate: Given IV&#xD;
Laboratory Biomarker Analysis: Correlative studies&#xD;
Mycophenolate Mofetil: Given PO&#xD;
Peripheral Blood Stem Cell Transplantation: Undergo allogeneic peripheral blood stem cell transplant&#xD;
Sirolimus: Given PO&#xD;
Total-Body Irradiation: Undergo total-body irradiation</description>
        </group>
      </group_list>
      <serious_events>
        <category_list>
          <category>
            <title>Total</title>
            <event_list>
              <event>
                <sub_title>Total, all-cause mortality</sub_title>
                <counts group_id="E1" subjects_affected="21" subjects_at_risk="76"/>
              </event>
              <event>
                <sub_title>Total, serious adverse events</sub_title>
                <counts group_id="E1" subjects_affected="0" subjects_at_risk="76"/>
              </event>
            </event_list>
          </category>
        </category_list>
      </serious_events>
      <other_events>
        <frequency_threshold>0</frequency_threshold>
        <default_assessment>Systematic Assessment</default_assessment>
        <category_list>
          <category>
            <title>Total</title>
            <event_list>
              <event>
                <sub_title>Total, other adverse events</sub_title>
                <counts group_id="E1" subjects_affected="25" subjects_at_risk="76"/>
              </event>
            </event_list>
          </category>
          <category>
            <title>Blood and lymphatic system disorders</title>
            <event_list>
              <event>
                <sub_title>Febrile neutropenia</sub_title>
                <counts group_id="E1" events="4" subjects_affected="4" subjects_at_risk="76"/>
              </event>
              <event>
                <sub_title>Hemolysis</sub_title>
                <counts group_id="E1" events="1" subjects_affected="1" subjects_at_risk="76"/>
              </event>
              <event>
                <sub_title>Hemolytic uremic syndrome</sub_title>
                <counts group_id="E1" events="1" subjects_affected="1" subjects_at_risk="76"/>
              </event>
            </event_list>
          </category>
          <category>
            <title>Cardiac disorders</title>
            <event_list>
              <event>
                <sub_title>Atrial fibrillation</sub_title>
                <counts group_id="E1" events="1" subjects_affected="1" subjects_at_risk="76"/>
              </event>
              <event>
                <sub_title>Atrial flutter</sub_title>
                <counts group_id="E1" events="1" subjects_affected="1" subjects_at_risk="76"/>
              </event>
              <event>
                <sub_title>Heart failure</sub_title>
                <counts group_id="E1" events="1" subjects_affected="1" subjects_at_risk="76"/>
              </event>
              <event>
                <sub_title>Left ventricular systolic dysfunction</sub_title>
                <counts group_id="E1" events="2" subjects_affected="2" subjects_at_risk="76"/>
              </event>
              <event>
                <sub_title>Paroxysmal atrial tachycardia</sub_title>
                <counts group_id="E1" events="1" subjects_affected="1" subjects_at_risk="76"/>
              </event>
            </event_list>
          </category>
          <category>
            <title>Gastrointestinal disorders</title>
            <event_list>
              <event>
                <sub_title>Ascites</sub_title>
                <counts group_id="E1" events="1" subjects_affected="1" subjects_at_risk="76"/>
              </event>
              <event>
                <sub_title>Diarrhea</sub_title>
                <counts group_id="E1" events="3" subjects_affected="3" subjects_at_risk="76"/>
              </event>
              <event>
                <sub_title>Gastric hemorrhage</sub_title>
                <counts group_id="E1" events="1" subjects_affected="1" subjects_at_risk="76"/>
              </event>
              <event>
                <sub_title>Gastritis</sub_title>
                <counts group_id="E1" events="1" subjects_affected="1" subjects_at_risk="76"/>
              </event>
              <event>
                <sub_title>Mucositis oral</sub_title>
                <counts group_id="E1" events="1" subjects_affected="1" subjects_at_risk="76"/>
              </event>
              <event>
                <sub_title>Typhlitis</sub_title>
                <counts group_id="E1" events="1" subjects_affected="1" subjects_at_risk="76"/>
              </event>
            </event_list>
          </category>
          <category>
            <title>General disorders</title>
            <event_list>
              <event>
                <sub_title>Multi-organ failure</sub_title>
                <counts group_id="E1" events="2" subjects_affected="1" subjects_at_risk="76"/>
              </event>
              <event>
                <sub_title>Fever</sub_title>
                <counts group_id="E1" events="2" subjects_affected="1" subjects_at_risk="76"/>
              </event>
            </event_list>
          </category>
          <category>
            <title>Infections and infestations</title>
            <event_list>
              <event>
                <sub_title>Encephalitis infection</sub_title>
                <counts group_id="E1" events="1" subjects_affected="1" subjects_at_risk="76"/>
              </event>
              <event>
                <sub_title>Lung infection</sub_title>
                <counts group_id="E1" events="2" subjects_affected="2" subjects_at_risk="76"/>
              </event>
              <event>
                <sub_title>Sepsis</sub_title>
                <counts group_id="E1" events="4" subjects_affected="3" subjects_at_risk="76"/>
              </event>
              <event>
                <sub_title>Small intestine infection</sub_title>
                <counts group_id="E1" events="1" subjects_affected="1" subjects_at_risk="76"/>
              </event>
            </event_list>
          </category>
          <category>
            <title>Investigations</title>
            <event_list>
              <event>
                <sub_title>Blood bilirubin increased</sub_title>
                <counts group_id="E1" events="3" subjects_affected="3" subjects_at_risk="76"/>
              </event>
              <event>
                <sub_title>Creatinine increased</sub_title>
                <counts group_id="E1" events="3" subjects_affected="3" subjects_at_risk="76"/>
              </event>
              <event>
                <sub_title>Ejection fraction decreased</sub_title>
                <counts group_id="E1" events="1" subjects_affected="1" subjects_at_risk="76"/>
              </event>
            </event_list>
          </category>
          <category>
            <title>Musculoskeletal and connective tissue disorders</title>
            <event_list>
              <event>
                <sub_title>Myalgia</sub_title>
                <counts group_id="E1" events="1" subjects_affected="1" subjects_at_risk="76"/>
              </event>
            </event_list>
          </category>
          <category>
            <title>Neoplasms benign, malignant and unspecified (incl cysts and polyps)</title>
            <event_list>
              <event>
                <sub_title>Treatment related secondary malignancy</sub_title>
                <counts group_id="E1" events="1" subjects_affected="1" subjects_at_risk="76"/>
              </event>
            </event_list>
          </category>
          <category>
            <title>Nervous system disorders</title>
            <event_list>
              <event>
                <sub_title>Syncope</sub_title>
                <counts group_id="E1" events="1" subjects_affected="1" subjects_at_risk="76"/>
              </event>
            </event_list>
          </category>
          <category>
            <title>Renal and urinary disorders</title>
            <event_list>
              <event>
                <sub_title>Acute kidney injury</sub_title>
                <counts group_id="E1" events="4" subjects_affected="4" subjects_at_risk="76"/>
              </event>
              <event>
                <sub_title>Chronic kidney disease</sub_title>
                <counts group_id="E1" events="2" subjects_affected="2" subjects_at_risk="76"/>
              </event>
            </event_list>
          </category>
          <category>
            <title>Respiratory, thoracic and mediastinal disorders</title>
            <event_list>
              <event>
                <sub_title>Bronchopulmonary hemorrhage</sub_title>
                <counts group_id="E1" events="2" subjects_affected="2" subjects_at_risk="76"/>
              </event>
              <event>
                <sub_title>Hypoxia</sub_title>
                <counts group_id="E1" events="4" subjects_affected="4" subjects_at_risk="76"/>
              </event>
              <event>
                <sub_title>Pleural effusion</sub_title>
                <counts group_id="E1" events="1" subjects_affected="1" subjects_at_risk="76"/>
              </event>
              <event>
                <sub_title>Respiratory failure</sub_title>
                <counts group_id="E1" events="1" subjects_affected="1" subjects_at_risk="76"/>
              </event>
            </event_list>
          </category>
          <category>
            <title>Vascular disorders</title>
            <event_list>
              <event>
                <sub_title>Hypotension</sub_title>
                <counts group_id="E1" events="2" subjects_affected="2" subjects_at_risk="76"/>
              </event>
              <event>
                <sub_title>Thromboembolic event</sub_title>
                <counts group_id="E1" events="3" subjects_affected="2" subjects_at_risk="76"/>
              </event>
            </event_list>
          </category>
        </category_list>
      </other_events>
    </reported_events>

    <certain_agreements>
      <pi_employee>All Principal Investigators ARE employed by the organization sponsoring the study.</pi_employee>
      <restrictive_agreement>There is NOT an agreement between Principal Investigators and the Sponsor (or its agents) that restricts the PI's rights to discuss or publish trial results after the trial is completed. </restrictive_agreement>
    </certain_agreements>
    <point_of_contact>
      <name_or_title>Dr. Brenda M. Sandmaier</name_or_title>
      <organization>Fred Hutchinson Cancer Research Center</organization>
      <phone>(206) 667-4961</phone>
      <email>bsandmai@fredhutch.org</email>
    </point_of_contact>
  </clinical_results>
</clinical_study>

