<?xml version="1.0" encoding="UTF-8"?>
<clinical_study rank="131">
  <!-- This xml conforms to an XML Schema at:
    https://clinicaltrials.gov/ct2/html/images/info/public.xsd -->
  <required_header>
    <download_date>ClinicalTrials.gov processed this data on May 11, 2021</download_date>
    <link_text>Link to the current ClinicalTrials.gov record.</link_text>
    <url>https://clinicaltrials.gov/show/NCT00047021</url>
  </required_header>
  <id_info>
    <org_study_id>CWRU5Y01</org_study_id>
    <secondary_id>P30CA043703</secondary_id>
    <secondary_id>CWRU-5Y01</secondary_id>
    <secondary_id>NCI-G02-2113</secondary_id>
    <secondary_id>CWRU-11021P</secondary_id>
    <secondary_id>CASE-5Y01</secondary_id>
    <nct_id>NCT00047021</nct_id>
  </id_info>
  <brief_title>Combination Chemotherapy in Treating Patients With Recurrent or Refractory Leukemia or Lymphoma</brief_title>
  <official_title>A Pilot Study Of Cytarabine And High-Dose Mitoxantrone For Relapsed Or Refractory Hematologic Malignancies</official_title>
  <sponsors>
    <lead_sponsor>
      <agency>Case Comprehensive Cancer Center</agency>
      <agency_class>Other</agency_class>
    </lead_sponsor>
    <collaborator>
      <agency>National Cancer Institute (NCI)</agency>
      <agency_class>NIH</agency_class>
    </collaborator>
  </sponsors>
  <source>Case Comprehensive Cancer Center</source>
  <oversight_info>
    <has_dmc>Yes</has_dmc>
  </oversight_info>
  <brief_summary>
    <textblock>
      RATIONALE: Drugs used in chemotherapy use different ways to stop cancer cells from dividing&#xD;
      so they stop growing or die. Combining more than one drug may kill more cancer cells.&#xD;
&#xD;
      PURPOSE: Phase II trial to study the effectiveness of combining cytarabine and mitoxantrone&#xD;
      in treating patients who have recurrent or refractory leukemia or lymphoma.&#xD;
    </textblock>
  </brief_summary>
  <detailed_description>
    <textblock>
      OBJECTIVES:&#xD;
&#xD;
        -  Determine non-hematologic toxic effects of high-dose cytarabine and high-dose&#xD;
           mitoxantrone in patients with recurrent or refractory leukemia or lymphoma.&#xD;
&#xD;
        -  Determine the in vitro T/NK lymphocyte proliferative responses to patient's&#xD;
           leukemia/lymphoma cells before and after treatment with this regimen.&#xD;
&#xD;
      OUTLINE: Patients receive high-dose cytarabine IV over 1 hour on days 1-5 and high-dose&#xD;
      mitoxantrone IV over 15-30 minutes on day 5. Patients also receive sargramostim (GM-CSF)&#xD;
      subcutaneously beginning on day 14 and continuing until blood counts recover.&#xD;
&#xD;
      Patients who achieve at least stable disease or a response may receive a second course&#xD;
      beginning at least 14 days after the first course is completed.&#xD;
&#xD;
      Patients are followed for 3 months.&#xD;
&#xD;
      PROJECTED ACCRUAL: A total of 20-30 patients will be accrued for this study within&#xD;
      approximately 2-3 years.&#xD;
    </textblock>
  </detailed_description>
  <overall_status>Completed</overall_status>
  <start_date>November 2001</start_date>
  <completion_date type="Actual">September 2005</completion_date>
  <primary_completion_date type="Actual">August 2005</primary_completion_date>
  <phase>Phase 2</phase>
  <study_type>Interventional</study_type>
  <has_expanded_access>No</has_expanded_access>
  <study_design_info>
    <allocation>N/A</allocation>
    <intervention_model>Single Group Assignment</intervention_model>
    <primary_purpose>Treatment</primary_purpose>
    <masking>None (Open Label)</masking>
  </study_design_info>
  <primary_outcome>
    <measure>Event free survival at day 14 (myeloid engraftment)</measure>
    <time_frame>day 14</time_frame>
  </primary_outcome>
  <secondary_outcome>
    <measure>Incidence of serious infections by clinical, radiologic, microbiology assessment during and after treatment</measure>
    <time_frame>followed for 3 months</time_frame>
  </secondary_outcome>
  <enrollment type="Actual">3</enrollment>
  <condition>Leukemia</condition>
  <condition>Lymphoma</condition>
  <intervention>
    <intervention_type>Biological</intervention_type>
    <intervention_name>sargramostim</intervention_name>
    <description>Sargramostim (GM-CSF) subcutaneously beginning on day 14 and continuing until blood counts recover.</description>
  </intervention>
  <intervention>
    <intervention_type>Drug</intervention_type>
    <intervention_name>cytarabine</intervention_name>
    <description>high-dose cytarabine IV over 1 hour on days 1-5</description>
  </intervention>
  <intervention>
    <intervention_type>Drug</intervention_type>
    <intervention_name>mitoxantrone hydrochloride</intervention_name>
    <description>high-dose mitoxantrone IV over 15-30 minutes on day 5.</description>
  </intervention>
  <eligibility>
    <criteria>
      <textblock>
        DISEASE CHARACTERISTICS:&#xD;
&#xD;
          -  One of the following must be present:&#xD;
&#xD;
               -  Histologically confirmed acute myeloid leukemia or acute lymphoblastic leukemia&#xD;
&#xD;
                    -  More than 5% blasts in the bone marrow or peripheral blood unrelated to&#xD;
                       recovery of normal hematopoiesis from prior chemotherapy&#xD;
&#xD;
                    -  Failed at least 1 attempt at induction chemotherapy&#xD;
&#xD;
               -  Diagnosis of non-Hodgkin's lymphoma or Hodgkin's lymphoma&#xD;
&#xD;
                    -  Refractory or relapsed after at least 1 regimen of standard chemotherapy&#xD;
&#xD;
               -  Diagnosis of chronic myelogenous leukemia in accelerated phase or blast crisis&#xD;
&#xD;
                    -  Received at least 1 myelotoxic chemotherapy regimen&#xD;
&#xD;
          -  Active CNS involvement allowed&#xD;
&#xD;
        PATIENT CHARACTERISTICS:&#xD;
&#xD;
        Age&#xD;
&#xD;
          -  55 and under&#xD;
&#xD;
        Performance status&#xD;
&#xD;
          -  ECOG 0-2&#xD;
&#xD;
        Life expectancy&#xD;
&#xD;
          -  At least 5 weeks&#xD;
&#xD;
        Hematopoietic&#xD;
&#xD;
          -  Lymphoma patients:&#xD;
&#xD;
               -  WBC at least 2,000/mm^3*&#xD;
&#xD;
               -  Platelet count at least 20,000/mm^3* NOTE: *Unless due to bone marrow involvement&#xD;
                  or disease process&#xD;
&#xD;
        Hepatic&#xD;
&#xD;
          -  Bilirubin no greater than 3 times normal*&#xD;
&#xD;
          -  AST/ALT no greater than 3 times normal*&#xD;
&#xD;
          -  Alkaline phosphatase no greater than 3 times normal*&#xD;
&#xD;
          -  No severe liver failure NOTE: *Unless related to leukemia&#xD;
&#xD;
        Renal&#xD;
&#xD;
          -  Creatinine clearance greater than 50 mL/min&#xD;
&#xD;
          -  No severe renal failure&#xD;
&#xD;
        Cardiovascular&#xD;
&#xD;
          -  LVEF at least 45% by MUGA&#xD;
&#xD;
        Pulmonary&#xD;
&#xD;
          -  DLCO at least 60% of predicted&#xD;
&#xD;
        Other&#xD;
&#xD;
          -  HIV negative&#xD;
&#xD;
          -  Not pregnant or nursing&#xD;
&#xD;
          -  Negative pregnancy test&#xD;
&#xD;
          -  Fertile patients must use effective contraception&#xD;
&#xD;
          -  No psychiatric illness that would preclude informed consent&#xD;
&#xD;
          -  No medical illness or other condition that would preclude study participation&#xD;
&#xD;
        PRIOR CONCURRENT THERAPY:&#xD;
&#xD;
        Biologic therapy&#xD;
&#xD;
          -  Not specified&#xD;
&#xD;
        Chemotherapy&#xD;
&#xD;
          -  See Disease Characteristics&#xD;
&#xD;
          -  At least 24 hours since prior hydroxyurea&#xD;
&#xD;
          -  At least 1 week since other prior chemotherapy&#xD;
&#xD;
        Endocrine therapy&#xD;
&#xD;
          -  Not specified&#xD;
&#xD;
        Radiotherapy&#xD;
&#xD;
          -  Not specified&#xD;
&#xD;
        Surgery&#xD;
&#xD;
          -  Not specified&#xD;
&#xD;
        Other&#xD;
&#xD;
          -  Recovered from prior therapy&#xD;
      </textblock>
    </criteria>
    <gender>All</gender>
    <minimum_age>N/A</minimum_age>
    <maximum_age>55 Years</maximum_age>
    <healthy_volunteers>No</healthy_volunteers>
  </eligibility>
  <overall_official>
    <last_name>Mary J. Laughlin, MD</last_name>
    <role>Principal Investigator</role>
    <affiliation>Ireland Cancer Center at University Hospitals Case Medical Center, Case Comprehensive Cancer Center</affiliation>
  </overall_official>
  <location>
    <facility>
      <name>Ireland Cancer Center at University Hospitals Case Medical Center, Case Comprehensive Cancer Center</name>
      <address>
        <city>Cleveland</city>
        <state>Ohio</state>
        <zip>44106-7284</zip>
        <country>United States</country>
      </address>
    </facility>
  </location>
  <location_countries>
    <country>United States</country>
  </location_countries>
  <verification_date>June 2010</verification_date>
  <study_first_submitted>October 3, 2002</study_first_submitted>
  <study_first_submitted_qc>January 26, 2003</study_first_submitted_qc>
  <study_first_posted type="Estimate">January 27, 2003</study_first_posted>
  <last_update_submitted>June 10, 2010</last_update_submitted>
  <last_update_submitted_qc>June 10, 2010</last_update_submitted_qc>
  <last_update_posted type="Estimate">June 11, 2010</last_update_posted>
  <responsible_party>
    <name_title>Mary J. Laughlin, MD</name_title>
    <organization>Ireland Cancer Center at University Hospitals Case Medical Center, Case Comprehensive Cancer Center</organization>
  </responsible_party>
  <keyword>accelerated phase chronic myelogenous leukemia</keyword>
  <keyword>blastic phase chronic myelogenous leukemia</keyword>
  <keyword>recurrent adult acute lymphoblastic leukemia</keyword>
  <keyword>recurrent adult acute myeloid leukemia</keyword>
  <keyword>recurrent adult diffuse large cell lymphoma</keyword>
  <keyword>recurrent adult diffuse mixed cell lymphoma</keyword>
  <keyword>recurrent adult diffuse small cleaved cell lymphoma</keyword>
  <keyword>recurrent adult Burkitt lymphoma</keyword>
  <keyword>recurrent adult Hodgkin lymphoma</keyword>
  <keyword>recurrent adult immunoblastic large cell lymphoma</keyword>
  <keyword>recurrent adult lymphoblastic lymphoma</keyword>
  <keyword>recurrent childhood acute lymphoblastic leukemia</keyword>
  <keyword>recurrent childhood acute myeloid leukemia</keyword>
  <keyword>recurrent childhood large cell lymphoma</keyword>
  <keyword>recurrent childhood lymphoblastic lymphoma</keyword>
  <keyword>recurrent childhood small noncleaved cell lymphoma</keyword>
  <keyword>recurrent grade 1 follicular lymphoma</keyword>
  <keyword>recurrent grade 2 follicular lymphoma</keyword>
  <keyword>recurrent grade 3 follicular lymphoma</keyword>
  <keyword>recurrent mantle cell lymphoma</keyword>
  <keyword>recurrent/refractory childhood Hodgkin lymphoma</keyword>
  <keyword>relapsing chronic myelogenous leukemia</keyword>
  <keyword>secondary acute myeloid leukemia</keyword>
  <keyword>childhood chronic myelogenous leukemia</keyword>
  <keyword>atypical chronic myeloid leukemia</keyword>
  <keyword>recurrent marginal zone lymphoma</keyword>
  <keyword>recurrent small lymphocytic lymphoma</keyword>
  <keyword>extranodal marginal zone B-cell lymphoma of mucosa-associated lymphoid tissue</keyword>
  <keyword>nodal marginal zone B-cell lymphoma</keyword>
  <keyword>splenic marginal zone lymphoma</keyword>
  <keyword>adult acute myeloid leukemia with t(8;21)(q22;q22)</keyword>
  <keyword>adult acute myeloid leukemia with t(16;16)(p13;q22)</keyword>
  <keyword>adult acute myeloid leukemia with inv(16)(p13;q22)</keyword>
  <keyword>adult acute myeloid leukemia with 11q23 (MLL) abnormalities</keyword>
  <keyword>adult acute myeloid leukemia with t(15;17)(q22;q12)</keyword>
  <condition_browse>
    <!-- CAUTION:  The following MeSH terms are assigned with an imperfect algorithm            -->
    <mesh_term>Lymphoma</mesh_term>
    <mesh_term>Leukemia</mesh_term>
  </condition_browse>
  <intervention_browse>
    <!-- CAUTION:  The following MeSH terms are assigned with an imperfect algorithm            -->
    <mesh_term>Cytarabine</mesh_term>
    <mesh_term>Mitoxantrone</mesh_term>
    <mesh_term>Sargramostim</mesh_term>
  </intervention_browse>
  <!-- Results have not yet been posted for this study                                          -->
</clinical_study>

