<?xml version="1.0" encoding="UTF-8"?>
<clinical_study rank="180">
  <!-- This xml conforms to an XML Schema at:
    https://clinicaltrials.gov/ct2/html/images/info/public.xsd -->
  <required_header>
    <download_date>ClinicalTrials.gov processed this data on May 11, 2021</download_date>
    <link_text>Link to the current ClinicalTrials.gov record.</link_text>
    <url>https://clinicaltrials.gov/show/NCT00889408</url>
  </required_header>
  <id_info>
    <org_study_id>2012LS075</org_study_id>
    <secondary_id>MT2013-16</secondary_id>
    <secondary_id>DT2219ARL</secondary_id>
    <nct_id>NCT00889408</nct_id>
  </id_info>
  <brief_title>DT2219ARL for Relapsed or Refractory CD19 (+), CD 22 (+) B-Lineage Leukemia Or Lymphoma</brief_title>
  <official_title>A Phase I Study of DT2219ARL, A Bispecific Singe Chain Immunotoxin for the Treatment of Relapsed or Refractory CD19(+), CD22(+) B-Lineage Leukemia or Lymphoma</official_title>
  <sponsors>
    <lead_sponsor>
      <agency>Masonic Cancer Center, University of Minnesota</agency>
      <agency_class>Other</agency_class>
    </lead_sponsor>
    <collaborator>
      <agency>National Cancer Institute (NCI)</agency>
      <agency_class>NIH</agency_class>
    </collaborator>
  </sponsors>
  <source>Masonic Cancer Center, University of Minnesota</source>
  <oversight_info>
    <has_dmc>Yes</has_dmc>
  </oversight_info>
  <brief_summary>
    <textblock>
      This is a phase I dose escalation study of DT2219ARL for the treatment of relapsed or&#xD;
      refractory B-lineage leukemia and lymphoma. Patients will receive a single course of&#xD;
      DT2219ARL as a 4 hour infusion on days 1, 3, 5, and 8. Weekly follow-up will continue through&#xD;
      day 29, at which time a disease reassessment will be done. For patients in remission,&#xD;
      follow-up will continue monthly until disease progression or start of a new treatment.&#xD;
      Otherwise day 29 will be the final study visit if there is no ongoing toxicity.&#xD;
&#xD;
      This phase I study will use Continual Reassessment Method (CRM) to establish a maximum&#xD;
      tolerated dose (MTD) of DT2219ARL. Up to 3 dose levels will be tested with an additional dose&#xD;
      level (-1) if dose level 1 proves too toxic. The goal of CRM is to identify the dose level&#xD;
      which correspondences to a desired toxicity rate of 33% or less using grade 3 or 4 capillary&#xD;
      leak syndrome and any grade 3 or greater toxicity attributed to DT2219ARL as the targeted&#xD;
      toxicity (based on CTCAE version 4).&#xD;
    </textblock>
  </brief_summary>
  <detailed_description>
    <textblock>
      The current study was initially conducted at University of Texas and the Scott and White&#xD;
      Cancer Institute (A. Frankel, MD - PI) and M. D. Anderson Cancer Center with 15 evaluable&#xD;
      patients enrolled by the end of 2011 (table 1). The 3rd patient enrolled in the 40 μg/kg dose&#xD;
      cohort was the first to experience dose limiting toxicity (grade 3 neurological: lower&#xD;
      extremity weakness) receiving only 3 of the 4 planned doses. Per study design, the 40 μg/kg&#xD;
      would enroll an additional 3 patients to confirm dose limiting toxicity. It is at this point&#xD;
      the Texas centers discontinued involvement in the study.&#xD;
&#xD;
      Approximately 15 months after the last patient was enrolled under the original study plan,&#xD;
      the protocol was redesigned by the Masonic Cancer Center at the University of Minnesota,&#xD;
      building on the experience of the 1st 15 patients enrolled through the Texas centers. To&#xD;
      increase efficiency, the study design was changed from the standard 3 x 3 dose escalation to&#xD;
      a Continuous Reassessment Method (CRM) model testing 3 doses levels (40, 60, and 80 ug/kg)&#xD;
      with an added feature of a dose level -1 (30 ug/kg) in the event dose level 1 proves too&#xD;
      toxic. The maximum tolerated dose will be identified once 20 evaluable patients are enrolled.&#xD;
    </textblock>
  </detailed_description>
  <overall_status>Completed</overall_status>
  <start_date type="Actual">December 2, 2013</start_date>
  <completion_date type="Actual">July 21, 2014</completion_date>
  <primary_completion_date type="Actual">July 21, 2014</primary_completion_date>
  <phase>Phase 1</phase>
  <study_type>Interventional</study_type>
  <has_expanded_access>No</has_expanded_access>
  <study_design_info>
    <allocation>N/A</allocation>
    <intervention_model>Single Group Assignment</intervention_model>
    <primary_purpose>Treatment</primary_purpose>
    <masking>None (Open Label)</masking>
  </study_design_info>
  <primary_outcome>
    <measure>Maximum tolerated dose</measure>
    <time_frame>29 days</time_frame>
    <description>This phase I study will use Continual Reassessment method (CRM) method to establish a maximum tolerated dose (MTD) of DT2219ARL when the maximum desired level of toxicity is 33% (defined as grade 3 or 4 capillary leak syndrome toxicities and any grade 3 or greater adverse event attributed to DT2219ARL based on CTCAE v 4).</description>
  </primary_outcome>
  <secondary_outcome>
    <measure>Therapeutic activity of DT2219ARL</measure>
    <time_frame>2 years</time_frame>
    <description>Determined by the change in percentage of blasts in bone marrow and peripheral blood and recovery of normal hematopoiesis and by change in size of lymph nodes/tumor involved by lymphoma</description>
  </secondary_outcome>
  <number_of_arms>1</number_of_arms>
  <enrollment type="Actual">25</enrollment>
  <condition>Leukemia</condition>
  <condition>Lymphoma</condition>
  <arm_group>
    <arm_group_label>Treatment</arm_group_label>
    <arm_group_type>Experimental</arm_group_type>
    <description>DT2219ARL at assigned dose IV over 4 hours in the outpatient setting on day 1, 3, 5, and 8</description>
  </arm_group>
  <intervention>
    <intervention_type>Biological</intervention_type>
    <intervention_name>DT2219ARL</intervention_name>
    <description>anti-CD19/CD22 bispecific ligand-directed toxin DT2219ARL</description>
    <arm_group_label>Treatment</arm_group_label>
  </intervention>
  <eligibility>
    <criteria>
      <textblock>
        Inclusion Criteria:&#xD;
&#xD;
          -  Histologic verification of B-cell lineage leukemia or B cell non-Hodgkin lymphoma and&#xD;
             evidence of relapse/refractory disease with the presence of CD19 and/or CD22 by flow&#xD;
             cytometry or immunohistochemistry of bone marrow aspirate, peripheral blood or node&#xD;
             biopsy&#xD;
&#xD;
          -  Disease refractory to conventional therapy and other therapies of higher priority&#xD;
&#xD;
          -  Age ≥ 12 years&#xD;
&#xD;
          -  Karnofsky Performance status of ≥ 60% or, if less than 16 years of age, Lansky Play&#xD;
             Score of ≥ 60 (appendix II)&#xD;
&#xD;
          -  Patients must have recovered from effects of prior therapy - at least 2 weeks should&#xD;
             have elapsed since the last dose of chemotherapy; however patients who have recovered&#xD;
             from the effects of previous treatment and have a &gt;50% rise in peripheral blast count&#xD;
             (confirmed twice) or &gt; 50% growth of lymph nodes are immediately eligible - Patients&#xD;
             who have relapsed following autologous or allogeneic BMT are eligible&#xD;
&#xD;
          -  In order to prevent tumor lysis syndrome, leukemia patients must have a peripheral&#xD;
             blast count under 50 x 109/L. This should be achieved with hydroxyurea cytoreduction,&#xD;
             prior to starting DT2219ARL as follows - patients with peripheral blasts and a WBC &gt;50&#xD;
             x 109/L, give hydroxyurea 1-5 g daily for up to 5 days to reduce WBC below 50 x 109/L&#xD;
&#xD;
          -  Adequate organ function within 14 days (30 days for cardiac and pulmonary) of&#xD;
             treatment start defined as:&#xD;
&#xD;
               -  Creatinine: ≤ 1.5 x upper limit of institutional normal (ULN)&#xD;
&#xD;
               -  Hepatic: SGOT (AST) or SGPT (ALT) &lt; 2.5 x ULN and total bilirubin &lt;/= 1.5 x ULN&#xD;
&#xD;
               -  General health: Serum albumin ≥ 3.0g/dL&#xD;
&#xD;
               -  Pulmonary: PFTs &gt; 50% if symptomatic or prior known impairment&#xD;
&#xD;
               -  Cardiac: LVEF by ECHO or MUGA ≥ 40%&#xD;
&#xD;
          -  Agrees to stay within the Twin Cities metropolitan area (i.e. within 30 miles of the&#xD;
             study center) for the duration of the treatment (at least 24 hours after the last&#xD;
             dose) and 2) have a capable caregiver&#xD;
&#xD;
          -  Women of childbearing potential and men should be advised and agree to practice&#xD;
             effective methods of contraception during the course of study&#xD;
&#xD;
          -  Voluntary written consent&#xD;
&#xD;
        Exclusion Criteria:&#xD;
&#xD;
          -  Presence of leukemic or infectious pulmonary parenchymal disease&#xD;
&#xD;
          -  Presence of active CNS leukemia. CSF with &lt;5 WBC/uL will not exclude the patient&#xD;
&#xD;
          -  Presence of any uncontrolled systemic infection&#xD;
&#xD;
          -  Documented uncontrolled seizure disorder or abnormal neurological examination - a&#xD;
             seizure disorder controlled with medication (i.e. no seizures in the previous 6&#xD;
             months) will not exclude a patient&#xD;
&#xD;
          -  Documented penicillin or cephalosporin allergies&#xD;
&#xD;
          -  Pregnant or lactating - Women of child bearing potential must have a negative&#xD;
             pregnancy test within 14 days of study treatment start&#xD;
      </textblock>
    </criteria>
    <gender>All</gender>
    <minimum_age>12 Years</minimum_age>
    <maximum_age>N/A</maximum_age>
    <healthy_volunteers>No</healthy_volunteers>
  </eligibility>
  <overall_official>
    <last_name>Verokina Bachanova, MD</last_name>
    <role>Principal Investigator</role>
    <affiliation>University of Minnesota</affiliation>
  </overall_official>
  <location>
    <facility>
      <name>Masonic Cancer Center at University of Minnesota</name>
      <address>
        <city>Minneapolis</city>
        <state>Minnesota</state>
        <zip>55455</zip>
        <country>United States</country>
      </address>
    </facility>
  </location>
  <location>
    <facility>
      <name>M. D. Anderson Cancer Center at University of Texas</name>
      <address>
        <city>Houston</city>
        <state>Texas</state>
        <zip>77030-4009</zip>
        <country>United States</country>
      </address>
    </facility>
  </location>
  <location>
    <facility>
      <name>Scott and White Cancer Institute</name>
      <address>
        <city>Temple</city>
        <state>Texas</state>
        <zip>76508</zip>
        <country>United States</country>
      </address>
    </facility>
  </location>
  <location_countries>
    <country>United States</country>
  </location_countries>
  <verification_date>November 2017</verification_date>
  <study_first_submitted>April 26, 2009</study_first_submitted>
  <study_first_submitted_qc>April 26, 2009</study_first_submitted_qc>
  <study_first_posted type="Estimate">April 28, 2009</study_first_posted>
  <last_update_submitted>November 29, 2017</last_update_submitted>
  <last_update_submitted_qc>November 29, 2017</last_update_submitted_qc>
  <last_update_posted type="Actual">December 2, 2017</last_update_posted>
  <responsible_party>
    <responsible_party_type>Sponsor</responsible_party_type>
  </responsible_party>
  <keyword>refractory chronic lymphocytic leukemia</keyword>
  <keyword>childhood diffuse large cell lymphoma</keyword>
  <keyword>childhood grade III lymphomatoid granulomatosis</keyword>
  <keyword>childhood immunoblastic large cell lymphoma</keyword>
  <keyword>B-cell adult acute lymphoblastic leukemia</keyword>
  <keyword>recurrent adult acute lymphoblastic leukemia</keyword>
  <keyword>B-cell childhood acute lymphoblastic leukemia</keyword>
  <keyword>recurrent childhood acute lymphoblastic leukemia</keyword>
  <keyword>adult acute myeloid leukemia with 11q23 (MLL) abnormalities</keyword>
  <keyword>adult acute myeloid leukemia with inv(16)(p13;q22)</keyword>
  <keyword>adult acute myeloid leukemia with t(15;17)(q22;q12)</keyword>
  <keyword>adult acute myeloid leukemia with t(16;16)(p13;q22)</keyword>
  <keyword>adult acute myeloid leukemia with t(8;21)(q22;q22)</keyword>
  <keyword>recurrent adult acute myeloid leukemia</keyword>
  <keyword>recurrent childhood acute myeloid leukemia</keyword>
  <keyword>secondary acute myeloid leukemia</keyword>
  <keyword>B-cell chronic lymphocytic leukemia</keyword>
  <keyword>relapsing chronic myelogenous leukemia</keyword>
  <keyword>childhood chronic myelogenous leukemia</keyword>
  <keyword>cutaneous B-cell non-Hodgkin lymphoma</keyword>
  <keyword>recurrent adult grade III lymphomatoid granulomatosis</keyword>
  <keyword>Waldenström macroglobulinemia</keyword>
  <keyword>recurrent adult Burkitt lymphoma</keyword>
  <keyword>recurrent adult diffuse large cell lymphoma</keyword>
  <keyword>recurrent adult diffuse mixed cell lymphoma</keyword>
  <keyword>recurrent adult diffuse small cleaved cell lymphoma</keyword>
  <keyword>recurrent adult immunoblastic large cell lymphoma</keyword>
  <keyword>recurrent adult lymphoblastic lymphoma</keyword>
  <keyword>recurrent grade 1 follicular lymphoma</keyword>
  <keyword>recurrent grade 2 follicular lymphoma</keyword>
  <keyword>recurrent grade 3 follicular lymphoma</keyword>
  <keyword>recurrent mantle cell lymphoma</keyword>
  <keyword>recurrent marginal zone lymphoma</keyword>
  <keyword>recurrent small lymphocytic lymphoma</keyword>
  <keyword>extranodal marginal zone B-cell lymphoma of mucosa-associated lymphoid tissue</keyword>
  <keyword>nodal marginal zone B-cell lymphoma</keyword>
  <keyword>splenic marginal zone lymphoma</keyword>
  <keyword>recurrent childhood grade III lymphomatoid granulomatosis</keyword>
  <keyword>recurrent childhood large cell lymphoma</keyword>
  <keyword>recurrent childhood lymphoblastic lymphoma</keyword>
  <keyword>recurrent childhood small noncleaved cell lymphoma</keyword>
  <keyword>childhood Burkitt lymphoma</keyword>
  <keyword>intraocular lymphoma</keyword>
  <keyword>noncutaneous extranodal lymphoma</keyword>
  <keyword>prolymphocytic leukemia</keyword>
  <condition_browse>
    <!-- CAUTION:  The following MeSH terms are assigned with an imperfect algorithm            -->
    <mesh_term>Lymphoma</mesh_term>
    <mesh_term>Leukemia</mesh_term>
  </condition_browse>
  <!-- Results have not yet been posted for this study                                          -->
</clinical_study>

