<?xml version="1.0" encoding="UTF-8"?>
<clinical_study rank="41">
  <!-- This xml conforms to an XML Schema at:
    https://clinicaltrials.gov/ct2/html/images/info/public.xsd -->
  <required_header>
    <download_date>ClinicalTrials.gov processed this data on May 11, 2021</download_date>
    <link_text>Link to the current ClinicalTrials.gov record.</link_text>
    <url>https://clinicaltrials.gov/show/NCT00093821</url>
  </required_header>
  <id_info>
    <org_study_id>NCI-2012-01456</org_study_id>
    <secondary_id>04-069</secondary_id>
    <secondary_id>POETIC-MSKCC-04069</secondary_id>
    <secondary_id>CDR0000391010</secondary_id>
    <secondary_id>NCI-6323</secondary_id>
    <secondary_id>MSKCC-04069</secondary_id>
    <secondary_id>U01CA069856</secondary_id>
    <nct_id>NCT00093821</nct_id>
  </id_info>
  <brief_title>Tanespimycin in Treating Young Patients With Recurrent or Refractory Leukemia or Solid Tumors</brief_title>
  <official_title>A Multicenter Phase I Trial of 17-N-allylamino-17-demethoxy Geldanamycin (17-AAG, NSC #330507) in Patients With Recurrent/Refractory Pediatric Solid Tumors (Ewing's Sarcoma, Desmoplastic Small Round Cell Tumor, Osteosarcoma, Neuroblastoma, and Rhabdomyosarcoma) and Leukemia</official_title>
  <sponsors>
    <lead_sponsor>
      <agency>National Cancer Institute (NCI)</agency>
      <agency_class>NIH</agency_class>
    </lead_sponsor>
  </sponsors>
  <source>National Cancer Institute (NCI)</source>
  <brief_summary>
    <textblock>
      This phase I trial is studying the side effects and best dose of tanespimycin in treating&#xD;
      young patients with recurrent or refractory leukemia or selected solid tumors. Drugs used in&#xD;
      chemotherapy, such as tanespimycin, work in different ways to stop cancer cells from dividing&#xD;
      so they stop growing or die.&#xD;
    </textblock>
  </brief_summary>
  <detailed_description>
    <textblock>
      PRIMARY OBJECTIVES:&#xD;
&#xD;
      I. Determine the dose-limiting toxicity and maximum tolerated dose (MTD) of&#xD;
      17-N-allylamino-17-demethoxygeldanamycin (17-AAG) in pediatric patients with recurrent or&#xD;
      refractory leukemia or selected solid tumors.&#xD;
&#xD;
      II. Determine the levels of key proteins known to influence cancer cell survival and&#xD;
      proliferation in patients treated with this drug at the MTD.&#xD;
&#xD;
      SECONDARY OBJECTIVES:&#xD;
&#xD;
      I. Determine the pharmacokinetics of this drug in these patients. II. Evaluate effects of&#xD;
      genetic polymorphisms known to alter the activity of enzymes involved in the metabolism of&#xD;
      this drug.&#xD;
&#xD;
      III. Correlate the alteration of fludeoxyglucose F18 accumulation with tumor response in&#xD;
      patients treated with this drug.&#xD;
&#xD;
      OUTLINE: This is a dose-escalation, multicenter study. Patients are stratified according to&#xD;
      diagnosis (leukemia vs solid tumor).&#xD;
&#xD;
      Patients receive tanespimycin IV over 2-6 hours on days 1, 4, 8, and 11 (for patients with&#xD;
      solid tumors) OR days 1, 4, 8, 11, 15, and 18 (for patients with leukemia). Courses for all&#xD;
      patients repeat every 21 days in the absence of disease progression or unacceptable toxicity.&#xD;
&#xD;
      Cohorts of 3-6 patients receive escalating doses of tanespimycin until the maximum tolerated&#xD;
      dose (MTD) is determined. The MTD is defined as the dose preceding that at which 2 of 3 or 2&#xD;
      of 6 patients experience dose-limiting toxicity. At least 15 patients are treated at the MTD.&#xD;
&#xD;
      Patients are followed for 30 days.&#xD;
    </textblock>
  </detailed_description>
  <overall_status>Completed</overall_status>
  <start_date>September 2004</start_date>
  <primary_completion_date type="Actual">August 2007</primary_completion_date>
  <phase>Phase 1</phase>
  <study_type>Interventional</study_type>
  <has_expanded_access>No</has_expanded_access>
  <study_design_info>
    <allocation>N/A</allocation>
    <intervention_model>Single Group Assignment</intervention_model>
    <primary_purpose>Treatment</primary_purpose>
    <masking>None (Open Label)</masking>
  </study_design_info>
  <primary_outcome>
    <measure>MTD, defined as the highest dose level with an observed incidence of DLT in no more than 1 out of 6 patients treated at a particular dose level</measure>
    <time_frame>21 days</time_frame>
  </primary_outcome>
  <secondary_outcome>
    <measure>Change in Hsp90 client protein levels in relation to dose of tanespimycin</measure>
    <time_frame>Baseline to 21 days</time_frame>
  </secondary_outcome>
  <number_of_arms>1</number_of_arms>
  <enrollment type="Actual">70</enrollment>
  <condition>Childhood Chronic Myelogenous Leukemia</condition>
  <condition>Childhood Desmoplastic Small Round Cell Tumor</condition>
  <condition>Disseminated Neuroblastoma</condition>
  <condition>Metastatic Childhood Soft Tissue Sarcoma</condition>
  <condition>Metastatic Ewing Sarcoma/Peripheral Primitive Neuroectodermal Tumor</condition>
  <condition>Metastatic Osteosarcoma</condition>
  <condition>Previously Treated Childhood Rhabdomyosarcoma</condition>
  <condition>Recurrent Childhood Acute Lymphoblastic Leukemia</condition>
  <condition>Recurrent Childhood Acute Myeloid Leukemia</condition>
  <condition>Recurrent Childhood Rhabdomyosarcoma</condition>
  <condition>Recurrent Childhood Soft Tissue Sarcoma</condition>
  <condition>Recurrent Ewing Sarcoma/Peripheral Primitive Neuroectodermal Tumor</condition>
  <condition>Recurrent Neuroblastoma</condition>
  <condition>Recurrent Osteosarcoma</condition>
  <arm_group>
    <arm_group_label>Treatment (tanespimycin)</arm_group_label>
    <arm_group_type>Experimental</arm_group_type>
    <description>Patients receive tanespimycin IV over 2-6 hours on days 1, 4, 8, and 11 (for patients with solid tumors) OR days 1, 4, 8, 11, 15, and 18 (for patients with leukemia). Courses for all patients repeat every 21 days in the absence of disease progression or unacceptable toxicity.&#xD;
Cohorts of 3-6 patients receive escalating doses of tanespimycin until the MTD is determined. The MTD is defined as the dose preceding that at which 2 of 3 or 2 of 6 patients experience dose-limiting toxicity. At least 15 patients are treated at the MTD.</description>
  </arm_group>
  <intervention>
    <intervention_type>Drug</intervention_type>
    <intervention_name>tanespimycin</intervention_name>
    <description>Given IV</description>
    <arm_group_label>Treatment (tanespimycin)</arm_group_label>
    <other_name>17-AAG</other_name>
  </intervention>
  <intervention>
    <intervention_type>Other</intervention_type>
    <intervention_name>pharmacological study</intervention_name>
    <description>Correlative studies</description>
    <arm_group_label>Treatment (tanespimycin)</arm_group_label>
    <other_name>pharmacological studies</other_name>
  </intervention>
  <intervention>
    <intervention_type>Other</intervention_type>
    <intervention_name>laboratory biomarker analysis</intervention_name>
    <description>Correlative studies</description>
    <arm_group_label>Treatment (tanespimycin)</arm_group_label>
  </intervention>
  <eligibility>
    <criteria>
      <textblock>
        Inclusion Criteria:&#xD;
&#xD;
          -  Histologically confirmed diagnosis of 1 of the following malignancies:&#xD;
&#xD;
               -  Leukemia&#xD;
&#xD;
                    -  Lymphoid, myeloid, or mixed lineage&#xD;
&#xD;
                    -  Relapsed (in second or greater relapse) or refractory disease, confirmed by&#xD;
                       1 of the following:&#xD;
&#xD;
                         -  Bone marrow relapse, defined as either M3 bone marrow (&gt; 25% blasts in&#xD;
                            the bone marrow aspirate) OR M2 bone marrow (5-25% blasts in the bone&#xD;
                            marrow aspirate) at any time after complete remission is attained&#xD;
&#xD;
                         -  CNS relapse, defined as at least 5 WBC/mL by cytospin of any&#xD;
                            cerebrospinal fluid (CSF) specimen OR less than 5 WBC/mL by cytospin of&#xD;
                            2 consecutive CSF specimens obtained &gt;= 4 weeks apart and having&#xD;
                            definitive confirmation that blasts are derived from the original&#xD;
                            leukemic clone by molecular cytogenetics, multiparameter flow&#xD;
                            cytometry, or immunostaining of &gt;= 2 antigens&#xD;
&#xD;
                    -  Patients with underlying chronic myeloid leukemia must have &gt; 25% blasts in&#xD;
                       the bone marrow aspirate&#xD;
&#xD;
                    -  Patients with M3 bone marrow AND extramedullary sites of disease, other than&#xD;
                       leptomeningeal disease, are eligible&#xD;
&#xD;
               -  Solid tumor&#xD;
&#xD;
                    -  One of the following tumor types:&#xD;
&#xD;
                         -  Neuroblastoma&#xD;
&#xD;
                         -  Ewing's sarcoma&#xD;
&#xD;
                         -  Osteosarcoma&#xD;
&#xD;
                         -  Desmoplastic small round cell tumor&#xD;
&#xD;
                         -  Rhabdomyosarcoma&#xD;
&#xD;
                    -  Progressed after prior standard therapy OR no effective standard therapy&#xD;
                       exists&#xD;
&#xD;
                    -  Measurable or nonmeasurable disease&#xD;
&#xD;
          -  No known brain metastases&#xD;
&#xD;
          -  No active leptomeningeal leukemia, defined by the following criteria:&#xD;
&#xD;
               -  WBC &gt; 5/mm^3 in cerebrospinal fluid (CSF)&#xD;
&#xD;
               -  Unequivocal confirmation of leukemic blasts in CSF by cell morphology&#xD;
&#xD;
          -  No symptomatic CNS disease (e.g., cranial nerve abnormalities) without cytologic&#xD;
             abnormality in CSF&#xD;
&#xD;
          -  Performance status - Karnofsky 70-100% (for patients &gt; 10 years of age)&#xD;
&#xD;
          -  Performance status - Lansky 70-100% (for patients =&lt; 10 years of age)&#xD;
&#xD;
          -  More than 8 weeks&#xD;
&#xD;
          -  Absolute neutrophil count &gt;= 750/mm^3&#xD;
&#xD;
          -  Platelet count &gt;= 75,000/mm^3 (transfusion independent)&#xD;
&#xD;
          -  Hemoglobin &gt;= 8.5 g/dL (transfusion allowed)&#xD;
&#xD;
          -  Bilirubin &lt; 1.5 mg/dL&#xD;
&#xD;
          -  ALT and AST =&lt; 2.5 times upper limit of normal (ULN)&#xD;
&#xD;
          -  INR =&lt; 1.5 times ULN&#xD;
&#xD;
          -  Albumin &gt; 2.0 g/dL&#xD;
&#xD;
          -  Creatinine =&lt; 1.5 times ULN for age&#xD;
&#xD;
          -  Creatinine clearance or radioisotope glomerular filtration rate &gt; 60 mL/min&#xD;
&#xD;
          -  Ejection fraction &gt;= 50%&#xD;
&#xD;
          -  Shortening fraction &gt;= 28%&#xD;
&#xD;
          -  QTc &lt; 450 msec for men (470 msec for women)&#xD;
&#xD;
               -  No congenital long QT syndrome&#xD;
&#xD;
          -  LVEF &gt; 40% by MUGA&#xD;
&#xD;
          -  No symptomatic congestive heart failure&#xD;
&#xD;
          -  No cardiac arrhythmia&#xD;
&#xD;
          -  No New York Heart Association class III or IV heart failure&#xD;
&#xD;
          -  No myocardial infarction within the past year&#xD;
&#xD;
          -  No uncontrolled dysrhythmias&#xD;
&#xD;
          -  No poorly controlled angina&#xD;
&#xD;
          -  More than 12 months since active ischemic heart disease&#xD;
&#xD;
          -  No history of serious ventricular arrhythmia (ventricular tachycardia or ventricular&#xD;
             fibrillation &gt;= 3 beats in a row)&#xD;
&#xD;
          -  No left bundle branch block&#xD;
&#xD;
          -  No other significant cardiac disease&#xD;
&#xD;
          -  No pulmonary fibrosis by radiography&#xD;
&#xD;
          -  No ongoing or active bacterial or fungal infection&#xD;
&#xD;
          -  No other uncontrolled illness&#xD;
&#xD;
          -  No psychiatric illness or social situation that would preclude study compliance&#xD;
&#xD;
          -  No history of serious allergic reaction attributed to eggs or dimethyl sulfoxide&#xD;
&#xD;
          -  Not pregnant or nursing&#xD;
&#xD;
          -  Negative pregnancy test&#xD;
&#xD;
          -  Fertile patients must use effective contraception&#xD;
&#xD;
          -  Recovered from all immunotherapy&#xD;
&#xD;
          -  At least 6 months since prior allogeneic stem cell transplantation&#xD;
&#xD;
          -  At least 3 months since prior autologous stem cell transplantation&#xD;
&#xD;
          -  At least 2 weeks since prior biologic agents (e.g., monoclonal antibodies)&#xD;
&#xD;
          -  At least 1 week since prior filgrastim (G-CSF) or sargramostim (GM-CSF)&#xD;
&#xD;
          -  Recovered from all prior chemotherapy&#xD;
&#xD;
          -  At least 2 weeks since prior chemotherapy (for patients with leukemia only)&#xD;
&#xD;
          -  At least 4 weeks since prior chemotherapy (6 weeks for nitrosoureas or mitomycin) (for&#xD;
             patients with solid tumors)&#xD;
&#xD;
          -  No prior oxaliplatin&#xD;
&#xD;
          -  No concurrent corticosteroids except for the treatment of adrenal crises in patients&#xD;
             with suppressed hypothalamic-pituitary-adrenal axis response OR for treatment of&#xD;
             allergic reactions to medications or blood products&#xD;
&#xD;
          -  Recovered from all prior radiotherapy&#xD;
&#xD;
          -  At least 6 months since prior radiotherapy to &gt;= 50% of the pelvis&#xD;
&#xD;
          -  At least 6 months since prior radiotherapy to substantial bone marrow, including total&#xD;
             body irradiation&#xD;
&#xD;
          -  At least 4 weeks since prior local (small port) radiotherapy&#xD;
&#xD;
          -  No prior radiotherapy to the heart&#xD;
&#xD;
          -  At least 1 week since prior retinoids&#xD;
&#xD;
          -  No concurrent antiretroviral therapy for HIV-positive patients&#xD;
&#xD;
          -  No concurrent medication to control arrhythmias&#xD;
&#xD;
          -  No concurrent medications that prolong or may prolong QTc interval&#xD;
&#xD;
          -  No other concurrent investigational agents&#xD;
&#xD;
          -  No other concurrent anticancer therapy&#xD;
      </textblock>
    </criteria>
    <gender>All</gender>
    <minimum_age>N/A</minimum_age>
    <maximum_age>21 Years</maximum_age>
    <healthy_volunteers>No</healthy_volunteers>
  </eligibility>
  <overall_official>
    <last_name>Tanya Trippett</last_name>
    <role>Principal Investigator</role>
    <affiliation>Memorial Sloan Kettering Cancer Center</affiliation>
  </overall_official>
  <location>
    <facility>
      <name>Memorial Sloan-Kettering Cancer Center</name>
      <address>
        <city>New York</city>
        <state>New York</state>
        <zip>10065</zip>
        <country>United States</country>
      </address>
    </facility>
  </location>
  <location_countries>
    <country>United States</country>
  </location_countries>
  <verification_date>June 2013</verification_date>
  <study_first_submitted>October 6, 2004</study_first_submitted>
  <study_first_submitted_qc>October 7, 2004</study_first_submitted_qc>
  <study_first_posted type="Estimate">October 8, 2004</study_first_posted>
  <last_update_submitted>June 3, 2013</last_update_submitted>
  <last_update_submitted_qc>June 3, 2013</last_update_submitted_qc>
  <last_update_posted type="Estimate">June 4, 2013</last_update_posted>
  <responsible_party>
    <responsible_party_type>Sponsor</responsible_party_type>
  </responsible_party>
  <condition_browse>
    <!-- CAUTION:  The following MeSH terms are assigned with an imperfect algorithm            -->
    <mesh_term>Neoplasms</mesh_term>
    <mesh_term>Leukemia</mesh_term>
    <mesh_term>Sarcoma</mesh_term>
    <mesh_term>Precursor Cell Lymphoblastic Leukemia-Lymphoma</mesh_term>
    <mesh_term>Leukemia, Myelogenous, Chronic, BCR-ABL Positive</mesh_term>
    <mesh_term>Neuroblastoma</mesh_term>
    <mesh_term>Osteosarcoma</mesh_term>
    <mesh_term>Rhabdomyosarcoma</mesh_term>
    <mesh_term>Sarcoma, Ewing</mesh_term>
    <mesh_term>Neuroectodermal Tumors</mesh_term>
    <mesh_term>Neuroectodermal Tumors, Primitive</mesh_term>
    <mesh_term>Rhabdomyosarcoma, Embryonal</mesh_term>
    <mesh_term>Neuroectodermal Tumors, Primitive, Peripheral</mesh_term>
    <mesh_term>Desmoplastic Small Round Cell Tumor</mesh_term>
  </condition_browse>
  <!-- Results have not yet been posted for this study                                          -->
</clinical_study>

