<?xml version="1.0" encoding="UTF-8"?>
<clinical_study rank="100">
  <!-- This xml conforms to an XML Schema at:
    https://clinicaltrials.gov/ct2/html/images/info/public.xsd -->
  <required_header>
    <download_date>ClinicalTrials.gov processed this data on May 11, 2021</download_date>
    <link_text>Link to the current ClinicalTrials.gov record.</link_text>
    <url>https://clinicaltrials.gov/show/NCT00003671</url>
  </required_header>
  <id_info>
    <org_study_id>9705</org_study_id>
    <secondary_id>POG-9705</secondary_id>
    <secondary_id>CDR0000066768</secondary_id>
    <nct_id>NCT00003671</nct_id>
  </id_info>
  <brief_title>Combination Chemotherapy in Treating Children With Newly Diagnosed Acute Lymphocytic Leukemia</brief_title>
  <official_title>Protocol for Patients With Newly Diagnosed Better Risk Acute Lymphoblastic Leukemia (ALL): A POG Pilot Study</official_title>
  <sponsors>
    <lead_sponsor>
      <agency>Children's Oncology Group</agency>
      <agency_class>Other</agency_class>
    </lead_sponsor>
    <collaborator>
      <agency>National Cancer Institute (NCI)</agency>
      <agency_class>NIH</agency_class>
    </collaborator>
  </sponsors>
  <source>Children's Oncology Group</source>
  <oversight_info>
    <has_dmc>Yes</has_dmc>
  </oversight_info>
  <brief_summary>
    <textblock>
      RATIONALE: Drugs used in chemotherapy use different ways to stop cancer cells from dividing&#xD;
      so they stop growing or die. Combining more than one drug may kill more cancer cells.&#xD;
&#xD;
      PURPOSE: Phase II trial to study the effectiveness of combination chemotherapy in treating&#xD;
      children who have newly diagnosed acute lymphocytic leukemia.&#xD;
    </textblock>
  </brief_summary>
  <detailed_description>
    <textblock>
      OBJECTIVES: I. Determine whether a delayed multidrug intensification can be given in&#xD;
      conjunction with methotrexate and leucovorin calcium rescue consolidation therapy in children&#xD;
      with average risk acute lymphocytic leukemia. II. Determine the feasibility of delivering 6&#xD;
      courses of this therapy in these patients.&#xD;
&#xD;
      OUTLINE: This is a multicenter study. Induction: Patients receive oral dexamethasone twice&#xD;
      daily on days 1-29, vincristine IV on days 1, 8, 15, and 22, and asparaginase intramuscularly&#xD;
      (IM) on days 2, 5, 8, 12, 15, and 19. Patients receive methotrexate intrathecally (IT) on&#xD;
      days 1 and 15. CNS 2 and 3 patients also receive methotrexate IT on days 8 and 22. Patients&#xD;
      with M1 bone marrow receive oral mercaptopurine daily beginning on day 29. Patients with M2&#xD;
      bone marrow on day 29 receive oral dexamethasone twice daily on days 29-42, vincristine IV&#xD;
      and daunorubicin IV over 15 minutes on days 29 and 36, and asparaginase IM on days 29, 32,&#xD;
      36, and 39. Patients with M3 bone marrow on day 29 or M2 or M3 bone marrow on day 43 are&#xD;
      taken off study. Consolidation: Patients receive methotrexate IV over 4 hours once a week&#xD;
      during weeks 7, 10, 13, 24, 27, and 30, oral leucovorin calcium every 6 hours for 5 doses&#xD;
      beginning 42 hours after the start of methotrexate infusion, methotrexate IT during weeks 5,&#xD;
      9, 12, 16, 20, 21, and 29, asparaginase IM 3 times weekly during weeks 16 and 17, and oral&#xD;
      mercaptopurine daily during weeks 5-14 and from week 24 until the end of consolidation.&#xD;
      Patients receive oral dexamethasone twice daily during weeks 8, 16-18, and 28, vincristine IV&#xD;
      on day 1 during weeks 8, 9, 16, 17, 18, 28, and 29, daunorubicin IV on day 1 during weeks 16,&#xD;
      17, and 18, cyclophosphamide IV over 30 minutes on day 1 during week 20, cytarabine IV or&#xD;
      subcutaneously on days 2-5 during weeks 20 and 21, and oral thioguanine daily during weeks 20&#xD;
      and 21. Intensive continuation: Patients receive oral methotrexate every 6 hours for 24 hours&#xD;
      during weeks 1, 3, 5, and 7, oral mercaptopurine daily, and oral leucovorin calcium every 12&#xD;
      hours for 1 day beginning 48 hours after the start of oral methotrexate. Patients also&#xD;
      receive methotrexate IT during week 8, vincristine IV on day 1 during week 8, and oral&#xD;
      dexamethasone twice daily for 7 days beginning with vincristine. Treatment repeats every 8&#xD;
      weeks for 6 courses. Another continuation: Patients receive oral methotrexate once weekly&#xD;
      except during the week of methotrexate IT administration, oral mercaptopurine daily,&#xD;
      methotrexate IT every 8 weeks, vincristine IV on day 1 during week 8, and oral dexamethasone&#xD;
      twice daily for 7 days beginning with vincristine. Treatment continues for up to 130 weeks in&#xD;
      the absence of disease progression or unacceptable toxicity. Patients are followed every 6&#xD;
      months for 4 years and then annually for ten years.&#xD;
&#xD;
      PROJECTED ACCRUAL: A total of 50 patients will be accrued for this study within 12 months.&#xD;
    </textblock>
  </detailed_description>
  <overall_status>Completed</overall_status>
  <start_date>December 1998</start_date>
  <completion_date type="Actual">February 2009</completion_date>
  <primary_completion_date type="Actual">November 2002</primary_completion_date>
  <phase>Phase 2</phase>
  <study_type>Interventional</study_type>
  <has_expanded_access>No</has_expanded_access>
  <study_design_info>
    <allocation>N/A</allocation>
    <intervention_model>Single Group Assignment</intervention_model>
    <primary_purpose>Treatment</primary_purpose>
    <masking>None (Open Label)</masking>
  </study_design_info>
  <primary_outcome>
    <measure>Event-free survival</measure>
    <time_frame>7 years</time_frame>
  </primary_outcome>
  <number_of_arms>1</number_of_arms>
  <enrollment type="Actual">59</enrollment>
  <condition>Leukemia</condition>
  <arm_group>
    <arm_group_label>Chemotherapy Treatment</arm_group_label>
    <arm_group_type>Experimental</arm_group_type>
    <description>See detailed description.</description>
  </arm_group>
  <intervention>
    <intervention_type>Drug</intervention_type>
    <intervention_name>asparaginase</intervention_name>
    <arm_group_label>Chemotherapy Treatment</arm_group_label>
    <other_name>E. coli</other_name>
    <other_name>Elspar</other_name>
    <other_name>NSC #109229</other_name>
  </intervention>
  <intervention>
    <intervention_type>Drug</intervention_type>
    <intervention_name>cyclophosphamide</intervention_name>
    <arm_group_label>Chemotherapy Treatment</arm_group_label>
    <other_name>CTX</other_name>
    <other_name>Cytoxan</other_name>
    <other_name>NSC #026271</other_name>
    <other_name>IND #7089</other_name>
  </intervention>
  <intervention>
    <intervention_type>Drug</intervention_type>
    <intervention_name>cytarabine</intervention_name>
    <arm_group_label>Chemotherapy Treatment</arm_group_label>
    <other_name>cytosine arabinoside</other_name>
    <other_name>Ara-C</other_name>
    <other_name>Cytosar</other_name>
    <other_name>NSC #063878</other_name>
  </intervention>
  <intervention>
    <intervention_type>Drug</intervention_type>
    <intervention_name>daunorubicin hydrochloride</intervention_name>
    <arm_group_label>Chemotherapy Treatment</arm_group_label>
    <other_name>daunomycin</other_name>
    <other_name>DNR</other_name>
    <other_name>Cerubidine</other_name>
    <other_name>NSC #82151</other_name>
  </intervention>
  <intervention>
    <intervention_type>Drug</intervention_type>
    <intervention_name>dexamethasone</intervention_name>
    <arm_group_label>Chemotherapy Treatment</arm_group_label>
    <other_name>Decadron</other_name>
    <other_name>NSC #034521</other_name>
  </intervention>
  <intervention>
    <intervention_type>Drug</intervention_type>
    <intervention_name>leucovorin calcium</intervention_name>
    <arm_group_label>Chemotherapy Treatment</arm_group_label>
    <other_name>LCV</other_name>
    <other_name>Wellcovorin</other_name>
    <other_name>citrovorum factor</other_name>
    <other_name>folinic acid</other_name>
    <other_name>NSC #003590</other_name>
  </intervention>
  <intervention>
    <intervention_type>Drug</intervention_type>
    <intervention_name>mercaptopurine</intervention_name>
    <arm_group_label>Chemotherapy Treatment</arm_group_label>
    <other_name>6-MP</other_name>
    <other_name>Purinethol</other_name>
    <other_name>NSC #000755</other_name>
  </intervention>
  <intervention>
    <intervention_type>Drug</intervention_type>
    <intervention_name>methotrexate</intervention_name>
    <arm_group_label>Chemotherapy Treatment</arm_group_label>
    <other_name>MTX</other_name>
    <other_name>amethopterin</other_name>
    <other_name>NSC #000740</other_name>
    <other_name>IND #4291</other_name>
  </intervention>
  <intervention>
    <intervention_type>Drug</intervention_type>
    <intervention_name>thioguanine</intervention_name>
    <arm_group_label>Chemotherapy Treatment</arm_group_label>
    <other_name>6-thioguanine</other_name>
    <other_name>6-TG</other_name>
    <other_name>NSC #752</other_name>
  </intervention>
  <intervention>
    <intervention_type>Drug</intervention_type>
    <intervention_name>vincristine sulfate</intervention_name>
    <arm_group_label>Chemotherapy Treatment</arm_group_label>
    <other_name>VCR</other_name>
    <other_name>Oncovin</other_name>
    <other_name>NSC #067574</other_name>
    <other_name>IND #7161</other_name>
  </intervention>
  <eligibility>
    <criteria>
      <textblock>
        DISEASE CHARACTERISTICS: Histologically newly diagnosed early B-cell or B-precursor or&#xD;
        B-progenitor acute lymphocytic leukemia Prior registration on POG-9400, stratum 6 for&#xD;
        induction therapy Average prognosis (neither very good nor very poor)&#xD;
&#xD;
        PATIENT CHARACTERISTICS: Age: Children Performance status: Not specified Life expectancy:&#xD;
        Not specified Hematopoietic: Not specified Hepatic: Not specified Renal: Not specified&#xD;
        Other: Not pregnant Fertile patients must use effective contraception&#xD;
&#xD;
        PRIOR CONCURRENT THERAPY: No prior therapy other than on POG-9400&#xD;
      </textblock>
    </criteria>
    <gender>All</gender>
    <minimum_age>N/A</minimum_age>
    <maximum_age>18 Years</maximum_age>
    <healthy_volunteers>No</healthy_volunteers>
  </eligibility>
  <overall_official>
    <last_name>Naomi J. Winick, MD</last_name>
    <role>Study Chair</role>
    <affiliation>Simmons Cancer Center</affiliation>
  </overall_official>
  <location>
    <facility>
      <name>Arizona Cancer Center</name>
      <address>
        <city>Tucson</city>
        <state>Arizona</state>
        <zip>85724</zip>
        <country>United States</country>
      </address>
    </facility>
  </location>
  <location>
    <facility>
      <name>Lucile Packard Children's Hospital at Stanford</name>
      <address>
        <city>Palo Alto</city>
        <state>California</state>
        <zip>94304</zip>
        <country>United States</country>
      </address>
    </facility>
  </location>
  <location>
    <facility>
      <name>Sutter Cancer Center</name>
      <address>
        <city>Sacramento</city>
        <state>California</state>
        <zip>95816</zip>
        <country>United States</country>
      </address>
    </facility>
  </location>
  <location>
    <facility>
      <name>Kaiser Permanente-Southern California Permanente Medical Group</name>
      <address>
        <city>San Diego</city>
        <state>California</state>
        <zip>92120</zip>
        <country>United States</country>
      </address>
    </facility>
  </location>
  <location>
    <facility>
      <name>Naval Medical Center - San Diego</name>
      <address>
        <city>San Diego</city>
        <state>California</state>
        <zip>92134-3202</zip>
        <country>United States</country>
      </address>
    </facility>
  </location>
  <location>
    <facility>
      <name>Kaiser Permanente Medical Center - Santa Clara</name>
      <address>
        <city>Santa Clara</city>
        <state>California</state>
        <zip>95051-5386</zip>
        <country>United States</country>
      </address>
    </facility>
  </location>
  <location>
    <facility>
      <name>Nemours Children's Clinic</name>
      <address>
        <city>Jacksonville</city>
        <state>Florida</state>
        <zip>32207</zip>
        <country>United States</country>
      </address>
    </facility>
  </location>
  <location>
    <facility>
      <name>Sylvester Cancer Center, University of Miami</name>
      <address>
        <city>Miami</city>
        <state>Florida</state>
        <zip>33136</zip>
        <country>United States</country>
      </address>
    </facility>
  </location>
  <location>
    <facility>
      <name>Baptist Hospital of Miami</name>
      <address>
        <city>Miami</city>
        <state>Florida</state>
        <zip>33176-2197</zip>
        <country>United States</country>
      </address>
    </facility>
  </location>
  <location>
    <facility>
      <name>Walt Disney Memorial Cancer Institute</name>
      <address>
        <city>Orlando</city>
        <state>Florida</state>
        <zip>32803</zip>
        <country>United States</country>
      </address>
    </facility>
  </location>
  <location>
    <facility>
      <name>St. Mary's Hospital</name>
      <address>
        <city>West Palm Beach</city>
        <state>Florida</state>
        <zip>33407</zip>
        <country>United States</country>
      </address>
    </facility>
  </location>
  <location>
    <facility>
      <name>Emory University Hospital - Atlanta</name>
      <address>
        <city>Atlanta</city>
        <state>Georgia</state>
        <zip>30322</zip>
        <country>United States</country>
      </address>
    </facility>
  </location>
  <location>
    <facility>
      <name>Tripler Army Medical Center</name>
      <address>
        <city>Honolulu</city>
        <state>Hawaii</state>
        <zip>96859-5000</zip>
        <country>United States</country>
      </address>
    </facility>
  </location>
  <location>
    <facility>
      <name>Rush-Presbyterian-St. Luke's Medical Center</name>
      <address>
        <city>Chicago</city>
        <state>Illinois</state>
        <zip>60612</zip>
        <country>United States</country>
      </address>
    </facility>
  </location>
  <location>
    <facility>
      <name>Children's Memorial Hospital, Chicago</name>
      <address>
        <city>Chicago</city>
        <state>Illinois</state>
        <zip>60614</zip>
        <country>United States</country>
      </address>
    </facility>
  </location>
  <location>
    <facility>
      <name>Christ Hospital</name>
      <address>
        <city>Oak Lawn</city>
        <state>Illinois</state>
        <zip>60453</zip>
        <country>United States</country>
      </address>
    </facility>
  </location>
  <location>
    <facility>
      <name>Saint Jude Midwest Affiliate</name>
      <address>
        <city>Peoria</city>
        <state>Illinois</state>
        <zip>61602</zip>
        <country>United States</country>
      </address>
    </facility>
  </location>
  <location>
    <facility>
      <name>Via Christi Regional Medical Center-Saint Francis Campus</name>
      <address>
        <city>Wichita</city>
        <state>Kansas</state>
        <zip>67214</zip>
        <country>United States</country>
      </address>
    </facility>
  </location>
  <location>
    <facility>
      <name>Tulane University School of Medicine</name>
      <address>
        <city>New Orleans</city>
        <state>Louisiana</state>
        <zip>70112</zip>
        <country>United States</country>
      </address>
    </facility>
  </location>
  <location>
    <facility>
      <name>Eastern Maine Medical Center</name>
      <address>
        <city>Bangor</city>
        <state>Maine</state>
        <zip>04401</zip>
        <country>United States</country>
      </address>
    </facility>
  </location>
  <location>
    <facility>
      <name>Maine Children's Cancer Program</name>
      <address>
        <city>Portland</city>
        <state>Maine</state>
        <zip>04101</zip>
        <country>United States</country>
      </address>
    </facility>
  </location>
  <location>
    <facility>
      <name>Massachusetts General Hospital Cancer Center</name>
      <address>
        <city>Boston</city>
        <state>Massachusetts</state>
        <zip>02114</zip>
        <country>United States</country>
      </address>
    </facility>
  </location>
  <location>
    <facility>
      <name>St. John's Hospital and Medical Center</name>
      <address>
        <city>Detroit</city>
        <state>Michigan</state>
        <zip>48236</zip>
        <country>United States</country>
      </address>
    </facility>
  </location>
  <location>
    <facility>
      <name>Hurley Medical Center</name>
      <address>
        <city>Flint</city>
        <state>Michigan</state>
        <zip>48503</zip>
        <country>United States</country>
      </address>
    </facility>
  </location>
  <location>
    <facility>
      <name>University of Mississippi Medical Center</name>
      <address>
        <city>Jackson</city>
        <state>Mississippi</state>
        <zip>39216-4505</zip>
        <country>United States</country>
      </address>
    </facility>
  </location>
  <location>
    <facility>
      <name>Keesler Medical Center - Keesler AFB</name>
      <address>
        <city>Keesler AFB</city>
        <state>Mississippi</state>
        <zip>39534-2576</zip>
        <country>United States</country>
      </address>
    </facility>
  </location>
  <location>
    <facility>
      <name>University of Missouri-Columbia Hospital and Clinics</name>
      <address>
        <city>Columbia</city>
        <state>Missouri</state>
        <zip>65212</zip>
        <country>United States</country>
      </address>
    </facility>
  </location>
  <location>
    <facility>
      <name>Washington University School of Medicine</name>
      <address>
        <city>Saint Louis</city>
        <state>Missouri</state>
        <zip>63110</zip>
        <country>United States</country>
      </address>
    </facility>
  </location>
  <location>
    <facility>
      <name>Norris Cotton Cancer Center</name>
      <address>
        <city>Lebanon</city>
        <state>New Hampshire</state>
        <zip>03756</zip>
        <country>United States</country>
      </address>
    </facility>
  </location>
  <location>
    <facility>
      <name>University of New Mexico School of Medicine</name>
      <address>
        <city>Albuquerque</city>
        <state>New Mexico</state>
        <zip>87131</zip>
        <country>United States</country>
      </address>
    </facility>
  </location>
  <location>
    <facility>
      <name>State University of New York Health Sciences Center - Stony Brook</name>
      <address>
        <city>Stony Brook</city>
        <state>New York</state>
        <zip>11790-9832</zip>
        <country>United States</country>
      </address>
    </facility>
  </location>
  <location>
    <facility>
      <name>Duke Comprehensive Cancer Center</name>
      <address>
        <city>Durham</city>
        <state>North Carolina</state>
        <zip>27710</zip>
        <country>United States</country>
      </address>
    </facility>
  </location>
  <location>
    <facility>
      <name>Oklahoma Memorial Hospital</name>
      <address>
        <city>Oklahoma City</city>
        <state>Oklahoma</state>
        <zip>73126-0307</zip>
        <country>United States</country>
      </address>
    </facility>
  </location>
  <location>
    <facility>
      <name>Natalie Warren Bryant Cancer Center</name>
      <address>
        <city>Tulsa</city>
        <state>Oklahoma</state>
        <zip>74136</zip>
        <country>United States</country>
      </address>
    </facility>
  </location>
  <location>
    <facility>
      <name>James H. Quillen College of Medicine</name>
      <address>
        <city>Johnson City</city>
        <state>Tennessee</state>
        <zip>37614-0622</zip>
        <country>United States</country>
      </address>
    </facility>
  </location>
  <location>
    <facility>
      <name>Medical City Dallas Hospital</name>
      <address>
        <city>Dallas</city>
        <state>Texas</state>
        <zip>75230</zip>
        <country>United States</country>
      </address>
    </facility>
  </location>
  <location>
    <facility>
      <name>Simmons Cancer Center - Dallas</name>
      <address>
        <city>Dallas</city>
        <state>Texas</state>
        <zip>75235-9154</zip>
        <country>United States</country>
      </address>
    </facility>
  </location>
  <location>
    <facility>
      <name>Cook Children's Medical Center - Fort Worth</name>
      <address>
        <city>Fort Worth</city>
        <state>Texas</state>
        <zip>76104</zip>
        <country>United States</country>
      </address>
    </facility>
  </location>
  <location>
    <facility>
      <name>University of Texas Medical Branch</name>
      <address>
        <city>Galveston</city>
        <state>Texas</state>
        <zip>77555-1329</zip>
        <country>United States</country>
      </address>
    </facility>
  </location>
  <location>
    <facility>
      <name>Baylor College of Medicine</name>
      <address>
        <city>Houston</city>
        <state>Texas</state>
        <zip>77030</zip>
        <country>United States</country>
      </address>
    </facility>
  </location>
  <location>
    <facility>
      <name>San Antonio Military Pediatric Cancer and Blood Disorders Center</name>
      <address>
        <city>Lackland Air Force Base</city>
        <state>Texas</state>
        <zip>78236-5300</zip>
        <country>United States</country>
      </address>
    </facility>
  </location>
  <location>
    <facility>
      <name>Scott and White Clinic</name>
      <address>
        <city>Temple</city>
        <state>Texas</state>
        <zip>76508</zip>
        <country>United States</country>
      </address>
    </facility>
  </location>
  <location>
    <facility>
      <name>Vermont Cancer Center</name>
      <address>
        <city>Burlington</city>
        <state>Vermont</state>
        <zip>05401-3498</zip>
        <country>United States</country>
      </address>
    </facility>
  </location>
  <location>
    <facility>
      <name>Inova Fairfax Hospital</name>
      <address>
        <city>Falls Church</city>
        <state>Virginia</state>
        <zip>22046</zip>
        <country>United States</country>
      </address>
    </facility>
  </location>
  <location>
    <facility>
      <name>Carilion Roanoke Memorial Hospital</name>
      <address>
        <city>Roanoke</city>
        <state>Virginia</state>
        <zip>24029</zip>
        <country>United States</country>
      </address>
    </facility>
  </location>
  <location>
    <facility>
      <name>Madigan Army Medical Center</name>
      <address>
        <city>Tacoma</city>
        <state>Washington</state>
        <zip>98431-5000</zip>
        <country>United States</country>
      </address>
    </facility>
  </location>
  <location>
    <facility>
      <name>West Virginia University Medical School, Charleston Division</name>
      <address>
        <city>Charleston</city>
        <state>West Virginia</state>
        <zip>25304</zip>
        <country>United States</country>
      </address>
    </facility>
  </location>
  <location>
    <facility>
      <name>West Virginia University Hospitals</name>
      <address>
        <city>Morgantown</city>
        <state>West Virginia</state>
        <zip>26506-9162</zip>
        <country>United States</country>
      </address>
    </facility>
  </location>
  <location>
    <facility>
      <name>St. Vincent Hospital</name>
      <address>
        <city>Green Bay</city>
        <state>Wisconsin</state>
        <zip>54307-3508</zip>
        <country>United States</country>
      </address>
    </facility>
  </location>
  <location>
    <facility>
      <name>Midwest Children's Cancer Center</name>
      <address>
        <city>Milwaukee</city>
        <state>Wisconsin</state>
        <zip>53226</zip>
        <country>United States</country>
      </address>
    </facility>
  </location>
  <location>
    <facility>
      <name>Alberta Children's Hospital</name>
      <address>
        <city>Calgary</city>
        <state>Alberta</state>
        <zip>T2T 5C7</zip>
        <country>Canada</country>
      </address>
    </facility>
  </location>
  <location>
    <facility>
      <name>Children's Hospital of Eastern Ontario</name>
      <address>
        <city>Ottawa</city>
        <state>Ontario</state>
        <zip>K1H 8L1</zip>
        <country>Canada</country>
      </address>
    </facility>
  </location>
  <location>
    <facility>
      <name>Montreal Children's Hospital</name>
      <address>
        <city>Montreal</city>
        <state>Quebec</state>
        <zip>H3H 1P3</zip>
        <country>Canada</country>
      </address>
    </facility>
  </location>
  <location>
    <facility>
      <name>Centre Hospitalier de L'Universite Laval</name>
      <address>
        <city>Sainte Foy</city>
        <state>Quebec</state>
        <zip>GIV 4G2</zip>
        <country>Canada</country>
      </address>
    </facility>
  </location>
  <location>
    <facility>
      <name>Academisch Ziekenhuis Groningen</name>
      <address>
        <city>Groningen</city>
        <zip>9713 EZ</zip>
        <country>Netherlands</country>
      </address>
    </facility>
  </location>
  <location>
    <facility>
      <name>San Jorge Childrens Hospital</name>
      <address>
        <city>Santurce</city>
        <zip>00912</zip>
        <country>Puerto Rico</country>
      </address>
    </facility>
  </location>
  <location>
    <facility>
      <name>Clinique de Pediatrie</name>
      <address>
        <city>Geneva</city>
        <zip>1211</zip>
        <country>Switzerland</country>
      </address>
    </facility>
  </location>
  <location_countries>
    <country>Canada</country>
    <country>Netherlands</country>
    <country>Puerto Rico</country>
    <country>Switzerland</country>
    <country>United States</country>
  </location_countries>
  <verification_date>July 2014</verification_date>
  <study_first_submitted>November 1, 1999</study_first_submitted>
  <study_first_submitted_qc>September 10, 2004</study_first_submitted_qc>
  <study_first_posted type="Estimate">September 13, 2004</study_first_posted>
  <last_update_submitted>July 24, 2014</last_update_submitted>
  <last_update_submitted_qc>July 24, 2014</last_update_submitted_qc>
  <last_update_posted type="Estimate">July 25, 2014</last_update_posted>
  <responsible_party>
    <responsible_party_type>Sponsor</responsible_party_type>
  </responsible_party>
  <keyword>untreated childhood acute lymphoblastic leukemia</keyword>
  <keyword>B-cell childhood acute lymphoblastic leukemia</keyword>
  <condition_browse>
    <!-- CAUTION:  The following MeSH terms are assigned with an imperfect algorithm            -->
    <mesh_term>Leukemia</mesh_term>
  </condition_browse>
  <intervention_browse>
    <!-- CAUTION:  The following MeSH terms are assigned with an imperfect algorithm            -->
    <mesh_term>Leucovorin</mesh_term>
    <mesh_term>Cytarabine</mesh_term>
    <mesh_term>Dexamethasone</mesh_term>
    <mesh_term>Cyclophosphamide</mesh_term>
    <mesh_term>Methotrexate</mesh_term>
    <mesh_term>Vincristine</mesh_term>
    <mesh_term>Daunorubicin</mesh_term>
    <mesh_term>Asparaginase</mesh_term>
    <mesh_term>Mercaptopurine</mesh_term>
    <mesh_term>Thioguanine</mesh_term>
    <mesh_term>Levoleucovorin</mesh_term>
  </intervention_browse>
  <!-- Results have not yet been posted for this study                                          -->
</clinical_study>

