<?xml version="1.0" encoding="UTF-8"?>
<clinical_study rank="170">
  <!-- This xml conforms to an XML Schema at:
    https://clinicaltrials.gov/ct2/html/images/info/public.xsd -->
  <required_header>
    <download_date>ClinicalTrials.gov processed this data on May 11, 2021</download_date>
    <link_text>Link to the current ClinicalTrials.gov record.</link_text>
    <url>https://clinicaltrials.gov/show/NCT00002704</url>
  </required_header>
  <id_info>
    <org_study_id>NCI-2012-01528</org_study_id>
    <secondary_id>POG-9412</secondary_id>
    <secondary_id>CDR0000064509</secondary_id>
    <nct_id>NCT00002704</nct_id>
  </id_info>
  <brief_title>Radiation Therapy and Chemotherapy in Treating Children With CNS Relapse From Acute Lymphoblastic Leukemia</brief_title>
  <official_title>TREATMENT OF ISOLATED CNS RELAPSE OF ACUTE LYMPHOBLASTIC LEUKEMIA -- A PEDIATRIC ONCOLOGY GROUP-WIDE PHASE II STUDY</official_title>
  <sponsors>
    <lead_sponsor>
      <agency>National Cancer Institute (NCI)</agency>
      <agency_class>NIH</agency_class>
    </lead_sponsor>
  </sponsors>
  <source>National Cancer Institute (NCI)</source>
  <brief_summary>
    <textblock>
      Phase II trial to study the effectiveness of radiation therapy following chemotherapy in&#xD;
      treating children with CNS relapse from acute lymphoblastic leukemia. Drugs used in&#xD;
      chemotherapy use different ways to stop cancer cells from dividing so they stop growing or&#xD;
      die. Combining chemotherapy with radiation therapy may kill more cancer cells.&#xD;
    </textblock>
  </brief_summary>
  <detailed_description>
    <textblock>
      OBJECTIVES:&#xD;
&#xD;
      I. Determine the efficacy and toxicity of intensified systemic treatment with delayed central&#xD;
      nervous system (CNS) irradiation in children with acute lymphoblastic leukemia and isolated&#xD;
      CNS disease.&#xD;
&#xD;
      II. Determine the efficacy of systemic thiotepa in reducing or clearing blasts in the&#xD;
      cerebrospinal fluid of these patients.&#xD;
&#xD;
      III. Evaluate the toxicity of single dose thiotepa followed by dexamethasone, vincristine,&#xD;
      daunorubicin, and triple intrathecal therapy in these patients.&#xD;
&#xD;
      IV. Determine the response rate of intrathecal sustained release cytarabine (DTC101) in&#xD;
      patients with first bone marrow remission with first isolated CNS relapse.&#xD;
&#xD;
      V. Assess the safety and toxicity of DTC101 in these patients.&#xD;
&#xD;
      OUTLINE:&#xD;
&#xD;
      Patients with significant neurologic symptoms (e.g., seizures, cranial nerve palsy, paresis,&#xD;
      mental status changes) are entered directly on the Induction regimen and do not receive the&#xD;
      Therapeutic Window. The following acronyms are used: ARA-C Cytarabine, NSC-63878 ASP&#xD;
      Asparaginase, NSC-109229 (E. coli) or 106977 (Erwinia) CF Leucovorin calcium, NSC-3590 CTX&#xD;
      Cyclophosphamide, NSC-26271 DM Dexamethasone, NSC-34521 DNR Daunorubicin, NSC-82151 DTC101&#xD;
      Sustained release cytarabine G-CSF Granulocyte Colony-Stimulating Factor (Amgen), NSC-614629&#xD;
      HC Hydrocortisone, NSC-10483 Mesna Mercaptoethane sulfonate, NSC-113891 MP Mercaptopurine,&#xD;
      NSC-755 MTX Methotrexate, NSC-740 TIT Triple Intrathecal Therapy, IT MTX/IT HC/IT ARA-C&#xD;
      TMP-SMX Trimethoprim-sulfamethoxazole TSPA Thiotepa, NSC-6396 VCR Vincristine, NSC-67574&#xD;
      VP-16 Etoposide, NSC-141540&#xD;
&#xD;
      THERAPEUTIC WINDOW: Single Agent Chemotherapy. TSPA or DTC101. ** Thiotepa window closed as&#xD;
      of 7/6/98 ** ** DTC101 window opened 11/15/99 **&#xD;
&#xD;
      INDUCTION: 3-Drug Combination Chemotherapy plus Triple Intrathecal Therapy. DM/DNR/VCR; plus&#xD;
      TIT.&#xD;
&#xD;
      CONSOLIDATION: 2-Drug Combination Chemotherapy plus Triple Intrathecal Therapy. ARA-C/ASP;&#xD;
      plus TIT.&#xD;
&#xD;
      INTENSIFICATION I: 4-Drug Combination Chemotherapy with Leucovorin Rescue plus Triple&#xD;
      Intrathecal Therapy. CTX/MP/MTX/VP-16; with CF; plus TIT.&#xD;
&#xD;
      RE-INDUCTION: 3-Drug Combination Chemotherapy plus Triple Intrathecal Therapy. DM/DNR/VCR;&#xD;
      plus TIT.&#xD;
&#xD;
      INTENSIFICATION II: 6-Drug Combination Chemotherapy with Leucovorin Rescue plus Triple&#xD;
      Intrathecal Therapy. ARA-C/ASP/CTX/MP/MTX/VP-16; with CF; plus TIT.&#xD;
&#xD;
      CHEMORADIOTHERAPY: Radiotherapy plus 3-Drug Combination Chemotherapy. Craniospinal&#xD;
      irradiation using x-rays with energies of 4-6 MV (electrons acceptable for spinal cord&#xD;
      irradiation); plus ASP/DM/VCR.&#xD;
&#xD;
      MAINTENANCE: 2-Drug Combination Chemotherapy Alternating with 2-Drug Combination&#xD;
      Chemotherapy. MP/MTX; alternating with CTX/VCR.&#xD;
    </textblock>
  </detailed_description>
  <overall_status>Completed</overall_status>
  <start_date>January 1996</start_date>
  <primary_completion_date type="Actual">June 2004</primary_completion_date>
  <phase>Phase 2</phase>
  <study_type>Interventional</study_type>
  <has_expanded_access>No</has_expanded_access>
  <study_design_info>
    <allocation>N/A</allocation>
    <intervention_model>Single Group Assignment</intervention_model>
    <primary_purpose>Treatment</primary_purpose>
    <masking>None (Open Label)</masking>
  </study_design_info>
  <number_of_arms>1</number_of_arms>
  <enrollment type="Actual">156</enrollment>
  <condition>Leukemia</condition>
  <arm_group>
    <arm_group_label>Arm I</arm_group_label>
    <arm_group_type>Experimental</arm_group_type>
    <description>Single Agent Chemotherapy. TSPA or DTC101. 3-Drug Combination Chemotherapy plus Triple Intrathecal Therapy. DM/DNR/VCR; plus TIT. 2-Drug Combination Chemotherapy plus Triple Intrathecal Therapy. ARA-C/ASP; plus TIT. 4-Drug Combination Chemotherapy with Leucovorin Rescue plus Triple Intrathecal Therapy. CTX/MP/MTX/VP-16; with CF; plus TIT. 3-Drug Combination Chemotherapy plus Triple Intrathecal Therapy. DM/DNR/VCR; plus TIT. 6-Drug Combination Chemotherapy with Leucovorin Rescue plus Triple Intrathecal Therapy. ARA-C/ASP/CTX/MP/MTX/VP-16; with CF; plus TIT. Radiotherapy plus 3-Drug Combination Chemotherapy. Craniospinal irradiation using x-rays with energies of 4-6 MV (electrons acceptable for spinal cord irradiation); plus ASP/DM/VCR. 2-Drug Combination Chemotherapy Alternating with 2-Drug Combination Chemotherapy. MP/MTX; alternating with CTX/VCR.</description>
  </arm_group>
  <intervention>
    <intervention_type>Biological</intervention_type>
    <intervention_name>filgrastim</intervention_name>
    <arm_group_label>Arm I</arm_group_label>
  </intervention>
  <intervention>
    <intervention_type>Drug</intervention_type>
    <intervention_name>asparaginase</intervention_name>
    <arm_group_label>Arm I</arm_group_label>
  </intervention>
  <intervention>
    <intervention_type>Drug</intervention_type>
    <intervention_name>cyclophosphamide</intervention_name>
    <arm_group_label>Arm I</arm_group_label>
  </intervention>
  <intervention>
    <intervention_type>Drug</intervention_type>
    <intervention_name>daunorubicin hydrochloride</intervention_name>
    <arm_group_label>Arm I</arm_group_label>
  </intervention>
  <intervention>
    <intervention_type>Drug</intervention_type>
    <intervention_name>dexamethasone</intervention_name>
    <arm_group_label>Arm I</arm_group_label>
  </intervention>
  <intervention>
    <intervention_type>Drug</intervention_type>
    <intervention_name>etoposide</intervention_name>
    <arm_group_label>Arm I</arm_group_label>
  </intervention>
  <intervention>
    <intervention_type>Drug</intervention_type>
    <intervention_name>leucovorin calcium</intervention_name>
    <arm_group_label>Arm I</arm_group_label>
  </intervention>
  <intervention>
    <intervention_type>Drug</intervention_type>
    <intervention_name>liposomal cytarabine</intervention_name>
    <arm_group_label>Arm I</arm_group_label>
  </intervention>
  <intervention>
    <intervention_type>Drug</intervention_type>
    <intervention_name>mercaptopurine</intervention_name>
    <arm_group_label>Arm I</arm_group_label>
  </intervention>
  <intervention>
    <intervention_type>Drug</intervention_type>
    <intervention_name>mesna</intervention_name>
    <arm_group_label>Arm I</arm_group_label>
  </intervention>
  <intervention>
    <intervention_type>Drug</intervention_type>
    <intervention_name>methotrexate</intervention_name>
    <arm_group_label>Arm I</arm_group_label>
  </intervention>
  <intervention>
    <intervention_type>Drug</intervention_type>
    <intervention_name>therapeutic hydrocortisone</intervention_name>
    <arm_group_label>Arm I</arm_group_label>
  </intervention>
  <intervention>
    <intervention_type>Drug</intervention_type>
    <intervention_name>thiotepa</intervention_name>
    <arm_group_label>Arm I</arm_group_label>
  </intervention>
  <intervention>
    <intervention_type>Drug</intervention_type>
    <intervention_name>vincristine sulfate</intervention_name>
    <arm_group_label>Arm I</arm_group_label>
  </intervention>
  <intervention>
    <intervention_type>Radiation</intervention_type>
    <intervention_name>low-LET electron therapy</intervention_name>
    <arm_group_label>Arm I</arm_group_label>
  </intervention>
  <intervention>
    <intervention_type>Radiation</intervention_type>
    <intervention_name>low-LET photon therapy</intervention_name>
    <arm_group_label>Arm I</arm_group_label>
  </intervention>
  <eligibility>
    <criteria>
      <textblock>
        DISEASE CHARACTERISTICS:&#xD;
&#xD;
          -  Acute lymphoblastic leukemia in first bone marrow remission (M1) with first isolated&#xD;
             initial CNS relapse&#xD;
&#xD;
          -  More than 5 WBC/microliter in cerebrospinal fluid (CSF) with blasts on cytospin OR&#xD;
             immunophenotypic proof (encouraged) of relapse in CSF&#xD;
&#xD;
          -  Identifiable blasts and presence on 2 CSF samples 3 weeks apart&#xD;
&#xD;
          -  If B-cell terminal deoxynucleotidyl transferase (TdT) OR CD-10&#xD;
&#xD;
          -  If T-cell TdT alone OR with CD-7&#xD;
&#xD;
        PATIENT CHARACTERISTICS:&#xD;
&#xD;
          -  Age: Over 6 months and under 21 years at relapse&#xD;
&#xD;
          -  Patients receiving sustained release cytarabine&#xD;
&#xD;
          -  Performance status: Older than 10 years&#xD;
&#xD;
          -  Karnofsky greater than 50% Less than 10 years&#xD;
&#xD;
          -  Lansky greater than 50%&#xD;
&#xD;
          -  Platelet count greater than 40,000/mm3&#xD;
&#xD;
          -  Bilirubin less than 2.0 mg/dL&#xD;
&#xD;
          -  SGPT less than 5 times normal&#xD;
&#xD;
          -  Creatinine less than 1.5 times normal for age&#xD;
&#xD;
          -  Normal metabolic parameters (serum electrolytes, calcium, and phosphorus)&#xD;
&#xD;
          -  No clinical evidence of obstructive hydrocephalus, compartmentalization of the CSF&#xD;
             flow, ventriculoperitoneal or ventriculoatrial shunt&#xD;
&#xD;
        PRIOR CONCURRENT THERAPY:&#xD;
&#xD;
          -  Prior cumulative anthracycline dose less than 375 mg/sqm&#xD;
&#xD;
          -  Patients receiving sustained release cytarabine&#xD;
&#xD;
          -  At least 7 days since prior investigational drug&#xD;
&#xD;
          -  At least 3 weeks since prior CNS directed therapy (6 weeks is prior nitrosourea)&#xD;
&#xD;
          -  At least 1 week since intrathecal chemotherapy&#xD;
&#xD;
          -  At least 8 weeks since prior craniospinal radiotherapy&#xD;
      </textblock>
    </criteria>
    <gender>All</gender>
    <minimum_age>N/A</minimum_age>
    <maximum_age>20 Years</maximum_age>
    <healthy_volunteers>No</healthy_volunteers>
  </eligibility>
  <overall_official>
    <last_name>Julio C. Barredo, MD</last_name>
    <role>Study Chair</role>
    <affiliation>Medical University of South Carolina</affiliation>
  </overall_official>
  <location>
    <facility>
      <name>University of Alabama Comprehensive Cancer Center</name>
      <address>
        <city>Birmingham</city>
        <state>Alabama</state>
        <zip>35294</zip>
        <country>United States</country>
      </address>
    </facility>
  </location>
  <location>
    <facility>
      <name>MBCCOP - University of South Alabama</name>
      <address>
        <city>Mobile</city>
        <state>Alabama</state>
        <zip>36688</zip>
        <country>United States</country>
      </address>
    </facility>
  </location>
  <location>
    <facility>
      <name>University of Arkansas for Medical Sciences</name>
      <address>
        <city>Little Rock</city>
        <state>Arkansas</state>
        <zip>72205</zip>
        <country>United States</country>
      </address>
    </facility>
  </location>
  <location>
    <facility>
      <name>University of California San Diego Cancer Center</name>
      <address>
        <city>La Jolla</city>
        <state>California</state>
        <zip>92093-0658</zip>
        <country>United States</country>
      </address>
    </facility>
  </location>
  <location>
    <facility>
      <name>Lucile Packard Children's Hospital at Stanford</name>
      <address>
        <city>Palo Alto</city>
        <state>California</state>
        <zip>94304</zip>
        <country>United States</country>
      </address>
    </facility>
  </location>
  <location>
    <facility>
      <name>University of California Davis Medical Center</name>
      <address>
        <city>Sacramento</city>
        <state>California</state>
        <zip>95817</zip>
        <country>United States</country>
      </address>
    </facility>
  </location>
  <location>
    <facility>
      <name>Children's Hospital and Health Center</name>
      <address>
        <city>San Diego</city>
        <state>California</state>
        <zip>92123-4282</zip>
        <country>United States</country>
      </address>
    </facility>
  </location>
  <location>
    <facility>
      <name>Yale Comprehensive Cancer Center</name>
      <address>
        <city>New Haven</city>
        <state>Connecticut</state>
        <zip>06520-8028</zip>
        <country>United States</country>
      </address>
    </facility>
  </location>
  <location>
    <facility>
      <name>Walter Reed Army Medical Center</name>
      <address>
        <city>Washington</city>
        <state>District of Columbia</state>
        <zip>20307-5000</zip>
        <country>United States</country>
      </address>
    </facility>
  </location>
  <location>
    <facility>
      <name>Shands Hospital and Clinics, University of Florida</name>
      <address>
        <city>Gainesville</city>
        <state>Florida</state>
        <zip>32610-100277</zip>
        <country>United States</country>
      </address>
    </facility>
  </location>
  <location>
    <facility>
      <name>Sylvester Cancer Center, University of Miami</name>
      <address>
        <city>Miami</city>
        <state>Florida</state>
        <zip>33136</zip>
        <country>United States</country>
      </address>
    </facility>
  </location>
  <location>
    <facility>
      <name>Miami Children's Hospital</name>
      <address>
        <city>Miami</city>
        <state>Florida</state>
        <zip>33155</zip>
        <country>United States</country>
      </address>
    </facility>
  </location>
  <location>
    <facility>
      <name>CCOP - Florida Pediatric</name>
      <address>
        <city>Tampa</city>
        <state>Florida</state>
        <zip>33682-7757</zip>
        <country>United States</country>
      </address>
    </facility>
  </location>
  <location>
    <facility>
      <name>Emory University Hospital - Atlanta</name>
      <address>
        <city>Atlanta</city>
        <state>Georgia</state>
        <zip>30322</zip>
        <country>United States</country>
      </address>
    </facility>
  </location>
  <location>
    <facility>
      <name>Children's Memorial Hospital, Chicago</name>
      <address>
        <city>Chicago</city>
        <state>Illinois</state>
        <zip>60614</zip>
        <country>United States</country>
      </address>
    </facility>
  </location>
  <location>
    <facility>
      <name>University of Kansas Medical Center</name>
      <address>
        <city>Kansas City</city>
        <state>Kansas</state>
        <zip>66160-7357</zip>
        <country>United States</country>
      </address>
    </facility>
  </location>
  <location>
    <facility>
      <name>CCOP - Wichita</name>
      <address>
        <city>Wichita</city>
        <state>Kansas</state>
        <zip>67214-3882</zip>
        <country>United States</country>
      </address>
    </facility>
  </location>
  <location>
    <facility>
      <name>Via Christi Regional Medical Center</name>
      <address>
        <city>Wichita</city>
        <state>Kansas</state>
        <zip>67214</zip>
        <country>United States</country>
      </address>
    </facility>
  </location>
  <location>
    <facility>
      <name>MBCCOP - LSU Medical Center</name>
      <address>
        <city>New Orleans</city>
        <state>Louisiana</state>
        <zip>70112</zip>
        <country>United States</country>
      </address>
    </facility>
  </location>
  <location>
    <facility>
      <name>Tulane University School of Medicine</name>
      <address>
        <city>New Orleans</city>
        <state>Louisiana</state>
        <zip>70112</zip>
        <country>United States</country>
      </address>
    </facility>
  </location>
  <location>
    <facility>
      <name>CCOP - Ochsner</name>
      <address>
        <city>New Orleans</city>
        <state>Louisiana</state>
        <zip>70121</zip>
        <country>United States</country>
      </address>
    </facility>
  </location>
  <location>
    <facility>
      <name>Marlene &amp; Stewart Greenebaum Cancer Center, University of Maryland</name>
      <address>
        <city>Baltimore</city>
        <state>Maryland</state>
        <zip>21201</zip>
        <country>United States</country>
      </address>
    </facility>
  </location>
  <location>
    <facility>
      <name>Johns Hopkins Oncology Center</name>
      <address>
        <city>Baltimore</city>
        <state>Maryland</state>
        <zip>21287</zip>
        <country>United States</country>
      </address>
    </facility>
  </location>
  <location>
    <facility>
      <name>Boston Floating Hospital Infants and Children</name>
      <address>
        <city>Boston</city>
        <state>Massachusetts</state>
        <zip>02111</zip>
        <country>United States</country>
      </address>
    </facility>
  </location>
  <location>
    <facility>
      <name>Dana-Farber Cancer Institute</name>
      <address>
        <city>Boston</city>
        <state>Massachusetts</state>
        <zip>02115</zip>
        <country>United States</country>
      </address>
    </facility>
  </location>
  <location>
    <facility>
      <name>University of Massachusetts Memorial Medical Center</name>
      <address>
        <city>Worcester</city>
        <state>Massachusetts</state>
        <zip>01655</zip>
        <country>United States</country>
      </address>
    </facility>
  </location>
  <location>
    <facility>
      <name>Children's Hospital of Michigan</name>
      <address>
        <city>Detroit</city>
        <state>Michigan</state>
        <zip>48201</zip>
        <country>United States</country>
      </address>
    </facility>
  </location>
  <location>
    <facility>
      <name>University of Mississippi Medical Center</name>
      <address>
        <city>Jackson</city>
        <state>Mississippi</state>
        <zip>39216-4505</zip>
        <country>United States</country>
      </address>
    </facility>
  </location>
  <location>
    <facility>
      <name>Cardinal Glennon Children's Hospital</name>
      <address>
        <city>Saint Louis</city>
        <state>Missouri</state>
        <zip>63104</zip>
        <country>United States</country>
      </address>
    </facility>
  </location>
  <location>
    <facility>
      <name>Washington University School of Medicine</name>
      <address>
        <city>Saint Louis</city>
        <state>Missouri</state>
        <zip>63110</zip>
        <country>United States</country>
      </address>
    </facility>
  </location>
  <location>
    <facility>
      <name>CCOP - Northern New Jersey</name>
      <address>
        <city>Hackensack</city>
        <state>New Jersey</state>
        <zip>07601</zip>
        <country>United States</country>
      </address>
    </facility>
  </location>
  <location>
    <facility>
      <name>Hackensack University Medical Center</name>
      <address>
        <city>Hackensack</city>
        <state>New Jersey</state>
        <zip>07601</zip>
        <country>United States</country>
      </address>
    </facility>
  </location>
  <location>
    <facility>
      <name>Roswell Park Cancer Institute</name>
      <address>
        <city>Buffalo</city>
        <state>New York</state>
        <zip>14263-0001</zip>
        <country>United States</country>
      </address>
    </facility>
  </location>
  <location>
    <facility>
      <name>Schneider Children's Hospital</name>
      <address>
        <city>New Hyde Park</city>
        <state>New York</state>
        <zip>11042</zip>
        <country>United States</country>
      </address>
    </facility>
  </location>
  <location>
    <facility>
      <name>Mount Sinai School of Medicine</name>
      <address>
        <city>New York</city>
        <state>New York</state>
        <zip>10029</zip>
        <country>United States</country>
      </address>
    </facility>
  </location>
  <location>
    <facility>
      <name>University of Rochester Cancer Center</name>
      <address>
        <city>Rochester</city>
        <state>New York</state>
        <zip>14642</zip>
        <country>United States</country>
      </address>
    </facility>
  </location>
  <location>
    <facility>
      <name>State University of New York Health Sciences Center - Stony Brook</name>
      <address>
        <city>Stony Brook</city>
        <state>New York</state>
        <zip>11790-9832</zip>
        <country>United States</country>
      </address>
    </facility>
  </location>
  <location>
    <facility>
      <name>State University of New York - Upstate Medical University</name>
      <address>
        <city>Syracuse</city>
        <state>New York</state>
        <zip>13210</zip>
        <country>United States</country>
      </address>
    </facility>
  </location>
  <location>
    <facility>
      <name>Memorial Mission Hospital</name>
      <address>
        <city>Asheville</city>
        <state>North Carolina</state>
        <zip>28801</zip>
        <country>United States</country>
      </address>
    </facility>
  </location>
  <location>
    <facility>
      <name>Carolinas Medical Center</name>
      <address>
        <city>Charlotte</city>
        <state>North Carolina</state>
        <zip>28232-2861</zip>
        <country>United States</country>
      </address>
    </facility>
  </location>
  <location>
    <facility>
      <name>Presbyterian Healthcare</name>
      <address>
        <city>Charlotte</city>
        <state>North Carolina</state>
        <zip>28233-3549</zip>
        <country>United States</country>
      </address>
    </facility>
  </location>
  <location>
    <facility>
      <name>Duke Comprehensive Cancer Center</name>
      <address>
        <city>Durham</city>
        <state>North Carolina</state>
        <zip>27710</zip>
        <country>United States</country>
      </address>
    </facility>
  </location>
  <location>
    <facility>
      <name>East Carolina University School of Medicine</name>
      <address>
        <city>Greenville</city>
        <state>North Carolina</state>
        <zip>27858-4354</zip>
        <country>United States</country>
      </address>
    </facility>
  </location>
  <location>
    <facility>
      <name>Comprehensive Cancer Center of Wake Forest University Baptist Medical Center</name>
      <address>
        <city>Winston-Salem</city>
        <state>North Carolina</state>
        <zip>27157-1082</zip>
        <country>United States</country>
      </address>
    </facility>
  </location>
  <location>
    <facility>
      <name>Oklahoma Memorial Hospital</name>
      <address>
        <city>Oklahoma City</city>
        <state>Oklahoma</state>
        <zip>73126-0307</zip>
        <country>United States</country>
      </address>
    </facility>
  </location>
  <location>
    <facility>
      <name>CCOP - Columbia River Program</name>
      <address>
        <city>Portland</city>
        <state>Oregon</state>
        <zip>97213</zip>
        <country>United States</country>
      </address>
    </facility>
  </location>
  <location>
    <facility>
      <name>St. Christopher's Hospital for Children</name>
      <address>
        <city>Philadelphia</city>
        <state>Pennsylvania</state>
        <zip>19134-1095</zip>
        <country>United States</country>
      </address>
    </facility>
  </location>
  <location>
    <facility>
      <name>Rhode Island Hospital</name>
      <address>
        <city>Providence</city>
        <state>Rhode Island</state>
        <zip>02903</zip>
        <country>United States</country>
      </address>
    </facility>
  </location>
  <location>
    <facility>
      <name>Medical University of South Carolina</name>
      <address>
        <city>Charleston</city>
        <state>South Carolina</state>
        <zip>29425-0721</zip>
        <country>United States</country>
      </address>
    </facility>
  </location>
  <location>
    <facility>
      <name>Children's Hospital of Greenville Hospital System</name>
      <address>
        <city>Greenville</city>
        <state>South Carolina</state>
        <zip>29605</zip>
        <country>United States</country>
      </address>
    </facility>
  </location>
  <location>
    <facility>
      <name>Saint Jude Children's Research Hospital</name>
      <address>
        <city>Memphis</city>
        <state>Tennessee</state>
        <zip>38105-2794</zip>
        <country>United States</country>
      </address>
    </facility>
  </location>
  <location>
    <facility>
      <name>Medical City Dallas Hospital</name>
      <address>
        <city>Dallas</city>
        <state>Texas</state>
        <zip>75230</zip>
        <country>United States</country>
      </address>
    </facility>
  </location>
  <location>
    <facility>
      <name>Simmons Cancer Center - Dallas</name>
      <address>
        <city>Dallas</city>
        <state>Texas</state>
        <zip>75235-9154</zip>
        <country>United States</country>
      </address>
    </facility>
  </location>
  <location>
    <facility>
      <name>Baylor College of Medicine</name>
      <address>
        <city>Houston</city>
        <state>Texas</state>
        <zip>77030</zip>
        <country>United States</country>
      </address>
    </facility>
  </location>
  <location>
    <facility>
      <name>San Antonio Military Pediatric Cancer and Blood Disorders Center</name>
      <address>
        <city>Lackland Air Force Base</city>
        <state>Texas</state>
        <zip>78236-5300</zip>
        <country>United States</country>
      </address>
    </facility>
  </location>
  <location>
    <facility>
      <name>MBCCOP - South Texas Pediatric</name>
      <address>
        <city>San Antonio</city>
        <state>Texas</state>
        <zip>78284-7810</zip>
        <country>United States</country>
      </address>
    </facility>
  </location>
  <location>
    <facility>
      <name>University of Texas Health Science Center at San Antonio</name>
      <address>
        <city>San Antonio</city>
        <state>Texas</state>
        <zip>78284-7811</zip>
        <country>United States</country>
      </address>
    </facility>
  </location>
  <location>
    <facility>
      <name>Cancer Center, University of Virginia HSC</name>
      <address>
        <city>Charlottesville</city>
        <state>Virginia</state>
        <zip>22908</zip>
        <country>United States</country>
      </address>
    </facility>
  </location>
  <location>
    <facility>
      <name>Naval Medical Center, Portsmouth</name>
      <address>
        <city>Portsmouth</city>
        <state>Virginia</state>
        <zip>23708-2197</zip>
        <country>United States</country>
      </address>
    </facility>
  </location>
  <location>
    <facility>
      <name>Massey Cancer Center</name>
      <address>
        <city>Richmond</city>
        <state>Virginia</state>
        <zip>23298-0037</zip>
        <country>United States</country>
      </address>
    </facility>
  </location>
  <location>
    <facility>
      <name>West Virginia University Hospitals</name>
      <address>
        <city>Morgantown</city>
        <state>West Virginia</state>
        <zip>26506-9162</zip>
        <country>United States</country>
      </address>
    </facility>
  </location>
  <location>
    <facility>
      <name>Midwest Children's Cancer Center</name>
      <address>
        <city>Milwaukee</city>
        <state>Wisconsin</state>
        <zip>53226</zip>
        <country>United States</country>
      </address>
    </facility>
  </location>
  <location>
    <facility>
      <name>Cross Cancer Institute</name>
      <address>
        <city>Edmonton</city>
        <state>Alberta</state>
        <zip>T6G 1Z2</zip>
        <country>Canada</country>
      </address>
    </facility>
  </location>
  <location>
    <facility>
      <name>McMaster Division</name>
      <address>
        <city>Hamilton</city>
        <state>Ontario</state>
        <zip>L8N 3Z5</zip>
        <country>Canada</country>
      </address>
    </facility>
  </location>
  <location>
    <facility>
      <name>Hospital for Sick Children</name>
      <address>
        <city>Toronto</city>
        <state>Ontario</state>
        <zip>M5G 1X8</zip>
        <country>Canada</country>
      </address>
    </facility>
  </location>
  <location>
    <facility>
      <name>Montreal Children's Hospital</name>
      <address>
        <city>Montreal</city>
        <state>Quebec</state>
        <zip>H3H 1P3</zip>
        <country>Canada</country>
      </address>
    </facility>
  </location>
  <location>
    <facility>
      <name>Hopital Sainte Justine</name>
      <address>
        <city>Montreal</city>
        <state>Quebec</state>
        <zip>H3T 1C5</zip>
        <country>Canada</country>
      </address>
    </facility>
  </location>
  <location>
    <facility>
      <name>University of Puerto Rico School of Medicine Medical Sciences Campus</name>
      <address>
        <city>San Juan</city>
        <zip>00936-5067</zip>
        <country>Puerto Rico</country>
      </address>
    </facility>
  </location>
  <location>
    <facility>
      <name>Swiss Pediatric Oncology Group Bern</name>
      <address>
        <city>Bern</city>
        <zip>CH 3010</zip>
        <country>Switzerland</country>
      </address>
    </facility>
  </location>
  <location>
    <facility>
      <name>Clinique de Pediatrie</name>
      <address>
        <city>Geneva</city>
        <zip>1211</zip>
        <country>Switzerland</country>
      </address>
    </facility>
  </location>
  <location_countries>
    <country>Canada</country>
    <country>Puerto Rico</country>
    <country>Switzerland</country>
    <country>United States</country>
  </location_countries>
  <reference>
    <citation>Eapen M, Zhang MJ, Devidas M, Raetz E, Barredo JC, Ritchey AK, Godder K, Grupp S, Lewis VA, Malloy K, Carroll WL, Davies SM, Camitta BM; Children's Oncology Group; Center for International Blood and Marrow Transplant Research. Outcomes after HLA-matched sibling transplantation or chemotherapy in children with acute lymphoblastic leukemia in a second remission after an isolated central nervous system relapse: a collaborative study of the Children's Oncology Group and the Center for International Blood and Marrow Transplant Research. Leukemia. 2008 Feb;22(2):281-6. Epub 2007 Nov 22.</citation>
    <PMID>18033318</PMID>
  </reference>
  <results_reference>
    <citation>Barredo JC, Devidas M, Lauer SJ, Billett A, Marymont M, Pullen J, Camitta B, Winick N, Carroll W, Ritchey AK. Isolated CNS relapse of acute lymphoblastic leukemia treated with intensive systemic chemotherapy and delayed CNS radiation: a pediatric oncology group study. J Clin Oncol. 2006 Jul 1;24(19):3142-9.</citation>
    <PMID>16809737</PMID>
  </results_reference>
  <verification_date>November 2007</verification_date>
  <study_first_submitted>November 1, 1999</study_first_submitted>
  <study_first_submitted_qc>June 30, 2004</study_first_submitted_qc>
  <study_first_posted type="Estimate">July 1, 2004</study_first_posted>
  <last_update_submitted>January 31, 2013</last_update_submitted>
  <last_update_submitted_qc>January 31, 2013</last_update_submitted_qc>
  <last_update_posted type="Estimate">February 1, 2013</last_update_posted>
  <responsible_party>
    <responsible_party_type>Sponsor</responsible_party_type>
  </responsible_party>
  <keyword>recurrent childhood acute lymphoblastic leukemia</keyword>
  <keyword>T-cell childhood acute lymphoblastic leukemia</keyword>
  <keyword>B-cell childhood acute lymphoblastic leukemia</keyword>
  <keyword>TdT positive childhood acute lymphoblastic leukemia</keyword>
  <condition_browse>
    <!-- CAUTION:  The following MeSH terms are assigned with an imperfect algorithm            -->
    <mesh_term>Leukemia</mesh_term>
    <mesh_term>Precursor Cell Lymphoblastic Leukemia-Lymphoma</mesh_term>
    <mesh_term>Leukemia, Lymphoid</mesh_term>
  </condition_browse>
  <intervention_browse>
    <!-- CAUTION:  The following MeSH terms are assigned with an imperfect algorithm            -->
    <mesh_term>Leucovorin</mesh_term>
    <mesh_term>Cytarabine</mesh_term>
    <mesh_term>Dexamethasone</mesh_term>
    <mesh_term>Hydrocortisone</mesh_term>
    <mesh_term>Hydrocortisone 17-butyrate 21-propionate</mesh_term>
    <mesh_term>Hydrocortisone acetate</mesh_term>
    <mesh_term>Hydrocortisone hemisuccinate</mesh_term>
    <mesh_term>Cyclophosphamide</mesh_term>
    <mesh_term>Thiotepa</mesh_term>
    <mesh_term>Methotrexate</mesh_term>
    <mesh_term>Etoposide</mesh_term>
    <mesh_term>Vincristine</mesh_term>
    <mesh_term>Daunorubicin</mesh_term>
    <mesh_term>Asparaginase</mesh_term>
    <mesh_term>Mercaptopurine</mesh_term>
    <mesh_term>Levoleucovorin</mesh_term>
  </intervention_browse>
  <!-- Results have not yet been posted for this study                                          -->
</clinical_study>

