<?xml version="1.0" encoding="UTF-8"?>
<clinical_study rank="87">
  <!-- This xml conforms to an XML Schema at:
    https://clinicaltrials.gov/ct2/html/images/info/public.xsd -->
  <required_header>
    <download_date>ClinicalTrials.gov processed this data on May 11, 2021</download_date>
    <link_text>Link to the current ClinicalTrials.gov record.</link_text>
    <url>https://clinicaltrials.gov/show/NCT00002785</url>
  </required_header>
  <id_info>
    <org_study_id>1953</org_study_id>
    <secondary_id>CCG-1953</secondary_id>
    <secondary_id>CDR0000064841</secondary_id>
    <nct_id>NCT00002785</nct_id>
  </id_info>
  <brief_title>Combination Chemotherapy, Bone Marrow Transplantation, and Radiation Therapy in Treating Infants With Acute Lymphoblastic Leukemia</brief_title>
  <official_title>Treatment of Newly Diagnosed Acute Lymphoblastic Leukemia in Infants Less Than 1 Year of Age.</official_title>
  <sponsors>
    <lead_sponsor>
      <agency>Children's Oncology Group</agency>
      <agency_class>Other</agency_class>
    </lead_sponsor>
    <collaborator>
      <agency>National Cancer Institute (NCI)</agency>
      <agency_class>NIH</agency_class>
    </collaborator>
  </sponsors>
  <source>Children's Oncology Group</source>
  <oversight_info>
    <has_dmc>Yes</has_dmc>
  </oversight_info>
  <brief_summary>
    <textblock>
      RATIONALE: Drugs used in chemotherapy use different ways to stop cancer cells from dividing&#xD;
      so they stop growing or die. Combining more than one drug may kill more cancer cells. Bone&#xD;
      marrow transplantation may allow the doctor to give higher doses of chemotherapy and kill&#xD;
      more cancer cells. Radiation therapy uses high-energy x-rays to damage cancer cells.&#xD;
&#xD;
      PURPOSE: Phase II trial to study the effectiveness of combination chemotherapy, bone marrow&#xD;
      transplantation, and radiation therapy in treating infants with acute lymphoblastic leukemia.&#xD;
    </textblock>
  </brief_summary>
  <detailed_description>
    <textblock>
      OBJECTIVES: I. Assess the feasibility and outcome of intensified induction/consolidation&#xD;
      followed by intensified re-induction/re-intensification in infants less than 1 year of age&#xD;
      with newly diagnosed acute lymphocytic leukemia (ALL). II. Evaluate the feasibility and&#xD;
      outcome of bone marrow transplantation using family or unrelated donors in infants with the&#xD;
      11q23 abnormality. III. Evaluate neuropsychologic outcome upon completion of protocol therapy&#xD;
      in patients who have reached the ages of 3 and 7 years, with special attention to the outcome&#xD;
      in infants who received total-body irradiation. IV. Study the biology of infant ALL in&#xD;
      samples of leukemic blood and bone marrow. V. Study the possible associations among patient-&#xD;
      and disease-specific factors and family sociodemographic characteristics that mediate&#xD;
      treatment outcome.&#xD;
&#xD;
      OUTLINE: Upon completion of Induction/Intensification and Re-Induction therapy, patients with&#xD;
      the 11q23 abnormality and with a matched or one-antigen mismatched related or unrelated donor&#xD;
      proceed immediately to Transplantation; all others proceed to Re-Intensification,&#xD;
      Consolidation, Intensified Maintenance, and Routine Maintenance. The following acronyms are&#xD;
      used: AlBM Allogeneic Bone Marrow ARA-C Cytarabine, NSC-63878 ASP Asparaginase, NSC-109229 CF&#xD;
      Leucovorin calcium, NSC-3590 CTX Cyclophosphamide, NSC-26271 CYSP Cyclosporine, NSC-290193 DM&#xD;
      Dexamethasone, NSC-34521 DNR Daunorubicin, NSC-82151 G-CSF Granulocyte-Colony Stimulating&#xD;
      Factor (Amgen), NSC-614629 HC Hydrocortisone, NSC-10483 MePRDL Methylprednisolone, NSC-19987&#xD;
      Mesna Mercaptoethane sulfonate, NSC-113891 MP Mercaptopurine, NSC-755 MTX Methotrexate,&#xD;
      NSC-740 PEG-ASP Pegaspargase, NSC-644954 PRED Prednisone, NSC-10023 TBI Total-Body&#xD;
      Irradiation TIT Triple Intrathecal Therapy (IT ARA-C/IT HC/IT MTX) VCR Vincristine, NSC-67574&#xD;
      VH Very High Dose VP-16 Etoposide, NSC-141540 INDUCTION/INTENSIFICATION: 5-Drug Combination&#xD;
      Systemic Chemotherapy followed by 3-Drug Combination Systemic Chemotherapy plus 3-Drug&#xD;
      Combination Intrathecal Chemotherapy. DM/VCR/DNR/CTX/Mesna/ASP; followed by&#xD;
      MTX/CF/VP-16/CTX/Mesna; plus TIT. RE-INDUCTION: 5-Drug Combination Systemic Chemotherapy plus&#xD;
      3-Drug Combination Intrathecal Chemotherapy. DNR/VCR/CTX/Mesna/ASP/DM; plus TIT.&#xD;
      RE-INTENSIFICATION: 2-Drug Combination Systemic Chemotherapy plus Single-Agent Intrathecal&#xD;
      Chemotherapy followed by 2-Drug Combination Systemic Chemotherapy. VCR/VH MTX/CF; plus IT&#xD;
      ARA-C; followed by VP-16/CTX/Mesna. CONSOLIDATION: 2-Drug Combination Systemic Chemotherapy&#xD;
      followed by 2-Drug Combination Systemic Chemotherapy plus Single-Agent Intrathecal&#xD;
      Chemotherapy. ARA-C/ASP; followed by VH MTX/CF/VCR; plus IT ARA-C. INTENSIFIED MAINTENANCE:&#xD;
      4-Drug Combination Systemic Chemotherapy plus Single-Agent Intrathecal Chemotherapy followed&#xD;
      by 2-Drug Combination Systemic Chemotherapy. DM/VCR/MTX/MP; plus IT ARA-C followed by&#xD;
      VP-16/CTX/Mesna. ROUTINE MAINTENANCE: 4-Drug Combination Systemic Chemotherapy plus&#xD;
      Single-Agent Intrathecal Chemotherapy. VCR/MTX/MP/PRED; plus IT MTX. TRANSPLANTATION: 2-Drug&#xD;
      Combination Myeloablative Chemotherapy followed by Radiotherapy followed by Hematopoietic&#xD;
      Rescue plus GVHD Prophylaxis. ARA-C/CTX; followed by TBI using a linear accelerator or Co60&#xD;
      equipment; followed by AlBM; plus MePRDL; CYSP.&#xD;
&#xD;
      PROJECTED ACCRUAL: 100 patients per year will be entered over approximately 3 years.&#xD;
    </textblock>
  </detailed_description>
  <overall_status>Completed</overall_status>
  <start_date>July 1996</start_date>
  <completion_date type="Actual">March 2007</completion_date>
  <primary_completion_date type="Actual">August 2000</primary_completion_date>
  <phase>Phase 2</phase>
  <study_type>Interventional</study_type>
  <has_expanded_access>No</has_expanded_access>
  <study_design_info>
    <primary_purpose>Treatment</primary_purpose>
  </study_design_info>
  <primary_outcome>
    <measure>Event Free Survival</measure>
  </primary_outcome>
  <condition>Leukemia</condition>
  <intervention>
    <intervention_type>Biological</intervention_type>
    <intervention_name>filgrastim</intervention_name>
  </intervention>
  <intervention>
    <intervention_type>Drug</intervention_type>
    <intervention_name>asparaginase</intervention_name>
  </intervention>
  <intervention>
    <intervention_type>Drug</intervention_type>
    <intervention_name>cyclophosphamide</intervention_name>
  </intervention>
  <intervention>
    <intervention_type>Drug</intervention_type>
    <intervention_name>cyclosporine</intervention_name>
  </intervention>
  <intervention>
    <intervention_type>Drug</intervention_type>
    <intervention_name>cytarabine</intervention_name>
  </intervention>
  <intervention>
    <intervention_type>Drug</intervention_type>
    <intervention_name>daunorubicin hydrochloride</intervention_name>
  </intervention>
  <intervention>
    <intervention_type>Drug</intervention_type>
    <intervention_name>dexamethasone</intervention_name>
  </intervention>
  <intervention>
    <intervention_type>Drug</intervention_type>
    <intervention_name>etoposide</intervention_name>
  </intervention>
  <intervention>
    <intervention_type>Drug</intervention_type>
    <intervention_name>leucovorin calcium</intervention_name>
  </intervention>
  <intervention>
    <intervention_type>Drug</intervention_type>
    <intervention_name>mercaptopurine</intervention_name>
  </intervention>
  <intervention>
    <intervention_type>Drug</intervention_type>
    <intervention_name>mesna</intervention_name>
  </intervention>
  <intervention>
    <intervention_type>Drug</intervention_type>
    <intervention_name>methotrexate</intervention_name>
  </intervention>
  <intervention>
    <intervention_type>Drug</intervention_type>
    <intervention_name>methylprednisolone</intervention_name>
  </intervention>
  <intervention>
    <intervention_type>Drug</intervention_type>
    <intervention_name>pegaspargase</intervention_name>
  </intervention>
  <intervention>
    <intervention_type>Drug</intervention_type>
    <intervention_name>prednisone</intervention_name>
  </intervention>
  <intervention>
    <intervention_type>Drug</intervention_type>
    <intervention_name>therapeutic hydrocortisone</intervention_name>
  </intervention>
  <intervention>
    <intervention_type>Drug</intervention_type>
    <intervention_name>vincristine sulfate</intervention_name>
  </intervention>
  <intervention>
    <intervention_type>Procedure</intervention_type>
    <intervention_name>allogeneic bone marrow transplantation</intervention_name>
  </intervention>
  <intervention>
    <intervention_type>Radiation</intervention_type>
    <intervention_name>low-LET cobalt-60 gamma ray therapy</intervention_name>
  </intervention>
  <intervention>
    <intervention_type>Radiation</intervention_type>
    <intervention_name>low-LET photon therapy</intervention_name>
  </intervention>
  <eligibility>
    <criteria>
      <textblock>
        DISEASE CHARACTERISTICS: Histologically confirmed acute lymphoblastic leukemia (ALL) in&#xD;
        infants under 12 months of age at diagnosis Adequate bone marrow and/or peripheral blood&#xD;
        specimens with blasts available No prior treatment for ALL except emergency therapy for the&#xD;
        following: Blast cell crisis Superior vena cava syndrome Renal failure due to leukemic&#xD;
        infiltration of the kidneys&#xD;
&#xD;
        PATIENT CHARACTERISTICS: See General Eligibility Criteria&#xD;
      </textblock>
    </criteria>
    <gender>All</gender>
    <minimum_age>N/A</minimum_age>
    <maximum_age>1 Year</maximum_age>
    <healthy_volunteers>No</healthy_volunteers>
  </eligibility>
  <overall_official>
    <last_name>Patricia A. Dinndorf, MD</last_name>
    <role>Study Chair</role>
    <affiliation>Children's National Research Institute</affiliation>
  </overall_official>
  <location>
    <facility>
      <name>Long Beach Memorial Medical Center</name>
      <address>
        <city>Long Beach</city>
        <state>California</state>
        <zip>90806</zip>
        <country>United States</country>
      </address>
    </facility>
  </location>
  <location>
    <facility>
      <name>Children's Hospital Los Angeles</name>
      <address>
        <city>Los Angeles</city>
        <state>California</state>
        <zip>90027-0700</zip>
        <country>United States</country>
      </address>
    </facility>
  </location>
  <location>
    <facility>
      <name>Jonsson Comprehensive Cancer Center, UCLA</name>
      <address>
        <city>Los Angeles</city>
        <state>California</state>
        <zip>90095-1781</zip>
        <country>United States</country>
      </address>
    </facility>
  </location>
  <location>
    <facility>
      <name>Children's Hospital of Orange County</name>
      <address>
        <city>Orange</city>
        <state>California</state>
        <zip>92668</zip>
        <country>United States</country>
      </address>
    </facility>
  </location>
  <location>
    <facility>
      <name>UCSF Cancer Center and Cancer Research Institute</name>
      <address>
        <city>San Francisco</city>
        <state>California</state>
        <zip>94115-0128</zip>
        <country>United States</country>
      </address>
    </facility>
  </location>
  <location>
    <facility>
      <name>Children's Hospital of Denver</name>
      <address>
        <city>Denver</city>
        <state>Colorado</state>
        <zip>80218</zip>
        <country>United States</country>
      </address>
    </facility>
  </location>
  <location>
    <facility>
      <name>Children's National Medical Center</name>
      <address>
        <city>Washington</city>
        <state>District of Columbia</state>
        <zip>20010-2970</zip>
        <country>United States</country>
      </address>
    </facility>
  </location>
  <location>
    <facility>
      <name>University of Chicago Cancer Research Center</name>
      <address>
        <city>Chicago</city>
        <state>Illinois</state>
        <zip>60637</zip>
        <country>United States</country>
      </address>
    </facility>
  </location>
  <location>
    <facility>
      <name>Indiana University Cancer Center</name>
      <address>
        <city>Indianapolis</city>
        <state>Indiana</state>
        <zip>46202-5265</zip>
        <country>United States</country>
      </address>
    </facility>
  </location>
  <location>
    <facility>
      <name>University of Iowa Hospitals and Clinics</name>
      <address>
        <city>Iowa City</city>
        <state>Iowa</state>
        <zip>52242</zip>
        <country>United States</country>
      </address>
    </facility>
  </location>
  <location>
    <facility>
      <name>University of Michigan Comprehensive Cancer Center</name>
      <address>
        <city>Ann Arbor</city>
        <state>Michigan</state>
        <zip>48109-0752</zip>
        <country>United States</country>
      </address>
    </facility>
  </location>
  <location>
    <facility>
      <name>University of Minnesota Cancer Center</name>
      <address>
        <city>Minneapolis</city>
        <state>Minnesota</state>
        <zip>55455</zip>
        <country>United States</country>
      </address>
    </facility>
  </location>
  <location>
    <facility>
      <name>Mayo Clinic Cancer Center</name>
      <address>
        <city>Rochester</city>
        <state>Minnesota</state>
        <zip>55905</zip>
        <country>United States</country>
      </address>
    </facility>
  </location>
  <location>
    <facility>
      <name>Children's Mercy Hospital - Kansas City</name>
      <address>
        <city>Kansas City</city>
        <state>Missouri</state>
        <zip>64108</zip>
        <country>United States</country>
      </address>
    </facility>
  </location>
  <location>
    <facility>
      <name>University of Nebraska Medical Center</name>
      <address>
        <city>Omaha</city>
        <state>Nebraska</state>
        <zip>68198-3330</zip>
        <country>United States</country>
      </address>
    </facility>
  </location>
  <location>
    <facility>
      <name>Kaplan Cancer Center</name>
      <address>
        <city>New York</city>
        <state>New York</state>
        <zip>10016</zip>
        <country>United States</country>
      </address>
    </facility>
  </location>
  <location>
    <facility>
      <name>Memorial Sloan-Kettering Cancer Center</name>
      <address>
        <city>New York</city>
        <state>New York</state>
        <zip>10021</zip>
        <country>United States</country>
      </address>
    </facility>
  </location>
  <location>
    <facility>
      <name>Herbert Irving Comprehensive Cancer Center</name>
      <address>
        <city>New York</city>
        <state>New York</state>
        <zip>10032</zip>
        <country>United States</country>
      </address>
    </facility>
  </location>
  <location>
    <facility>
      <name>Lineberger Comprehensive Cancer Center, UNC</name>
      <address>
        <city>Chapel Hill</city>
        <state>North Carolina</state>
        <zip>27599-7295</zip>
        <country>United States</country>
      </address>
    </facility>
  </location>
  <location>
    <facility>
      <name>Children's Hospital Medical Center - Cincinnati</name>
      <address>
        <city>Cincinnati</city>
        <state>Ohio</state>
        <zip>45229-3039</zip>
        <country>United States</country>
      </address>
    </facility>
  </location>
  <location>
    <facility>
      <name>Ireland Cancer Center</name>
      <address>
        <city>Cleveland</city>
        <state>Ohio</state>
        <zip>44106-5065</zip>
        <country>United States</country>
      </address>
    </facility>
  </location>
  <location>
    <facility>
      <name>Children's Hospital of Columbus</name>
      <address>
        <city>Columbus</city>
        <state>Ohio</state>
        <zip>43205-2696</zip>
        <country>United States</country>
      </address>
    </facility>
  </location>
  <location>
    <facility>
      <name>Doernbecher Children's Hospital</name>
      <address>
        <city>Portland</city>
        <state>Oregon</state>
        <zip>97201-3098</zip>
        <country>United States</country>
      </address>
    </facility>
  </location>
  <location>
    <facility>
      <name>Children's Hospital of Philadelphia</name>
      <address>
        <city>Philadelphia</city>
        <state>Pennsylvania</state>
        <zip>19104</zip>
        <country>United States</country>
      </address>
    </facility>
  </location>
  <location>
    <facility>
      <name>Children's Hospital of Pittsburgh</name>
      <address>
        <city>Pittsburgh</city>
        <state>Pennsylvania</state>
        <zip>15213</zip>
        <country>United States</country>
      </address>
    </facility>
  </location>
  <location>
    <facility>
      <name>Vanderbilt Cancer Center</name>
      <address>
        <city>Nashville</city>
        <state>Tennessee</state>
        <zip>37232-6838</zip>
        <country>United States</country>
      </address>
    </facility>
  </location>
  <location>
    <facility>
      <name>University of Texas - MD Anderson Cancer Center</name>
      <address>
        <city>Houston</city>
        <state>Texas</state>
        <zip>77030</zip>
        <country>United States</country>
      </address>
    </facility>
  </location>
  <location>
    <facility>
      <name>Huntsman Cancer Institute</name>
      <address>
        <city>Salt Lake City</city>
        <state>Utah</state>
        <zip>84132</zip>
        <country>United States</country>
      </address>
    </facility>
  </location>
  <location>
    <facility>
      <name>Children's Hospital and Regional Medical Center - Seattle</name>
      <address>
        <city>Seattle</city>
        <state>Washington</state>
        <zip>98105</zip>
        <country>United States</country>
      </address>
    </facility>
  </location>
  <location>
    <facility>
      <name>University of Wisconsin Comprehensive Cancer Center</name>
      <address>
        <city>Madison</city>
        <state>Wisconsin</state>
        <zip>53792</zip>
        <country>United States</country>
      </address>
    </facility>
  </location>
  <location>
    <facility>
      <name>Princess Margaret Hospital for Children</name>
      <address>
        <city>Perth</city>
        <state>Western Australia</state>
        <zip>6001</zip>
        <country>Australia</country>
      </address>
    </facility>
  </location>
  <location>
    <facility>
      <name>British Columbia Children's Hospital</name>
      <address>
        <city>Vancouver</city>
        <state>British Columbia</state>
        <zip>V6H 3V4</zip>
        <country>Canada</country>
      </address>
    </facility>
  </location>
  <location>
    <facility>
      <name>IWK Grace Health Centre</name>
      <address>
        <city>Halifax</city>
        <state>Nova Scotia</state>
        <zip>B3J 3G9</zip>
        <country>Canada</country>
      </address>
    </facility>
  </location>
  <location_countries>
    <country>Australia</country>
    <country>Canada</country>
    <country>United States</country>
  </location_countries>
  <reference>
    <citation>Dreyer ZE, Dinndorf PA, Camitta B, Sather H, La MK, Devidas M, Hilden JM, Heerema NA, Sanders JE, McGlennen R, Willman CL, Carroll AJ, Behm F, Smith FO, Woods WG, Godder K, Reaman GH. Analysis of the role of hematopoietic stem-cell transplantation in infants with acute lymphoblastic leukemia in first remission and MLL gene rearrangements: a report from the Children's Oncology Group. J Clin Oncol. 2011 Jan 10;29(2):214-22. doi: 10.1200/JCO.2009.26.8938. Epub 2010 Dec 6.</citation>
    <PMID>21135279</PMID>
  </reference>
  <reference>
    <citation>Nguyen K, Devidas M, Cheng SC, La M, Raetz EA, Carroll WL, Winick NJ, Hunger SP, Gaynon PS, Loh ML; Children's Oncology Group. Factors influencing survival after relapse from acute lymphoblastic leukemia: a Children's Oncology Group study. Leukemia. 2008 Dec;22(12):2142-50. doi: 10.1038/leu.2008.251. Epub 2008 Sep 25.</citation>
    <PMID>18818707</PMID>
  </reference>
  <results_reference>
    <citation>Salzer W, Dinndorf P, Dreyer Z, Hilden J, Reaman GH. Analysis of infectious complications in infants with acute lymphoblastic leukemia treated on the Children's Cancer Group Protocol 1953: a report from the Children's Oncology Group. J Pediatr Hematol Oncol. 2009 Jun;31(6):398-405. doi: 10.1097/MPH.0b013e3181a6dec0.</citation>
    <PMID>19648788</PMID>
  </results_reference>
  <results_reference>
    <citation>Robinson BW, Cao K, Hilden JM, et al.: Age is the strongest determinant of leukemia blast cell gene expression in MLL-rearranged infant ALL and MLL-AF4 directs a distinct gene expression profile related to CNS disease. [Abstract] Blood 112 (11): A-1200, 2008.</citation>
  </results_reference>
  <results_reference>
    <citation>Hilden JM, Dinndorf PA, Meerbaum SO, Sather H, Villaluna D, Heerema NA, McGlennen R, Smith FO, Woods WG, Salzer WL, Johnstone HS, Dreyer Z, Reaman GH; Children's Oncology Group. Analysis of prognostic factors of acute lymphoblastic leukemia in infants: report on CCG 1953 from the Children's Oncology Group. Blood. 2006 Jul 15;108(2):441-51. Epub 2006 Mar 23.</citation>
    <PMID>16556894</PMID>
  </results_reference>
  <results_reference>
    <citation>Hilden JM, Dinndorf PA, Meerbaum SO, et al.: CCG 1953: acute lymphoblastic leukemia in infants: analysis of prognostic factors: a report from the Children's Oncology Group. [Abstract] Blood 106 (11): A-7, 2005.</citation>
  </results_reference>
  <verification_date>July 2014</verification_date>
  <study_first_submitted>November 1, 1999</study_first_submitted>
  <study_first_submitted_qc>June 15, 2004</study_first_submitted_qc>
  <study_first_posted type="Estimate">June 16, 2004</study_first_posted>
  <last_update_submitted>July 23, 2014</last_update_submitted>
  <last_update_submitted_qc>July 23, 2014</last_update_submitted_qc>
  <last_update_posted type="Estimate">July 24, 2014</last_update_posted>
  <responsible_party>
    <responsible_party_type>Sponsor</responsible_party_type>
  </responsible_party>
  <keyword>untreated childhood acute lymphoblastic leukemia</keyword>
  <condition_browse>
    <!-- CAUTION:  The following MeSH terms are assigned with an imperfect algorithm            -->
    <mesh_term>Leukemia</mesh_term>
    <mesh_term>Precursor Cell Lymphoblastic Leukemia-Lymphoma</mesh_term>
    <mesh_term>Leukemia, Lymphoid</mesh_term>
  </condition_browse>
  <intervention_browse>
    <!-- CAUTION:  The following MeSH terms are assigned with an imperfect algorithm            -->
    <mesh_term>Leucovorin</mesh_term>
    <mesh_term>Cobalt</mesh_term>
    <mesh_term>Cytarabine</mesh_term>
    <mesh_term>Cyclosporine</mesh_term>
    <mesh_term>Dexamethasone</mesh_term>
    <mesh_term>Prednisone</mesh_term>
    <mesh_term>Methylprednisolone</mesh_term>
    <mesh_term>Hydrocortisone</mesh_term>
    <mesh_term>Hydrocortisone 17-butyrate 21-propionate</mesh_term>
    <mesh_term>Hydrocortisone acetate</mesh_term>
    <mesh_term>Hydrocortisone hemisuccinate</mesh_term>
    <mesh_term>Cyclophosphamide</mesh_term>
    <mesh_term>Methotrexate</mesh_term>
    <mesh_term>Etoposide</mesh_term>
    <mesh_term>Vincristine</mesh_term>
    <mesh_term>Daunorubicin</mesh_term>
    <mesh_term>Asparaginase</mesh_term>
    <mesh_term>Mercaptopurine</mesh_term>
    <mesh_term>Pegaspargase</mesh_term>
    <mesh_term>Cyclosporins</mesh_term>
    <mesh_term>Levoleucovorin</mesh_term>
  </intervention_browse>
  <!-- Results have not yet been posted for this study                                          -->
</clinical_study>

