<?xml version="1.0" encoding="UTF-8"?>
<clinical_study rank="5">
  <!-- This xml conforms to an XML Schema at:
    https://clinicaltrials.gov/ct2/html/images/info/public.xsd -->
  <required_header>
    <download_date>ClinicalTrials.gov processed this data on May 11, 2021</download_date>
    <link_text>Link to the current ClinicalTrials.gov record.</link_text>
    <url>https://clinicaltrials.gov/show/NCT01900509</url>
  </required_header>
  <id_info>
    <org_study_id>BECHEM</org_study_id>
    <secondary_id>TEVA ISS</secondary_id>
    <secondary_id>NCI-2013-01148</secondary_id>
    <nct_id>NCT01900509</nct_id>
  </id_info>
  <brief_title>Bendamustine Hydrochloride, Clofarabine, and Etoposide in Treating Younger Patients With Relapsed or Refractory Hematologic Malignancies</brief_title>
  <official_title>A Phase I Trial of Bendamustine in Combination With Clofarabine and Etoposide in Pediatric Patients With Relapsed or Refractory Hematologic Malignancies</official_title>
  <sponsors>
    <lead_sponsor>
      <agency>St. Jude Children's Research Hospital</agency>
      <agency_class>Other</agency_class>
    </lead_sponsor>
    <collaborator>
      <agency>Teva Pharmaceuticals USA</agency>
      <agency_class>Industry</agency_class>
    </collaborator>
  </sponsors>
  <source>St. Jude Children's Research Hospital</source>
  <oversight_info>
    <has_dmc>No</has_dmc>
    <is_fda_regulated_drug>Yes</is_fda_regulated_drug>
    <is_fda_regulated_device>No</is_fda_regulated_device>
  </oversight_info>
  <brief_summary>
    <textblock>
      Participants with relapsed or refractory leukemia or lymphoma will be recruited for this&#xD;
      study to find whether or not the addition of a new drug called bendamustine will be safe and&#xD;
      possible to give with other chemotherapy drugs. This drug is approved by the Food and Drug&#xD;
      Administration (FDA) for the treatment of other cancers in adults that are similar to those&#xD;
      being studied in the research trial.&#xD;
&#xD;
      PRIMARY OBJECTIVES&#xD;
&#xD;
        -  To establish the maximum tolerated dose (MTD) of bendamustine in combination with&#xD;
           clofarabine and etoposide in pediatric participants with hematologic malignancies.&#xD;
&#xD;
        -  To characterize the safety profile and dose-limiting toxicities (DLTs) of bendamustine&#xD;
           in combination with clofarabine and etoposide.&#xD;
&#xD;
      SECONDARY OBJECTIVES&#xD;
&#xD;
        -  To estimate event-free survival at 4 months.&#xD;
&#xD;
        -  To estimate minimal residual disease (MRD) levels present at end of each cycle of&#xD;
           therapy in participants with leukemia.&#xD;
&#xD;
        -  To characterize the pharmacokinetic profile of bendamustine in the proposed regimen.&#xD;
    </textblock>
  </brief_summary>
  <detailed_description>
    <textblock>
      Bendamustine will be combined with clofarabine and etoposide in a five-day cycle.&#xD;
      Dexamethasone will be given to prevent capillary leak syndrome associated with clofarabine.&#xD;
&#xD;
      If the participant does not develop progressive disease or a dose-limiting toxicity (DLT)&#xD;
      during the first cycle, a second cycle may be administered as a bridge to transplant. Each&#xD;
      cycle lasts 21-28 days (or until count recovery).&#xD;
&#xD;
      Concomitant intrathecal therapy can be given at the investigator's discretion, but not on the&#xD;
      same days as chemotherapy. Recommendations are triple intrathecal therapy (methotrexate,&#xD;
      hydrocortisone, cytarabine) weekly for participants with CNS2 or CNS3 disease, and every two&#xD;
      weeks for participants with CNS1 disease. Leucovorin may be given according to institutional&#xD;
      guidelines.&#xD;
&#xD;
      The intent of this study design is for all participants to receive and complete one course of&#xD;
      therapy. Participants who exhibit signs of disease progression or experience an unacceptable&#xD;
      toxicity will be discontinued from protocol treatment.&#xD;
    </textblock>
  </detailed_description>
  <overall_status>Completed</overall_status>
  <start_date>August 2013</start_date>
  <completion_date type="Actual">May 2016</completion_date>
  <primary_completion_date type="Actual">May 2016</primary_completion_date>
  <phase>Phase 1</phase>
  <study_type>Interventional</study_type>
  <has_expanded_access>No</has_expanded_access>
  <study_design_info>
    <allocation>N/A</allocation>
    <intervention_model>Single Group Assignment</intervention_model>
    <primary_purpose>Treatment</primary_purpose>
    <masking>None (Open Label)</masking>
  </study_design_info>
  <primary_outcome>
    <measure>Maximum tolerated dose</measure>
    <time_frame>Continually throughout the study (up to 3 months)</time_frame>
    <description>Establish MTD of bendamustine in combination with clofarabine and etoposide.</description>
  </primary_outcome>
  <primary_outcome>
    <measure>Dose limiting toxicities</measure>
    <time_frame>Continually throughout the study (up to 3 months)</time_frame>
    <description>Characterize safety profile and DLTs of bendamustine in combination with clofarabine and etoposide</description>
  </primary_outcome>
  <secondary_outcome>
    <measure>Event free survival</measure>
    <time_frame>4 months after the start of therapy for the last patient enrolled on the study</time_frame>
    <description>Event-free survival (EFS) time will be calculated from on therapy to any kind of failure or to last contact date for participants who are alive without any failure at the last contact date. The time to EFS will be set to 0 for participants who fail to achieve complete remission. Kaplan-Meier estimates of EFS curves will be computed, along with estimates of standard errors by the method of Peto. Four month EFS, as well as longer term survival rates (6 month and 1 year) will be estimated with 95% confidence intervals.</description>
  </secondary_outcome>
  <secondary_outcome>
    <measure>Proportion of leukemia participants with positive minimal residual disease</measure>
    <time_frame>At end of each cycle of chemotherapy (approximately at 1 month and 2 months)</time_frame>
    <description>The prevalence of MRD at end of each cycle is defined as proportion of MRD positives; we will estimate these proportions with point and interval estimates.</description>
  </secondary_outcome>
  <secondary_outcome>
    <measure>Plasma concentration of bendamustine</measure>
    <time_frame>Day 1 and day 5 of cycle 1 therapy</time_frame>
    <description>Plasma concentrations of bendamustine will be measured using an established LC-MS/MS assay. Bendamustine pharmacokinetic parameters such as Cmax, tmax, AUC (0-t), t1/2, and clearance will be estimated using population-based modeling techniques.</description>
  </secondary_outcome>
  <number_of_arms>1</number_of_arms>
  <enrollment type="Actual">16</enrollment>
  <condition>Hodgkin Lymphoma</condition>
  <condition>Non-Hodgkin Lymphoma</condition>
  <condition>Acute Leukemia</condition>
  <arm_group>
    <arm_group_label>Treatment</arm_group_label>
    <arm_group_type>Experimental</arm_group_type>
    <description>All participants who meet eligibility for this study will follow the same treatment regimen.&#xD;
INTERVENTIONS: bendamustine, clofarabine, etoposide (or etoposide phosphate), dexamethasone.</description>
  </arm_group>
  <intervention>
    <intervention_type>Drug</intervention_type>
    <intervention_name>Bendamustine</intervention_name>
    <description>Route of administration: intravenously (IV) over approximately 60 minutes, days 1-5.</description>
    <arm_group_label>Treatment</arm_group_label>
    <other_name>Treanda(R)</other_name>
    <other_name>Bendamustine hydrochloride</other_name>
  </intervention>
  <intervention>
    <intervention_type>Drug</intervention_type>
    <intervention_name>Clofarabine</intervention_name>
    <description>Route of administration: IV days 1-5.</description>
    <arm_group_label>Treatment</arm_group_label>
    <other_name>Clolar(TM)</other_name>
    <other_name>Clofarex</other_name>
  </intervention>
  <intervention>
    <intervention_type>Drug</intervention_type>
    <intervention_name>Etoposide</intervention_name>
    <description>Route of administration: IV days 1-5.</description>
    <arm_group_label>Treatment</arm_group_label>
    <other_name>VP-16</other_name>
    <other_name>Vepesid(R)</other_name>
  </intervention>
  <intervention>
    <intervention_type>Drug</intervention_type>
    <intervention_name>Etoposide phosphate</intervention_name>
    <description>Route of administration: Used in substitution for etoposide in participants who experience allergic reaction, Etopophos® will be administered IV.</description>
    <arm_group_label>Treatment</arm_group_label>
    <other_name>Etopophos(R)</other_name>
  </intervention>
  <intervention>
    <intervention_type>Drug</intervention_type>
    <intervention_name>Dexamethasone</intervention_name>
    <description>Route of administration: three times daily orally (by mouth), days 1-5.</description>
    <arm_group_label>Treatment</arm_group_label>
    <other_name>Decadron(R)</other_name>
  </intervention>
  <eligibility>
    <criteria>
      <textblock>
        INCLUSION CRITERIA&#xD;
&#xD;
          -  Participants with Hodgkin or Non-Hodgkin lymphoma must meet one of the following&#xD;
             criteria: (a) Relapsing disease in 2nd or greater relapse and measurable disease, or&#xD;
             (b) Refractory disease failing to achieve complete remission (CR) with &gt; 2 induction&#xD;
             or re-induction attempts.&#xD;
&#xD;
          -  Participant with acute leukemia must meet one of the following criteria: (a) Relapsing&#xD;
             acute lymphoblastic leukemia (ALL), acute myeloid leukemia (AML), or acute&#xD;
             biphenotypic leukemia in 2nd or greater relapse; or (b) Refractory ALL, AML, or acute&#xD;
             biphenotypic leukemia failing to achieve CR with ≥ 2 induction or re-induction&#xD;
             attempts.&#xD;
&#xD;
          -  Participant with leukemia has M2 or M3 marrow at the time of enrollment. Participant&#xD;
             with M2 marrow must have definite cytogenetic, molecular, or immunophenotypic evidence&#xD;
             of recurrent/refractory disease.&#xD;
&#xD;
          -  Age is ≤ 21 years (participant has not yet reached 22nd birthday).&#xD;
&#xD;
          -  Karnofsky or Lansky performance score is ≥ 60%. The Lansky performance score should be&#xD;
             used for participants &lt; 16 years and the Karnofsky performance score for participants&#xD;
             ≥ 16 years.&#xD;
&#xD;
          -  There are no known contra-indications to any of the planned agents used in this&#xD;
             protocol. Etoposide may be substituted by etoposide phosphate (etopophos) if the&#xD;
             patient has a history of hypersensitivity reaction to etoposide&#xD;
&#xD;
          -  Adequate renal function defined as glomerular filtration rate &gt; 60 cc/min/1.73m2, or&#xD;
             normal serum creatinine based on age.&#xD;
&#xD;
          -  Adequate hepatic function: (a) Direct bilirubin ≤ upper limit of normal (ULN) for age,&#xD;
             or if total bilirubin is &gt; ULN, direct bilirubin is ≤ 1.4 mg/dl, and (b) AST and ALT ≤&#xD;
             5 x ULN for age.&#xD;
&#xD;
          -  Adequate cardiac function defined as shortening fraction of ≥ 27% or ejection fraction&#xD;
             ≥ 45%.&#xD;
&#xD;
          -  Lymphoma participants without bone marrow involvement must have: (a) Absolute&#xD;
             neutrophil count (ANC) ≥ 1,000/µL, and (b) Platelet count &gt; 50,000/mm^3 (without&#xD;
             transfusion support). [Note: these criteria are waived for participants with leukemia&#xD;
             or lymphoma participants with bone marrow involvement.]&#xD;
&#xD;
          -  Participant must have recovered from the acute side effects of all prior anti-cancer&#xD;
             therapy, and :&#xD;
&#xD;
               -  At least 2 weeks have elapsed since prior systemic cytotoxic chemotherapy (except&#xD;
                  intrathecal chemotherapy, and/or low dose maintenance therapy such as&#xD;
                  vincristine, mercaptopurine, methotrexate or glucocorticoids), and&#xD;
&#xD;
               -  At least 4 weeks have elapsed since treatment with an investigational agent or&#xD;
                  antibody-based therapy, if applicable, and&#xD;
&#xD;
               -  If the participant received a prior allogeneic hematopoietic stem cell&#xD;
                  transplantation (HSCT), at least 3 months have elapsed and there is no evidence&#xD;
                  of active graft-versus-host disease (GVHD), participant has discontinued&#xD;
                  immunosuppression, and there is no history of veno-occlusive disease.&#xD;
&#xD;
        EXCLUSION CRITERIA&#xD;
&#xD;
          -  Active, uncontrolled infection or severe concurrent medical disease, including but not&#xD;
             limited to congestive heart failure, cardiac arrhythmias, or psychiatric illness.&#xD;
&#xD;
          -  Isolated extramedullary disease (leukemia).&#xD;
&#xD;
          -  Primary CNS lymphoma.&#xD;
&#xD;
          -  Pregnant or lactating (female participant of childbearing potential must have negative&#xD;
             serum or urine pregnancy test required within 7 days prior to start of treatment).&#xD;
&#xD;
          -  Known HIV or active hepatitis B or C infection.&#xD;
&#xD;
          -  Known hypersensitivity to bendamustine or mannitol.&#xD;
      </textblock>
    </criteria>
    <gender>All</gender>
    <minimum_age>N/A</minimum_age>
    <maximum_age>21 Years</maximum_age>
    <healthy_volunteers>No</healthy_volunteers>
  </eligibility>
  <overall_official>
    <last_name>Sima Jeha, MD</last_name>
    <role>Principal Investigator</role>
    <affiliation>St. Jude Children's Research Hospital</affiliation>
  </overall_official>
  <location>
    <facility>
      <name>St. Jude Children's Research Hospital</name>
      <address>
        <city>Memphis</city>
        <state>Tennessee</state>
        <zip>38105</zip>
        <country>United States</country>
      </address>
    </facility>
  </location>
  <location_countries>
    <country>United States</country>
  </location_countries>
  <link>
    <url>http://www.stjude.org</url>
    <description>St. Jude Children's Research Hospital</description>
  </link>
  <link>
    <url>http://www.stjude.org/protocols</url>
    <description>Clinical Trials Open at St. Jude</description>
  </link>
  <verification_date>March 2017</verification_date>
  <study_first_submitted>July 11, 2013</study_first_submitted>
  <study_first_submitted_qc>July 11, 2013</study_first_submitted_qc>
  <study_first_posted type="Estimate">July 16, 2013</study_first_posted>
  <last_update_submitted>March 21, 2017</last_update_submitted>
  <last_update_submitted_qc>March 21, 2017</last_update_submitted_qc>
  <last_update_posted type="Actual">March 22, 2017</last_update_posted>
  <responsible_party>
    <responsible_party_type>Sponsor</responsible_party_type>
  </responsible_party>
  <keyword>Childhood leukemia</keyword>
  <keyword>Childhood lymphoma</keyword>
  <keyword>Bendamustine</keyword>
  <condition_browse>
    <!-- CAUTION:  The following MeSH terms are assigned with an imperfect algorithm            -->
    <mesh_term>Lymphoma</mesh_term>
    <mesh_term>Hematologic Neoplasms</mesh_term>
  </condition_browse>
  <intervention_browse>
    <!-- CAUTION:  The following MeSH terms are assigned with an imperfect algorithm            -->
    <mesh_term>Dexamethasone</mesh_term>
    <mesh_term>Etoposide</mesh_term>
    <mesh_term>Etoposide phosphate</mesh_term>
    <mesh_term>Bendamustine Hydrochloride</mesh_term>
    <mesh_term>Clofarabine</mesh_term>
  </intervention_browse>
  <!-- Results have not yet been posted for this study                                          -->
</clinical_study>

