<?xml version="1.0" encoding="UTF-8"?>
<clinical_study rank="105">
  <!-- This xml conforms to an XML Schema at:
    https://clinicaltrials.gov/ct2/html/images/info/public.xsd -->
  <required_header>
    <download_date>ClinicalTrials.gov processed this data on May 11, 2021</download_date>
    <link_text>Link to the current ClinicalTrials.gov record.</link_text>
    <url>https://clinicaltrials.gov/show/NCT00005596</url>
  </required_header>
  <id_info>
    <org_study_id>9905</org_study_id>
    <secondary_id>COG-P9905</secondary_id>
    <secondary_id>POG-9905</secondary_id>
    <secondary_id>CDR0000067704</secondary_id>
    <secondary_id>NCI-2012-02325</secondary_id>
    <nct_id>NCT00005596</nct_id>
  </id_info>
  <brief_title>Combination Chemotherapy in Treating Children With Newly Diagnosed Acute Lymphoblastic Leukemia</brief_title>
  <official_title>ALinC 17: Protocol for Patients With Newly Diagnosed Standard Risk Acute Lymphoblastic Leukemia (ALL): A Phase III Study</official_title>
  <sponsors>
    <lead_sponsor>
      <agency>Children's Oncology Group</agency>
      <agency_class>Other</agency_class>
    </lead_sponsor>
    <collaborator>
      <agency>National Cancer Institute (NCI)</agency>
      <agency_class>NIH</agency_class>
    </collaborator>
  </sponsors>
  <source>Children's Oncology Group</source>
  <oversight_info>
    <has_dmc>Yes</has_dmc>
  </oversight_info>
  <brief_summary>
    <textblock>
      RATIONALE: Drugs used in chemotherapy use different ways to stop cancer cells from dividing&#xD;
      so they stop growing or die. Combining more than one drug may kill more cancer cells. It is&#xD;
      not yet known which regimen of chemotherapy is more effective for acute lymphoblastic&#xD;
      leukemia.&#xD;
&#xD;
      PURPOSE: This randomized phase III trial is comparing four regimens of combination&#xD;
      chemotherapy to see how well they work in treating children with newly diagnosed acute&#xD;
      lymphoblastic leukemia.&#xD;
    </textblock>
  </brief_summary>
  <detailed_description>
    <textblock>
      OBJECTIVES:&#xD;
&#xD;
        -  Determine if multidrug delayed-intensification therapy improves outcome in children with&#xD;
           newly diagnosed standard-risk acute lymphocytic leukemia.&#xD;
&#xD;
        -  Compare the efficacy and toxicity of methotrexate administered over 4 hours vs&#xD;
           methotrexate administered over 24 hours in this patient population.&#xD;
&#xD;
        -  Determine the correlation between event-free survival, minimal residual disease, and&#xD;
           early response in this patient population treated with this multiple drug regimen.&#xD;
&#xD;
      OUTLINE: This is a randomized, multicenter study.&#xD;
&#xD;
        -  Induction (weeks 1-4): Patients receive induction therapy on POG 9900.&#xD;
&#xD;
        -  Consolidation (weeks 5-32): Patients are randomized to one of four treatment arms.&#xD;
           Patients with t(1;19) are randomized to either arm III or arm IV.&#xD;
&#xD;
             -  Arm I (weeks 5-24): Patients receive IT methotrexate (MTX) on day 1 followed by MTX&#xD;
                IV over 20 minutes followed by MTX continuously over 23.6 hours on weeks 7, 10, 13,&#xD;
                16,19, and 22. At 42 hours after the beginning of the MTX infusion, patients&#xD;
                receive oral leucovorin calcium every 6 hours for a total of 3 doses. Patients also&#xD;
                receive oral mercaptopurine daily beginning on week 5 and continuing until the&#xD;
                completion of consolidation therapy; oral dexamethasone twice daily on days 1-7 of&#xD;
                weeks 8 and 17; and vincristine IV on day 1 of weeks 8, 9, 17, and 18.&#xD;
&#xD;
             -  Arm II (weeks 5-24): Patients receive MTX IV over 4 hours on weeks 7, 10, 13, 16,&#xD;
                19, and 22. At 42 hours after the beginning of the MTX infusion, patients receive&#xD;
                oral leucovorin calcium as in arm I. Patients also receive mercaptopurine,&#xD;
                dexamethasone, vincristine, and IT MTX as in arm I.&#xD;
&#xD;
             -  Arm III (weeks 5-32): Patients receive MTX IV as in arm I on weeks 7, 10, 13, 24,&#xD;
                27, and 30; leucovorin calcium as in arm I; pegaspargase IM on day 2, 3, OR 4 of&#xD;
                week 16; and oral mercaptopurine daily on weeks 5-13, and from week 24 until the&#xD;
                completion of consolidation therapy. Patients also receive IT MTX as in arm I on&#xD;
                weeks 7, 10, 13, 16, 20, 21, and 30; oral dexamethasone twice daily on weeks 8,&#xD;
                16-18, and 28 for a total of 35 days; vincristine IV on day 1 of weeks 8, 9, 16,&#xD;
                17, 18, 28, and 29; daunorubicin IV on day 1 of weeks 16-18; cyclophosphamide IV&#xD;
                over 30 minutes on day 1 of week 20; cytarabine IV or subcutaneously daily on days&#xD;
                2-5 of weeks 20 and 21; and oral thioguanine daily on weeks 20-21.&#xD;
&#xD;
             -  Arm IV (weeks 5-32): Patients receive MTX IV as in arm II on weeks 7, 10, 13, 24,&#xD;
                27, and 30; leucovorin calcium as in arm I; and pegaspargase, mercaptopurine, IT&#xD;
                MTX, dexamethasone, vincristine, daunorubicin, cyclophosphamide, cytarabine, and&#xD;
                thioguanine as in arm III.&#xD;
&#xD;
        -  Intensive continuation (weeks 25-80): At weeks 25-72 for arms I and II, and at weeks&#xD;
           33-80 for arms III and IV, patients receive oral MTX every 6 hours for 4 doses on weeks&#xD;
           1, 3, 5, 7, 9, and 11; oral mercaptopurine daily; oral leucovorin calcium every 12 hours&#xD;
           for 2 doses beginning 48 hours after the start of MTX; IT MTX and vincristine IV on day&#xD;
           1 of week 12; and oral dexamethasone twice daily on days 1-7, beginning with the&#xD;
           administration of vincristine. Treatment repeats every 12 weeks for 4 courses.&#xD;
&#xD;
        -  Additional continuation (weeks 73-130): At weeks 73-130 for arms I and II, and at weeks&#xD;
           81-130 for arms III and IV, patients receive oral MTX weekly; oral mercaptopurine daily;&#xD;
           vincristine IV on day 1 every 12 weeks; oral dexamethasone as during intensive&#xD;
           continuation therapy; and IT MTX on day 1 every 12 weeks, beginning with the last week&#xD;
           of the first course (in place of oral MTX).&#xD;
&#xD;
      Patients are followed monthly for 1 year, every 2 months for 1 year, every 3 months for 1&#xD;
      year, every 6 months for 1 year, and then every 6-12 months for 1 year.&#xD;
&#xD;
      PROJECTED ACCRUAL: A total of 1,014 patients will be accrued for this study within 3.22&#xD;
      years.&#xD;
    </textblock>
  </detailed_description>
  <overall_status>Completed</overall_status>
  <start_date>April 2000</start_date>
  <completion_date type="Actual">July 2007</completion_date>
  <primary_completion_date type="Actual">July 2005</primary_completion_date>
  <phase>Phase 3</phase>
  <study_type>Interventional</study_type>
  <has_expanded_access>No</has_expanded_access>
  <study_design_info>
    <allocation>Randomized</allocation>
    <intervention_model>Parallel Assignment</intervention_model>
    <primary_purpose>Treatment</primary_purpose>
    <masking>None (Open Label)</masking>
  </study_design_info>
  <primary_outcome>
    <measure>Improvement in outcome in children receiving multidrug delayed-intensification therapy</measure>
    <time_frame>Up to 4 years</time_frame>
    <description>The overall plan is to accrue for 3.1 years or until all accrual goals have been met, whichever occurs first. Since power is determined by event-rates, lower or higher than expected event rates could lead to an amendment to alter the accrual goal. This consideration will be made independent of arm-specific outcome, in order to eliminate bias</description>
  </primary_outcome>
  <secondary_outcome>
    <measure>Event-free survival, minimal residual disease, and early response</measure>
    <time_frame>5 years</time_frame>
    <description>The test statistic will compare Kaplan-Meier curves. Cox multiple regression will be utilized.</description>
  </secondary_outcome>
  <secondary_outcome>
    <measure>Occurrence of anticipated failures</measure>
    <time_frame>Up to 5 years</time_frame>
    <description>An O'Brien-Fleming analysis will be conducted.</description>
  </secondary_outcome>
  <secondary_outcome>
    <measure>Total grade 3+ central nervous system (CNS) toxicity rates based on the National Cancer Institute Common Toxicity Criteria (NCI CTC) v2.0</measure>
    <time_frame>Up to 5 years</time_frame>
  </secondary_outcome>
  <number_of_arms>4</number_of_arms>
  <enrollment type="Actual">1076</enrollment>
  <condition>Leukemia</condition>
  <arm_group>
    <arm_group_label>Arm I</arm_group_label>
    <arm_group_type>Experimental</arm_group_type>
    <description>Patients receive IT methotrexate on day 1 followed by methotrexate IV over 20 minutes followed by methotrexate continuously over 23.6 hrs on wks 7, 10, 13, 16,19, and 22. At 42 hrs after the beginning of the methotrexate infusion, patients receive oral leucovorin calcium every 6 hrs for a total of 3 doses. Patients also receive oral mercaptopurine daily beginning on wk 5 and continuing until the completion of consolidation therapy; oral dexamethasone twice daily on days 1-7 of wks 8 and 17; and vincristine sulfate IV on day 1 of wks 8, 9, 17, and 18.</description>
  </arm_group>
  <arm_group>
    <arm_group_label>Arm II</arm_group_label>
    <arm_group_type>Experimental</arm_group_type>
    <description>Patients receive methotrexate IV over 4 hours on weeks 7, 10, 13, 16, 19, and 22. At 42 hours after the beginning of the methotrexate infusion, patients receive oral leucovorin calcium as in arm I. Patients also receive mercaptopurine, dexamethasone, vincristine sulfate, and IT methotrexate as in arm I.</description>
  </arm_group>
  <arm_group>
    <arm_group_label>Arm III</arm_group_label>
    <arm_group_type>Experimental</arm_group_type>
    <description>Patients receive methotrexate IV as in arm I on weeks 7, 10, 13, 24, 27, and 30; leucovorin calcium as in arm I; pegaspargase IM on day 2, 3, OR 4 of wk 16; oral mercaptopurine daily on wks 5-13, and from wk 24 until the completion of consolidation therapy. Patients also receive IT methotrexate as in arm I on wks 7, 10, 13, 16, 20, 21, and 30; oral dexamethasone 2x daily on weeks 8, 16-18, and 28 for a total of 35 days; vincristine sulfate IV on day 1 of wks 8, 9, 16, 17, 18, 28, and 29; daunorubicin hydrochloride IV on day 1 of wks 16-18; cyclophosphamide IV over 30 minutes on day 1 of week 20; cytarabine IV or subcutaneously daily on days 2-5 of wks 20 and 21; and oral thioguanine daily on wks 20-21.</description>
  </arm_group>
  <arm_group>
    <arm_group_label>Arm IV</arm_group_label>
    <arm_group_type>Experimental</arm_group_type>
    <description>Patients receive methotrexate IV as in arm II on weeks 7, 10, 13, 24, 27, and 30; leucovorin calcium as in arm I; and pegaspargase, mercaptopurine, IT methotrexate, dexamethasone, vincristine sulfate, daunorubicin hydrochloride, cyclophosphamide, cytarabine, and thioguanine as in arm III.</description>
  </arm_group>
  <intervention>
    <intervention_type>Drug</intervention_type>
    <intervention_name>cyclophosphamide</intervention_name>
    <arm_group_label>Arm III</arm_group_label>
    <arm_group_label>Arm IV</arm_group_label>
  </intervention>
  <intervention>
    <intervention_type>Drug</intervention_type>
    <intervention_name>cytarabine</intervention_name>
    <arm_group_label>Arm III</arm_group_label>
    <arm_group_label>Arm IV</arm_group_label>
  </intervention>
  <intervention>
    <intervention_type>Drug</intervention_type>
    <intervention_name>daunorubicin hydrochloride</intervention_name>
    <description>30 mg/m2 IV Day 1 of weeks 16, 17, and 18. Give Week 16 dose if ANC ≥ 500/μL and platelets ≥ 75,000/μL. Continue to give during Weeks 17 and 18, even in the face of uncomplicated myelosuppression</description>
    <arm_group_label>Arm III</arm_group_label>
    <arm_group_label>Arm IV</arm_group_label>
    <other_name>daunomycin</other_name>
  </intervention>
  <intervention>
    <intervention_type>Drug</intervention_type>
    <intervention_name>dexamethasone</intervention_name>
    <description>6 mg/m2/day divided BID for 7 days during weeks 8 and 17.</description>
    <arm_group_label>Arm I</arm_group_label>
    <arm_group_label>Arm II</arm_group_label>
    <arm_group_label>Arm III</arm_group_label>
    <arm_group_label>Arm IV</arm_group_label>
    <other_name>DEX</other_name>
  </intervention>
  <intervention>
    <intervention_type>Drug</intervention_type>
    <intervention_name>leucovorin calcium</intervention_name>
    <description>5 mg/m2/dose of leucovorin will be given PO q12h x 2 doses beginning 48 hours after the start of the MTX.</description>
    <arm_group_label>Arm I</arm_group_label>
    <arm_group_label>Arm II</arm_group_label>
    <arm_group_label>Arm III</arm_group_label>
    <arm_group_label>Arm IV</arm_group_label>
  </intervention>
  <intervention>
    <intervention_type>Drug</intervention_type>
    <intervention_name>mercaptopurine</intervention_name>
    <description>50 mg/m2 dose po qhs Weeks 5 through 13 (total 9 wks) and from Week 24 until the end of consolidation. Only hold for uncomplicated myelosuppression, only if IV MTX course is delayed, until ANC &gt; 500/μL and platelets &gt; 75,000/uL</description>
    <arm_group_label>Arm I</arm_group_label>
    <arm_group_label>Arm II</arm_group_label>
    <arm_group_label>Arm III</arm_group_label>
    <arm_group_label>Arm IV</arm_group_label>
    <other_name>6-MP</other_name>
  </intervention>
  <intervention>
    <intervention_type>Drug</intervention_type>
    <intervention_name>methotrexate</intervention_name>
    <description>IV: 1 gm/m2 given as a 200 mg/m2 bolus over 20 min followed by 800 mg/m2 over 23.6 hours given during Weeks 7, 10, 13, 16, 19, and 22.&#xD;
IT: Doses by age, Weeks 7, 10, 13, 16, 19 and 22.</description>
    <arm_group_label>Arm I</arm_group_label>
    <arm_group_label>Arm II</arm_group_label>
    <arm_group_label>Arm III</arm_group_label>
    <arm_group_label>Arm IV</arm_group_label>
    <other_name>MTX</other_name>
  </intervention>
  <intervention>
    <intervention_type>Drug</intervention_type>
    <intervention_name>pegaspargase</intervention_name>
    <description>2,500 IU/m2 will be given IM x 1 on Days 2,3,or 4 of Week 16; &gt; or = 1 day after the IT MTX</description>
    <arm_group_label>Arm III</arm_group_label>
    <arm_group_label>Arm IV</arm_group_label>
    <other_name>PEG</other_name>
  </intervention>
  <intervention>
    <intervention_type>Drug</intervention_type>
    <intervention_name>thioguanine</intervention_name>
    <description>60 mg/m2 po qhs during Weeks 20 and 21 (total 14 days). Start week 20 when ANC &gt; or = 500/ul and platelets &gt; or = 75,000/uL. Continue to give all 14 doses despite uncomplicated myelosuppression.</description>
    <arm_group_label>Arm III</arm_group_label>
    <arm_group_label>Arm IV</arm_group_label>
    <other_name>6-TG</other_name>
  </intervention>
  <intervention>
    <intervention_type>Drug</intervention_type>
    <intervention_name>vincristine sulfate</intervention_name>
    <description>1.5 mg/m2 IV on Day 1 of Weeks 8, 9, 17 and 18 (max 2 mg)</description>
    <arm_group_label>Arm I</arm_group_label>
    <arm_group_label>Arm II</arm_group_label>
    <arm_group_label>Arm III</arm_group_label>
    <arm_group_label>Arm IV</arm_group_label>
    <other_name>VCR</other_name>
  </intervention>
  <eligibility>
    <criteria>
      <textblock>
        DISEASE CHARACTERISTICS:&#xD;
&#xD;
          -  Confirmed diagnosis of newly diagnosed B-precursor acute lymphocytic leukemia&#xD;
&#xD;
          -  Standard risk (not low, high, or very high risk)&#xD;
&#xD;
          -  Prior registration and treatment on POG 9900 Classification Study&#xD;
&#xD;
        PATIENT CHARACTERISTICS:&#xD;
&#xD;
        Age:&#xD;
&#xD;
          -  1 to 21 at diagnosis&#xD;
&#xD;
        Performance status:&#xD;
&#xD;
          -  Not specified&#xD;
&#xD;
        Life expectancy:&#xD;
&#xD;
          -  Not specified&#xD;
&#xD;
        Hematopoietic:&#xD;
&#xD;
          -  Not specified&#xD;
&#xD;
        Hepatic:&#xD;
&#xD;
          -  Not specified&#xD;
&#xD;
        Renal:&#xD;
&#xD;
          -  Not specified&#xD;
&#xD;
        Other:&#xD;
&#xD;
          -  Not pregnant or nursing&#xD;
&#xD;
          -  Fertile patients must use effective contraception&#xD;
&#xD;
        PRIOR CONCURRENT THERAPY:&#xD;
&#xD;
        Biologic therapy&#xD;
&#xD;
          -  Not specified&#xD;
&#xD;
        Chemotherapy&#xD;
&#xD;
          -  Not specified&#xD;
&#xD;
        Endocrine therapy&#xD;
&#xD;
          -  Not specified&#xD;
&#xD;
        Radiotherapy&#xD;
&#xD;
          -  Not specified&#xD;
&#xD;
        Surgery&#xD;
&#xD;
          -  Not specified&#xD;
      </textblock>
    </criteria>
    <gender>All</gender>
    <minimum_age>1 Year</minimum_age>
    <maximum_age>21 Years</maximum_age>
    <healthy_volunteers>No</healthy_volunteers>
  </eligibility>
  <overall_official>
    <last_name>Naomi J. Winick, MD</last_name>
    <role>Study Chair</role>
    <affiliation>Simmons Cancer Center</affiliation>
  </overall_official>
  <location>
    <facility>
      <name>Comprehensive Cancer Center at University of Alabama at Birmingham</name>
      <address>
        <city>Birmingham</city>
        <state>Alabama</state>
        <zip>35233</zip>
        <country>United States</country>
      </address>
    </facility>
  </location>
  <location>
    <facility>
      <name>University of South Alabama Cancer Research Institute</name>
      <address>
        <city>Mobile</city>
        <state>Alabama</state>
        <zip>36604</zip>
        <country>United States</country>
      </address>
    </facility>
  </location>
  <location>
    <facility>
      <name>Arizona Cancer Center at University of Arizona Health Sciences Center</name>
      <address>
        <city>Tucson</city>
        <state>Arizona</state>
        <zip>85724</zip>
        <country>United States</country>
      </address>
    </facility>
  </location>
  <location>
    <facility>
      <name>Arkansas Cancer Research Center at University of Arkansas for Medical Sciences</name>
      <address>
        <city>Little Rock</city>
        <state>Arkansas</state>
        <zip>72205</zip>
        <country>United States</country>
      </address>
    </facility>
  </location>
  <location>
    <facility>
      <name>Rebecca and John Moores UCSD Cancer Center</name>
      <address>
        <city>La Jolla</city>
        <state>California</state>
        <zip>92093-0658</zip>
        <country>United States</country>
      </address>
    </facility>
  </location>
  <location>
    <facility>
      <name>Stanford Cancer Center at Stanford University Medical Center</name>
      <address>
        <city>Palo Alto</city>
        <state>California</state>
        <zip>94304-1812</zip>
        <country>United States</country>
      </address>
    </facility>
  </location>
  <location>
    <facility>
      <name>Sutter Cancer Center</name>
      <address>
        <city>Sacramento</city>
        <state>California</state>
        <zip>95816</zip>
        <country>United States</country>
      </address>
    </facility>
  </location>
  <location>
    <facility>
      <name>University of California Davis Cancer Center</name>
      <address>
        <city>Sacramento</city>
        <state>California</state>
        <zip>95817</zip>
        <country>United States</country>
      </address>
    </facility>
  </location>
  <location>
    <facility>
      <name>Kaiser Permanente Medical Center/Kaiser Foundation Hospital - San Diego</name>
      <address>
        <city>San Diego</city>
        <state>California</state>
        <zip>92120</zip>
        <country>United States</country>
      </address>
    </facility>
  </location>
  <location>
    <facility>
      <name>Children's Hospital and Health Center, San Diego</name>
      <address>
        <city>San Diego</city>
        <state>California</state>
        <zip>92123-4282</zip>
        <country>United States</country>
      </address>
    </facility>
  </location>
  <location>
    <facility>
      <name>Kaiser Permanente Medical Center - Santa Clara</name>
      <address>
        <city>Santa Clara</city>
        <state>California</state>
        <zip>95051-5386</zip>
        <country>United States</country>
      </address>
    </facility>
  </location>
  <location>
    <facility>
      <name>Yale Comprehensive Cancer Center</name>
      <address>
        <city>New Haven</city>
        <state>Connecticut</state>
        <zip>06520-8064</zip>
        <country>United States</country>
      </address>
    </facility>
  </location>
  <location>
    <facility>
      <name>Broward General Medical Center</name>
      <address>
        <city>Fort Lauderdale</city>
        <state>Florida</state>
        <zip>33316</zip>
        <country>United States</country>
      </address>
    </facility>
  </location>
  <location>
    <facility>
      <name>Children's Hospital of Southwest Florida</name>
      <address>
        <city>Fort Myers</city>
        <state>Florida</state>
        <zip>33908</zip>
        <country>United States</country>
      </address>
    </facility>
  </location>
  <location>
    <facility>
      <name>University of Florida Shands Cancer Center</name>
      <address>
        <city>Gainesville</city>
        <state>Florida</state>
        <zip>32610-0296</zip>
        <country>United States</country>
      </address>
    </facility>
  </location>
  <location>
    <facility>
      <name>Joe DiMaggio Children's Hospital at Memorial</name>
      <address>
        <city>Hollywood</city>
        <state>Florida</state>
        <zip>33021</zip>
        <country>United States</country>
      </address>
    </facility>
  </location>
  <location>
    <facility>
      <name>Nemours Children's Clinic</name>
      <address>
        <city>Jacksonville</city>
        <state>Florida</state>
        <zip>32207</zip>
        <country>United States</country>
      </address>
    </facility>
  </location>
  <location>
    <facility>
      <name>University of Miami Sylvester Comprehensive Cancer Center</name>
      <address>
        <city>Miami</city>
        <state>Florida</state>
        <zip>30101</zip>
        <country>United States</country>
      </address>
    </facility>
  </location>
  <location>
    <facility>
      <name>Miami Children's Hospital</name>
      <address>
        <city>Miami</city>
        <state>Florida</state>
        <zip>33155</zip>
        <country>United States</country>
      </address>
    </facility>
  </location>
  <location>
    <facility>
      <name>Baptist-South Miami Regional Cancer Program</name>
      <address>
        <city>Miami</city>
        <state>Florida</state>
        <zip>33176-2197</zip>
        <country>United States</country>
      </address>
    </facility>
  </location>
  <location>
    <facility>
      <name>Florida Hospital Cancer Institute</name>
      <address>
        <city>Orlando</city>
        <state>Florida</state>
        <zip>32804</zip>
        <country>United States</country>
      </address>
    </facility>
  </location>
  <location>
    <facility>
      <name>Nemours Children's Clinic-Orlando</name>
      <address>
        <city>Orlando</city>
        <state>Florida</state>
        <zip>32806</zip>
        <country>United States</country>
      </address>
    </facility>
  </location>
  <location>
    <facility>
      <name>Sacred Heart Children's Hospital</name>
      <address>
        <city>Pensacola</city>
        <state>Florida</state>
        <zip>32504</zip>
        <country>United States</country>
      </address>
    </facility>
  </location>
  <location>
    <facility>
      <name>All Children's Hospital</name>
      <address>
        <city>St. Petersburg</city>
        <state>Florida</state>
        <zip>33701</zip>
        <country>United States</country>
      </address>
    </facility>
  </location>
  <location>
    <facility>
      <name>St. Joseph's Children's Hospital</name>
      <address>
        <city>Tampa</city>
        <state>Florida</state>
        <zip>33677-4227</zip>
        <country>United States</country>
      </address>
    </facility>
  </location>
  <location>
    <facility>
      <name>Kaplan Cancer Center at St. Mary's Medical Center</name>
      <address>
        <city>West Palm Beach</city>
        <state>Florida</state>
        <zip>33407</zip>
        <country>United States</country>
      </address>
    </facility>
  </location>
  <location>
    <facility>
      <name>AFLAC Cancer Center and Blood Disorders Service of Children's Healthcare of Atlanta - Scottish Rite Campus</name>
      <address>
        <city>Atlanta</city>
        <state>Georgia</state>
        <zip>30342</zip>
        <country>United States</country>
      </address>
    </facility>
  </location>
  <location>
    <facility>
      <name>MBCCOP-Medical College of Georgia Cancer Center</name>
      <address>
        <city>Augusta</city>
        <state>Georgia</state>
        <zip>30912-4000</zip>
        <country>United States</country>
      </address>
    </facility>
  </location>
  <location>
    <facility>
      <name>Cancer Research Center of Hawaii</name>
      <address>
        <city>Honolulu</city>
        <state>Hawaii</state>
        <zip>96813</zip>
        <country>United States</country>
      </address>
    </facility>
  </location>
  <location>
    <facility>
      <name>Tripler Army Medical Center</name>
      <address>
        <city>Honolulu</city>
        <state>Hawaii</state>
        <zip>96859-5000</zip>
        <country>United States</country>
      </address>
    </facility>
  </location>
  <location>
    <facility>
      <name>Rush University Medical Center</name>
      <address>
        <city>Chicago</city>
        <state>Illinois</state>
        <zip>60612</zip>
        <country>United States</country>
      </address>
    </facility>
  </location>
  <location>
    <facility>
      <name>Children's Memorial Hospital - Chicago</name>
      <address>
        <city>Chicago</city>
        <state>Illinois</state>
        <zip>60614</zip>
        <country>United States</country>
      </address>
    </facility>
  </location>
  <location>
    <facility>
      <name>Advocate Hope Children's Hospital</name>
      <address>
        <city>Oak Lawn</city>
        <state>Illinois</state>
        <zip>60453</zip>
        <country>United States</country>
      </address>
    </facility>
  </location>
  <location>
    <facility>
      <name>Saint Jude Midwest Affiliate</name>
      <address>
        <city>Peoria</city>
        <state>Illinois</state>
        <zip>61637</zip>
        <country>United States</country>
      </address>
    </facility>
  </location>
  <location>
    <facility>
      <name>Kansas Masonic Cancer Research Institute at the University of Kansas Medical Center</name>
      <address>
        <city>Kansas City</city>
        <state>Kansas</state>
        <zip>66160-7357</zip>
        <country>United States</country>
      </address>
    </facility>
  </location>
  <location>
    <facility>
      <name>CCOP - Wichita</name>
      <address>
        <city>Wichita</city>
        <state>Kansas</state>
        <zip>67214-3882</zip>
        <country>United States</country>
      </address>
    </facility>
  </location>
  <location>
    <facility>
      <name>Via Christi Cancer Center at Via Christi Regional Medical Center</name>
      <address>
        <city>Wichita</city>
        <state>Kansas</state>
        <zip>67214</zip>
        <country>United States</country>
      </address>
    </facility>
  </location>
  <location>
    <facility>
      <name>Wesley Medical Center</name>
      <address>
        <city>Wichita</city>
        <state>Kansas</state>
        <zip>67214</zip>
        <country>United States</country>
      </address>
    </facility>
  </location>
  <location>
    <facility>
      <name>MBCCOP - LSU Health Sciences Center</name>
      <address>
        <city>New Orleans</city>
        <state>Louisiana</state>
        <zip>70112</zip>
        <country>United States</country>
      </address>
    </facility>
  </location>
  <location>
    <facility>
      <name>Tulane Cancer Center at Tulane University Hospital and Clinic</name>
      <address>
        <city>New Orleans</city>
        <state>Louisiana</state>
        <zip>70112</zip>
        <country>United States</country>
      </address>
    </facility>
  </location>
  <location>
    <facility>
      <name>Children's Hospital of New Orleans</name>
      <address>
        <city>New Orleans</city>
        <state>Louisiana</state>
        <zip>70118</zip>
        <country>United States</country>
      </address>
    </facility>
  </location>
  <location>
    <facility>
      <name>Ochsner Cancer Institute at Ochsner Clinic Foundation</name>
      <address>
        <city>New Orleans</city>
        <state>Louisiana</state>
        <zip>70121</zip>
        <country>United States</country>
      </address>
    </facility>
  </location>
  <location>
    <facility>
      <name>Pediatric Specialty Clinic at Eastern Maine Medical Center</name>
      <address>
        <city>Bangor</city>
        <state>Maine</state>
        <zip>04401</zip>
        <country>United States</country>
      </address>
    </facility>
  </location>
  <location>
    <facility>
      <name>Maine Children's Cancer Program</name>
      <address>
        <city>Scarborough</city>
        <state>Maine</state>
        <zip>04074-9308</zip>
        <country>United States</country>
      </address>
    </facility>
  </location>
  <location>
    <facility>
      <name>Greenebaum Cancer Center at University of Maryland Medical Center</name>
      <address>
        <city>Baltimore</city>
        <state>Maryland</state>
        <zip>21201-1595</zip>
        <country>United States</country>
      </address>
    </facility>
  </location>
  <location>
    <facility>
      <name>Sidney Kimmel Comprehensive Cancer Center at Johns Hopkins</name>
      <address>
        <city>Baltimore</city>
        <state>Maryland</state>
        <zip>21231-2410</zip>
        <country>United States</country>
      </address>
    </facility>
  </location>
  <location>
    <facility>
      <name>Walter Reed Army Medical Center</name>
      <address>
        <city>Silver Spring</city>
        <state>Maryland</state>
        <zip>20910</zip>
        <country>United States</country>
      </address>
    </facility>
  </location>
  <location>
    <facility>
      <name>Floating Hospital for Children</name>
      <address>
        <city>Boston</city>
        <state>Massachusetts</state>
        <zip>02111</zip>
        <country>United States</country>
      </address>
    </facility>
  </location>
  <location>
    <facility>
      <name>Massachusetts General Hospital Cancer Center</name>
      <address>
        <city>Boston</city>
        <state>Massachusetts</state>
        <zip>02114-2696</zip>
        <country>United States</country>
      </address>
    </facility>
  </location>
  <location>
    <facility>
      <name>Dana-Farber/Harvard Cancer Center at Dana Farber Cancer Institute</name>
      <address>
        <city>Boston</city>
        <state>Massachusetts</state>
        <zip>02115</zip>
        <country>United States</country>
      </address>
    </facility>
  </location>
  <location>
    <facility>
      <name>UMASS Memorial Cancer Center - University Campus</name>
      <address>
        <city>Worcester</city>
        <state>Massachusetts</state>
        <zip>01655</zip>
        <country>United States</country>
      </address>
    </facility>
  </location>
  <location>
    <facility>
      <name>Children's Hospital of Michigan</name>
      <address>
        <city>Detroit</city>
        <state>Michigan</state>
        <zip>48201</zip>
        <country>United States</country>
      </address>
    </facility>
  </location>
  <location>
    <facility>
      <name>Van Elslander Cancer Center at St. John Hospital and Medical Center</name>
      <address>
        <city>Detroit</city>
        <state>Michigan</state>
        <zip>48236</zip>
        <country>United States</country>
      </address>
    </facility>
  </location>
  <location>
    <facility>
      <name>Hurley Medical Center</name>
      <address>
        <city>Flint</city>
        <state>Michigan</state>
        <zip>48503</zip>
        <country>United States</country>
      </address>
    </facility>
  </location>
  <location>
    <facility>
      <name>University of Mississippi Medical Center</name>
      <address>
        <city>Jackson</city>
        <state>Mississippi</state>
        <zip>39216-4505</zip>
        <country>United States</country>
      </address>
    </facility>
  </location>
  <location>
    <facility>
      <name>Keesler Medical Center - Keesler Air Force Base</name>
      <address>
        <city>Keesler AFB</city>
        <state>Mississippi</state>
        <zip>39534-2511</zip>
        <country>United States</country>
      </address>
    </facility>
  </location>
  <location>
    <facility>
      <name>University of Missouri - Columbia</name>
      <address>
        <city>Columbia</city>
        <state>Missouri</state>
        <zip>65203</zip>
        <country>United States</country>
      </address>
    </facility>
  </location>
  <location>
    <facility>
      <name>Cardinal Glennon Children's Hospital</name>
      <address>
        <city>Saint Louis</city>
        <state>Missouri</state>
        <zip>63104</zip>
        <country>United States</country>
      </address>
    </facility>
  </location>
  <location>
    <facility>
      <name>St. Louis Children's Hospital</name>
      <address>
        <city>Saint Louis</city>
        <state>Missouri</state>
        <zip>63110</zip>
        <country>United States</country>
      </address>
    </facility>
  </location>
  <location>
    <facility>
      <name>Norris Cotton Cancer Center at Dartmouth-Hitchcock Medical Center</name>
      <address>
        <city>Lebanon</city>
        <state>New Hampshire</state>
        <zip>03756</zip>
        <country>United States</country>
      </address>
    </facility>
  </location>
  <location>
    <facility>
      <name>Cancer Center at Hackensack University Medical Center</name>
      <address>
        <city>Hackensack</city>
        <state>New Jersey</state>
        <zip>07601</zip>
        <country>United States</country>
      </address>
    </facility>
  </location>
  <location>
    <facility>
      <name>University of New Mexico Cancer Research and Treatment Center</name>
      <address>
        <city>Albuquerque</city>
        <state>New Mexico</state>
        <zip>87131</zip>
        <country>United States</country>
      </address>
    </facility>
  </location>
  <location>
    <facility>
      <name>Roswell Park Cancer Institute</name>
      <address>
        <city>Buffalo</city>
        <state>New York</state>
        <zip>14263-0001</zip>
        <country>United States</country>
      </address>
    </facility>
  </location>
  <location>
    <facility>
      <name>Schneider Children's Hospital</name>
      <address>
        <city>New Hyde Park</city>
        <state>New York</state>
        <zip>11042</zip>
        <country>United States</country>
      </address>
    </facility>
  </location>
  <location>
    <facility>
      <name>Mount Sinai Medical Center</name>
      <address>
        <city>New York</city>
        <state>New York</state>
        <zip>10029</zip>
        <country>United States</country>
      </address>
    </facility>
  </location>
  <location>
    <facility>
      <name>Beth Israel Medical Center - Singer Division</name>
      <address>
        <city>New York</city>
        <state>New York</state>
        <zip>10128</zip>
        <country>United States</country>
      </address>
    </facility>
  </location>
  <location>
    <facility>
      <name>James P. Wilmot Cancer Center at University of Rochester Medical Center</name>
      <address>
        <city>Rochester</city>
        <state>New York</state>
        <zip>14642</zip>
        <country>United States</country>
      </address>
    </facility>
  </location>
  <location>
    <facility>
      <name>Long Island Cancer Center at Stony Brook University Hospital</name>
      <address>
        <city>Stony Brook</city>
        <state>New York</state>
        <zip>11794</zip>
        <country>United States</country>
      </address>
    </facility>
  </location>
  <location>
    <facility>
      <name>SUNY Upstate Medical University Hospital</name>
      <address>
        <city>Syracuse</city>
        <state>New York</state>
        <zip>13210</zip>
        <country>United States</country>
      </address>
    </facility>
  </location>
  <location>
    <facility>
      <name>Mission Hospitals - Memorial Campus</name>
      <address>
        <city>Asheville</city>
        <state>North Carolina</state>
        <zip>28801</zip>
        <country>United States</country>
      </address>
    </facility>
  </location>
  <location>
    <facility>
      <name>Blumenthal Cancer Center at Carolinas Medical Center</name>
      <address>
        <city>Charlotte</city>
        <state>North Carolina</state>
        <zip>28232-2861</zip>
        <country>United States</country>
      </address>
    </facility>
  </location>
  <location>
    <facility>
      <name>Presbyterian Cancer Center at Presbyterian Hospital</name>
      <address>
        <city>Charlotte</city>
        <state>North Carolina</state>
        <zip>28233</zip>
        <country>United States</country>
      </address>
    </facility>
  </location>
  <location>
    <facility>
      <name>Duke Comprehensive Cancer Center</name>
      <address>
        <city>Durham</city>
        <state>North Carolina</state>
        <zip>27710</zip>
        <country>United States</country>
      </address>
    </facility>
  </location>
  <location>
    <facility>
      <name>Leo W. Jenkins Cancer Center at Pitt County Memorial Hospital</name>
      <address>
        <city>Greenville</city>
        <state>North Carolina</state>
        <zip>27858-4354</zip>
        <country>United States</country>
      </address>
    </facility>
  </location>
  <location>
    <facility>
      <name>Comprehensive Cancer Center at Wake Forest University</name>
      <address>
        <city>Winston-Salem</city>
        <state>North Carolina</state>
        <zip>27157-1081</zip>
        <country>United States</country>
      </address>
    </facility>
  </location>
  <location>
    <facility>
      <name>Oklahoma University Medical Center</name>
      <address>
        <city>Oklahoma City</city>
        <state>Oklahoma</state>
        <zip>73104</zip>
        <country>United States</country>
      </address>
    </facility>
  </location>
  <location>
    <facility>
      <name>Natalie Warren Bryant Cancer Center at St. Francis Hospital</name>
      <address>
        <city>Tulsa</city>
        <state>Oklahoma</state>
        <zip>74136</zip>
        <country>United States</country>
      </address>
    </facility>
  </location>
  <location>
    <facility>
      <name>CCOP - Columbia River Oncology Program</name>
      <address>
        <city>Portland</city>
        <state>Oregon</state>
        <zip>97225</zip>
        <country>United States</country>
      </address>
    </facility>
  </location>
  <location>
    <facility>
      <name>Legacy Emanuel Hospital and Health Center &amp; Children's Hospital</name>
      <address>
        <city>Portland</city>
        <state>Oregon</state>
        <zip>97227</zip>
        <country>United States</country>
      </address>
    </facility>
  </location>
  <location>
    <facility>
      <name>St. Christopher's Hospital for Children</name>
      <address>
        <city>Philadelphia</city>
        <state>Pennsylvania</state>
        <zip>19134-1095</zip>
        <country>United States</country>
      </address>
    </facility>
  </location>
  <location>
    <facility>
      <name>Rhode Island Hospital</name>
      <address>
        <city>Providence</city>
        <state>Rhode Island</state>
        <zip>02903</zip>
        <country>United States</country>
      </address>
    </facility>
  </location>
  <location>
    <facility>
      <name>Hollings Cancer Center at Medical University of South Carolina</name>
      <address>
        <city>Charleston</city>
        <state>South Carolina</state>
        <zip>29425-0721</zip>
        <country>United States</country>
      </address>
    </facility>
  </location>
  <location>
    <facility>
      <name>Children's Hospital of Greenville Hospital System</name>
      <address>
        <city>Greenville</city>
        <state>South Carolina</state>
        <zip>29605</zip>
        <country>United States</country>
      </address>
    </facility>
  </location>
  <location>
    <facility>
      <name>East Tennessee State University Cancer Center at Johnson City Medical Center</name>
      <address>
        <city>Johnson City</city>
        <state>Tennessee</state>
        <zip>37614-0622</zip>
        <country>United States</country>
      </address>
    </facility>
  </location>
  <location>
    <facility>
      <name>St. Jude Children's Research Hospital</name>
      <address>
        <city>Memphis</city>
        <state>Tennessee</state>
        <zip>38105</zip>
        <country>United States</country>
      </address>
    </facility>
  </location>
  <location>
    <facility>
      <name>Driscoll Children's Hospital</name>
      <address>
        <city>Corpus Christi</city>
        <state>Texas</state>
        <zip>78466</zip>
        <country>United States</country>
      </address>
    </facility>
  </location>
  <location>
    <facility>
      <name>Medical City Dallas Hospital</name>
      <address>
        <city>Dallas</city>
        <state>Texas</state>
        <zip>75230</zip>
        <country>United States</country>
      </address>
    </facility>
  </location>
  <location>
    <facility>
      <name>Simmons Cancer Center at University of Texas Southwestern Medical Center - Dallas</name>
      <address>
        <city>Dallas</city>
        <state>Texas</state>
        <zip>75390-9063</zip>
        <country>United States</country>
      </address>
    </facility>
  </location>
  <location>
    <facility>
      <name>Cook Children's Medical Center - Fort Worth</name>
      <address>
        <city>Fort Worth</city>
        <state>Texas</state>
        <zip>76104</zip>
        <country>United States</country>
      </address>
    </facility>
  </location>
  <location>
    <facility>
      <name>University of Texas Medical Branch</name>
      <address>
        <city>Galveston</city>
        <state>Texas</state>
        <zip>77555-0209</zip>
        <country>United States</country>
      </address>
    </facility>
  </location>
  <location>
    <facility>
      <name>Texas Children's Cancer Center and Hematology Service at Texas Children's Hospital</name>
      <address>
        <city>Houston</city>
        <state>Texas</state>
        <zip>77030-2399</zip>
        <country>United States</country>
      </address>
    </facility>
  </location>
  <location>
    <facility>
      <name>San Antonio Military Pediatric Cancer and Blood Disorders Center</name>
      <address>
        <city>Lackland Air Force Base</city>
        <state>Texas</state>
        <zip>78236</zip>
        <country>United States</country>
      </address>
    </facility>
  </location>
  <location>
    <facility>
      <name>University of Texas Health Science Center at San Antonio</name>
      <address>
        <city>San Antonio</city>
        <state>Texas</state>
        <zip>78207</zip>
        <country>United States</country>
      </address>
    </facility>
  </location>
  <location>
    <facility>
      <name>MBCCOP - South Texas Pediatrics</name>
      <address>
        <city>San Antonio</city>
        <state>Texas</state>
        <zip>78229-3900</zip>
        <country>United States</country>
      </address>
    </facility>
  </location>
  <location>
    <facility>
      <name>CCOP - Scott and White Hospital</name>
      <address>
        <city>Temple</city>
        <state>Texas</state>
        <zip>76508</zip>
        <country>United States</country>
      </address>
    </facility>
  </location>
  <location>
    <facility>
      <name>Center for Cancer Prevention and Care at Scott and White Clinic</name>
      <address>
        <city>Temple</city>
        <state>Texas</state>
        <zip>76508</zip>
        <country>United States</country>
      </address>
    </facility>
  </location>
  <location>
    <facility>
      <name>Vermont Cancer Center at University of Vermont</name>
      <address>
        <city>Burlington</city>
        <state>Vermont</state>
        <zip>05401-3498</zip>
        <country>United States</country>
      </address>
    </facility>
  </location>
  <location>
    <facility>
      <name>Cancer Center at the University of Virginia</name>
      <address>
        <city>Charlottesville</city>
        <state>Virginia</state>
        <zip>22908</zip>
        <country>United States</country>
      </address>
    </facility>
  </location>
  <location>
    <facility>
      <name>INOVA Fairfax Hospital</name>
      <address>
        <city>Falls Church</city>
        <state>Virginia</state>
        <zip>22042-3300</zip>
        <country>United States</country>
      </address>
    </facility>
  </location>
  <location>
    <facility>
      <name>Naval Medical Center - Portsmouth</name>
      <address>
        <city>Portsmouth</city>
        <state>Virginia</state>
        <zip>23708-5100</zip>
        <country>United States</country>
      </address>
    </facility>
  </location>
  <location>
    <facility>
      <name>Massey Cancer Center at Virginia Commonwealth University</name>
      <address>
        <city>Richmond</city>
        <state>Virginia</state>
        <zip>23298-0212</zip>
        <country>United States</country>
      </address>
    </facility>
  </location>
  <location>
    <facility>
      <name>Carilion Medical Center for Children at Roanoke Community Hospital</name>
      <address>
        <city>Roanoke</city>
        <state>Virginia</state>
        <zip>24029</zip>
        <country>United States</country>
      </address>
    </facility>
  </location>
  <location>
    <facility>
      <name>Madigan Army Medical Center</name>
      <address>
        <city>Tacoma</city>
        <state>Washington</state>
        <zip>98431-0001</zip>
        <country>United States</country>
      </address>
    </facility>
  </location>
  <location>
    <facility>
      <name>West Virginia University - Robert C. Byrd Health Sciences Center - Charleston Division</name>
      <address>
        <city>Charleston</city>
        <state>West Virginia</state>
        <zip>25302</zip>
        <country>United States</country>
      </address>
    </facility>
  </location>
  <location>
    <facility>
      <name>Mary Babb Randolph Cancer Center at West Virginia University Hospitals</name>
      <address>
        <city>Morgantown</city>
        <state>West Virginia</state>
        <zip>26506-9300</zip>
        <country>United States</country>
      </address>
    </facility>
  </location>
  <location>
    <facility>
      <name>St. Vincent Hospital</name>
      <address>
        <city>Green Bay</city>
        <state>Wisconsin</state>
        <zip>54307-9070</zip>
        <country>United States</country>
      </address>
    </facility>
  </location>
  <location>
    <facility>
      <name>CCOP - Marshfield Clinic Research Foundation</name>
      <address>
        <city>Marshfield</city>
        <state>Wisconsin</state>
        <zip>54449</zip>
        <country>United States</country>
      </address>
    </facility>
  </location>
  <location>
    <facility>
      <name>Midwest Children's Cancer Center</name>
      <address>
        <city>Milwaukee</city>
        <state>Wisconsin</state>
        <zip>53226</zip>
        <country>United States</country>
      </address>
    </facility>
  </location>
  <location>
    <facility>
      <name>Children's Hospital at Westmead</name>
      <address>
        <city>Westmead</city>
        <state>New South Wales</state>
        <zip>2145</zip>
        <country>Australia</country>
      </address>
    </facility>
  </location>
  <location>
    <facility>
      <name>Royal Children's Hospital</name>
      <address>
        <city>Brisbane</city>
        <state>Queensland</state>
        <zip>4029</zip>
        <country>Australia</country>
      </address>
    </facility>
  </location>
  <location>
    <facility>
      <name>Royal Children's Hospital</name>
      <address>
        <city>Parkville</city>
        <state>Victoria</state>
        <zip>3052</zip>
        <country>Australia</country>
      </address>
    </facility>
  </location>
  <location>
    <facility>
      <name>Alberta Children's Hospital</name>
      <address>
        <city>Calgary</city>
        <state>Alberta</state>
        <zip>T2T 5C7</zip>
        <country>Canada</country>
      </address>
    </facility>
  </location>
  <location>
    <facility>
      <name>Cross Cancer Institute</name>
      <address>
        <city>Edmonton</city>
        <state>Alberta</state>
        <zip>T6G 1Z2</zip>
        <country>Canada</country>
      </address>
    </facility>
  </location>
  <location>
    <facility>
      <name>McMaster Children's Hospital at Hamilton Health Sciences</name>
      <address>
        <city>Hamilton</city>
        <state>Ontario</state>
        <zip>L8S 4J9</zip>
        <country>Canada</country>
      </address>
    </facility>
  </location>
  <location>
    <facility>
      <name>Children's Hospital of Eastern Ontario</name>
      <address>
        <city>Ottawa</city>
        <state>Ontario</state>
        <zip>K1H 8L1</zip>
        <country>Canada</country>
      </address>
    </facility>
  </location>
  <location>
    <facility>
      <name>Hospital for Sick Children</name>
      <address>
        <city>Toronto</city>
        <state>Ontario</state>
        <zip>M5G 1X8</zip>
        <country>Canada</country>
      </address>
    </facility>
  </location>
  <location>
    <facility>
      <name>Montreal Children's Hospital at McGill University Health Center</name>
      <address>
        <city>Montreal</city>
        <state>Quebec</state>
        <zip>H3G 1A4</zip>
        <country>Canada</country>
      </address>
    </facility>
  </location>
  <location>
    <facility>
      <name>Hopital Sainte Justine</name>
      <address>
        <city>Montreal</city>
        <state>Quebec</state>
        <zip>H3T 1C5</zip>
        <country>Canada</country>
      </address>
    </facility>
  </location>
  <location>
    <facility>
      <name>Centre de Recherche du Centre Hospitalier de l'Universite Laval</name>
      <address>
        <city>Sainte Foy</city>
        <state>Quebec</state>
        <zip>GIV 4G2</zip>
        <country>Canada</country>
      </address>
    </facility>
  </location>
  <location>
    <facility>
      <name>University Medical Center Groningen</name>
      <address>
        <city>Groningen</city>
        <zip>9700 RB</zip>
        <country>Netherlands</country>
      </address>
    </facility>
  </location>
  <location>
    <facility>
      <name>San Jorge Children's Hospital</name>
      <address>
        <city>Santurce</city>
        <zip>00912</zip>
        <country>Puerto Rico</country>
      </address>
    </facility>
  </location>
  <location>
    <facility>
      <name>Swiss Pediatric Oncology Group Bern</name>
      <address>
        <city>Bern</city>
        <zip>CH 3010</zip>
        <country>Switzerland</country>
      </address>
    </facility>
  </location>
  <location>
    <facility>
      <name>Swiss Pediatric Oncology Group Geneva</name>
      <address>
        <city>Geneva</city>
        <zip>CH 1211</zip>
        <country>Switzerland</country>
      </address>
    </facility>
  </location>
  <location_countries>
    <country>Australia</country>
    <country>Canada</country>
    <country>Netherlands</country>
    <country>Puerto Rico</country>
    <country>Switzerland</country>
    <country>United States</country>
  </location_countries>
  <reference>
    <citation>Chen IM, Harvey RC, Mullighan CG, Gastier-Foster J, Wharton W, Kang H, Borowitz MJ, Camitta BM, Carroll AJ, Devidas M, Pullen DJ, Payne-Turner D, Tasian SK, Reshmi S, Cottrell CE, Reaman GH, Bowman WP, Carroll WL, Loh ML, Winick NJ, Hunger SP, Willman CL. Outcome modeling with CRLF2, IKZF1, JAK, and minimal residual disease in pediatric acute lymphoblastic leukemia: a Children's Oncology Group study. Blood. 2012 Apr 12;119(15):3512-22. doi: 10.1182/blood-2011-11-394221. Epub 2012 Feb 24.</citation>
    <PMID>22368272</PMID>
  </reference>
  <reference>
    <citation>Rabin KR, Gramatges MM, Borowitz MJ, Palla SL, Shi X, Margolin JF, Zweidler-McKay PA. Absolute lymphocyte counts refine minimal residual disease-based risk stratification in childhood acute lymphoblastic leukemia. Pediatr Blood Cancer. 2012 Sep;59(3):468-74. doi: 10.1002/pbc.23395. Epub 2011 Nov 18.</citation>
    <PMID>22102553</PMID>
  </reference>
  <reference>
    <citation>Xu H, Cheng C, Devidas M, Pei D, Fan Y, Yang W, Neale G, Scheet P, Burchard EG, Torgerson DG, Eng C, Dean M, Antillon F, Winick NJ, Martin PL, Willman CL, Camitta BM, Reaman GH, Carroll WL, Loh M, Evans WE, Pui CH, Hunger SP, Relling MV, Yang JJ. ARID5B genetic polymorphisms contribute to racial disparities in the incidence and treatment outcome of childhood acute lymphoblastic leukemia. J Clin Oncol. 2012 Mar 1;30(7):751-7. doi: 10.1200/JCO.2011.38.0345. Epub 2012 Jan 30.</citation>
    <PMID>22291082</PMID>
  </reference>
  <reference>
    <citation>Borowitz MJ, Devidas M, Hunger SP, et al.: Prognostic signficance of end consolidation minimal residual disease (MRD) in childhood acute lymphoblastic leukemia (ALL): A report from the Children's Oncology Group (COG). [Abstract] J Clin Oncol 26 (Suppl 15): A-10000, 2008.</citation>
  </reference>
  <reference>
    <citation>Borowitz MJ, Devidas M, Hunger SP, Bowman WP, Carroll AJ, Carroll WL, Linda S, Martin PL, Pullen DJ, Viswanatha D, Willman CL, Winick N, Camitta BM; Children's Oncology Group. Clinical significance of minimal residual disease in childhood acute lymphoblastic leukemia and its relationship to other prognostic factors: a Children's Oncology Group study. Blood. 2008 Jun 15;111(12):5477-85. doi: 10.1182/blood-2008-01-132837. Epub 2008 Apr 3.</citation>
    <PMID>18388178</PMID>
  </reference>
  <reference>
    <citation>Davies SM, Borowitz MJ, Rosner GL, Ritz K, Devidas M, Winick N, Martin PL, Bowman P, Elliott J, Willman C, Das S, Cook EH, Relling MV. Pharmacogenetics of minimal residual disease response in children with B-precursor acute lymphoblastic leukemia: a report from the Children's Oncology Group. Blood. 2008 Mar 15;111(6):2984-90. doi: 10.1182/blood-2007-09-114082. Epub 2008 Jan 8.</citation>
    <PMID>18182569</PMID>
  </reference>
  <reference>
    <citation>Hinds PS, Hockenberry MJ, Gattuso JS, Srivastava DK, Tong X, Jones H, West N, McCarthy KS, Sadeh A, Ash M, Fernandez C, Pui CH. Dexamethasone alters sleep and fatigue in pediatric patients with acute lymphoblastic leukemia. Cancer. 2007 Nov 15;110(10):2321-30.</citation>
    <PMID>17926333</PMID>
  </reference>
  <reference>
    <citation>Winick N, Martin PL, Devidas M, et al.: Delayed intensification (DI) enhances event-free survival (EFS) of children with B-precursor acute lymphoblastic leukemia (ALL) who received intensification therapy with six courses of intravenous methotrexate (MTX): POG 9904/9905: a Children's Oncology Group study (COG). [Abstract] Blood 110 (11): A-583, 2007.</citation>
  </reference>
  <results_reference>
    <citation>Chen I, Harvey R, Mullighan CG, et al.: Relationship of CRLF2 expression and outcome in pediatric B-cell precursor acute lymphoblastic leukemia (BCP-ALL): A report from the Children's Oncology Group. [Abstract] J Clin Oncol 29 (Suppl 15): A-9505, 2011.</citation>
  </results_reference>
  <verification_date>May 2016</verification_date>
  <study_first_submitted>May 2, 2000</study_first_submitted>
  <study_first_submitted_qc>January 26, 2003</study_first_submitted_qc>
  <study_first_posted type="Estimate">January 27, 2003</study_first_posted>
  <last_update_submitted>May 11, 2016</last_update_submitted>
  <last_update_submitted_qc>May 11, 2016</last_update_submitted_qc>
  <last_update_posted type="Estimate">May 13, 2016</last_update_posted>
  <responsible_party>
    <responsible_party_type>Sponsor</responsible_party_type>
  </responsible_party>
  <keyword>untreated childhood acute lymphoblastic leukemia</keyword>
  <condition_browse>
    <!-- CAUTION:  The following MeSH terms are assigned with an imperfect algorithm            -->
    <mesh_term>Leukemia</mesh_term>
    <mesh_term>Precursor Cell Lymphoblastic Leukemia-Lymphoma</mesh_term>
    <mesh_term>Leukemia, Lymphoid</mesh_term>
  </condition_browse>
  <intervention_browse>
    <!-- CAUTION:  The following MeSH terms are assigned with an imperfect algorithm            -->
    <mesh_term>Leucovorin</mesh_term>
    <mesh_term>Cytarabine</mesh_term>
    <mesh_term>Dexamethasone</mesh_term>
    <mesh_term>Cyclophosphamide</mesh_term>
    <mesh_term>Methotrexate</mesh_term>
    <mesh_term>Vincristine</mesh_term>
    <mesh_term>Daunorubicin</mesh_term>
    <mesh_term>Mercaptopurine</mesh_term>
    <mesh_term>Thioguanine</mesh_term>
    <mesh_term>Pegaspargase</mesh_term>
    <mesh_term>Levoleucovorin</mesh_term>
  </intervention_browse>
  <!-- Results have not yet been posted for this study                                          -->
</clinical_study>

