<?xml version="1.0" encoding="UTF-8"?>
<clinical_study rank="34">
  <!-- This xml conforms to an XML Schema at:
    https://clinicaltrials.gov/ct2/html/images/info/public.xsd -->
  <required_header>
    <download_date>ClinicalTrials.gov processed this data on May 11, 2021</download_date>
    <link_text>Link to the current ClinicalTrials.gov record.</link_text>
    <url>https://clinicaltrials.gov/show/NCT00006364</url>
  </required_header>
  <id_info>
    <org_study_id>NCI-2012-02360</org_study_id>
    <secondary_id>ID 99-032</secondary_id>
    <secondary_id>N01CM17003</secondary_id>
    <secondary_id>CDR0000068237</secondary_id>
    <nct_id>NCT00006364</nct_id>
  </id_info>
  <brief_title>Homoharringtonine in Treating Patients With Chronic Phase Chronic Myelogenous Leukemia</brief_title>
  <official_title>Phase I and Pilot Study of Subcutaneous Homoharringtonine in Chronic Myelogenous Leukemia</official_title>
  <sponsors>
    <lead_sponsor>
      <agency>National Cancer Institute (NCI)</agency>
      <agency_class>NIH</agency_class>
    </lead_sponsor>
  </sponsors>
  <source>National Cancer Institute (NCI)</source>
  <brief_summary>
    <textblock>
      Phase II trial to study the effectiveness of homoharringtonine in treating patients who have&#xD;
      chronic phase chronic myelogenous leukemia. Drugs used in chemotherapy, such as&#xD;
      homoharringtonine, work in different ways to stop cancer cells from dividing so they stop&#xD;
      growing or die&#xD;
    </textblock>
  </brief_summary>
  <detailed_description>
    <textblock>
      OBJECTIVES:&#xD;
&#xD;
      I. Determine the maximum tolerated dose of homoharringtonine in patients with transformed&#xD;
      phases of chronic myelogenous leukemia (CML). (Phase I completed as of 2/11/2004.) II.&#xD;
      Determine the toxicity profile of this drug in these patients. III. Determine the response&#xD;
      duration in patients with chronic phase CML treated with this drug.&#xD;
&#xD;
      IV. Compare the pharmacokinetics of this drug administered as a continuous infusion vs&#xD;
      subcutaneously in these patients.&#xD;
&#xD;
      OUTLINE: This is a pilot, dose-escalation study. (Phase I completed as of 2/11/2004.)&#xD;
&#xD;
      Remission induction therapy: Patients receive remission induction therapy comprising&#xD;
      homoharringtonine IV continuously over 24 hours on day 1 and then subcutaneously (SC) twice&#xD;
      daily on days 2-14 for course 1. Subsequent courses of remission induction therapy comprise&#xD;
      homoharringtonine SC twice daily on days 1-14. Treatment continues monthly for at least 2&#xD;
      courses.&#xD;
&#xD;
      Maintenance therapy: Patients with complete hematologic remission receive maintenance therapy&#xD;
      comprising homoharringtonine SC twice daily on days 1-7 monthly for 3 years in the absence of&#xD;
      disease progression or unacceptable toxicity.&#xD;
&#xD;
      Cohorts of 3-6 patients receive escalating doses of homoharringtonine until the maximum&#xD;
      tolerated dose (MTD) is determined. The MTD is defined as the dose at which 2 of 6 patients&#xD;
      experience dose-limiting toxicity. An additional cohort of 25-30 patients with chronic phase&#xD;
      chronic myelogenous leukemia receives remission induction and maintenance therapy as above at&#xD;
      the MTD. (Phase I completed as of 2/11/2004.)&#xD;
&#xD;
      Patients are followed every 3 months.&#xD;
&#xD;
      PROJECTED ACCRUAL: A maximum of 50 patients will be accrued for this study.&#xD;
    </textblock>
  </detailed_description>
  <overall_status>Completed</overall_status>
  <start_date>November 1999</start_date>
  <primary_completion_date type="Actual">September 2005</primary_completion_date>
  <phase>Phase 2</phase>
  <study_type>Interventional</study_type>
  <has_expanded_access>No</has_expanded_access>
  <study_design_info>
    <allocation>N/A</allocation>
    <intervention_model>Single Group Assignment</intervention_model>
    <primary_purpose>Treatment</primary_purpose>
    <masking>None (Open Label)</masking>
  </study_design_info>
  <primary_outcome>
    <measure>Maximum-tolerated dose (MTD) of homoharringtonine as assessed by the National Cancer Institute (NCI) Common Terminology Criteria (CTC)</measure>
    <time_frame>14 days</time_frame>
  </primary_outcome>
  <primary_outcome>
    <measure>Complete hematologic remission (CHR) defined as at least 4 weeks of bone marrow (less than 5% blasts) and peripheral blood with WBC &lt; 10 x 10^9/L and no peripheral blasts, promyelocytes, or myelocytes</measure>
    <time_frame>Up to 6 years</time_frame>
    <description>Using a Bayesian approach.</description>
  </primary_outcome>
  <number_of_arms>1</number_of_arms>
  <enrollment type="Actual">50</enrollment>
  <condition>Childhood Chronic Myelogenous Leukemia</condition>
  <condition>Chronic Myelogenous Leukemia, BCR-ABL1 Positive</condition>
  <condition>Chronic Phase Chronic Myelogenous Leukemia</condition>
  <condition>Relapsing Chronic Myelogenous Leukemia</condition>
  <arm_group>
    <arm_group_label>Treatment (omacetaxine mepesuccinate)</arm_group_label>
    <arm_group_type>Experimental</arm_group_type>
    <description>Remission induction therapy: Patients receive remission induction therapy comprising homoharringtonine IV continuously over 24 hours on day 1 and then subcutaneously (SC) twice daily on days 2-14 for course 1. Subsequent courses of remission induction therapy comprise homoharringtonine SC twice daily on days 1-14. Treatment continues monthly for at least 2 courses.&#xD;
Maintenance therapy: Patients with complete hematologic remission receive maintenance therapy comprising homoharringtonine SC twice daily on days 1-7 monthly for 3 years in the absence of disease progression or unacceptable toxicity.</description>
  </arm_group>
  <intervention>
    <intervention_type>Drug</intervention_type>
    <intervention_name>omacetaxine mepesuccinate</intervention_name>
    <description>Given IV or SC</description>
    <arm_group_label>Treatment (omacetaxine mepesuccinate)</arm_group_label>
    <other_name>CGX-635</other_name>
    <other_name>homoharringtonine</other_name>
  </intervention>
  <intervention>
    <intervention_type>Other</intervention_type>
    <intervention_name>pharmacological study</intervention_name>
    <description>Correlative studies</description>
    <arm_group_label>Treatment (omacetaxine mepesuccinate)</arm_group_label>
    <other_name>pharmacological studies</other_name>
  </intervention>
  <intervention>
    <intervention_type>Other</intervention_type>
    <intervention_name>laboratory biomarker analysis</intervention_name>
    <description>Correlative studies</description>
    <arm_group_label>Treatment (omacetaxine mepesuccinate)</arm_group_label>
  </intervention>
  <eligibility>
    <criteria>
      <textblock>
        Inclusion Criteria:&#xD;
&#xD;
          -  Diagnosis of chronic phase chronic myelogenous leukemia (CML), as defined by the&#xD;
             following:&#xD;
&#xD;
               -  Less than 15% blasts in the peripheral blood (PB) or bone marrow (BM)&#xD;
&#xD;
               -  Less than 20% basophils in the PB or BM&#xD;
&#xD;
               -  Platelet count &gt; 100,000/mm^3 (unless related to therapy)&#xD;
&#xD;
               -  Absence of clonal evolution*&#xD;
&#xD;
          -  Philadelphia chromosome- OR BCR/ABL-positive disease by cytogenetics, fluorescence in&#xD;
             situ hybridization, or polymerase chain reaction&#xD;
&#xD;
          -  Failed prior therapy with imatinib mesylate, as defined by any of the following:&#xD;
&#xD;
               -  Failed to achieve or have lost a complete hematologic remission after 3 months of&#xD;
                  therapy&#xD;
&#xD;
               -  Failed to achieve or have lost at least a minimal cytogenetic response after 6&#xD;
                  months of therapy&#xD;
&#xD;
               -  Failed to achieve or have lost a major or complete cytogenetic response after 12&#xD;
                  months of therapy&#xD;
&#xD;
               -  Unable to tolerate imatinib mesylate despite adequate dose adjustment&#xD;
&#xD;
          -  Failed no more than 2 prior treatment regimens (in addition to imatinib mesylate)&#xD;
&#xD;
               -  Treatment with hydroxyurea is not considered one regimen&#xD;
&#xD;
          -  Ineligible for known regimens or protocols of higher efficacy or priority&#xD;
&#xD;
          -  Performance status - Zubrod 0-2&#xD;
&#xD;
          -  At least 2 months&#xD;
&#xD;
          -  Bilirubin no greater than 2.0 mg/dL&#xD;
&#xD;
          -  Creatinine less than 2.0 mg/dL&#xD;
&#xD;
          -  No New York Heart Association class III or IV heart disease&#xD;
&#xD;
          -  Not pregnant or nursing&#xD;
&#xD;
          -  Fertile patients must use effective contraception&#xD;
      </textblock>
    </criteria>
    <gender>All</gender>
    <minimum_age>12 Years</minimum_age>
    <maximum_age>N/A</maximum_age>
    <healthy_volunteers>No</healthy_volunteers>
  </eligibility>
  <overall_official>
    <last_name>Jorge Cortes</last_name>
    <role>Principal Investigator</role>
    <affiliation>M.D. Anderson Cancer Center</affiliation>
  </overall_official>
  <location>
    <facility>
      <name>M D Anderson Cancer Center</name>
      <address>
        <city>Houston</city>
        <state>Texas</state>
        <zip>77030</zip>
        <country>United States</country>
      </address>
    </facility>
  </location>
  <location_countries>
    <country>United States</country>
  </location_countries>
  <verification_date>January 2013</verification_date>
  <study_first_submitted>October 4, 2000</study_first_submitted>
  <study_first_submitted_qc>January 26, 2003</study_first_submitted_qc>
  <study_first_posted type="Estimate">January 27, 2003</study_first_posted>
  <last_update_submitted>January 22, 2013</last_update_submitted>
  <last_update_submitted_qc>January 22, 2013</last_update_submitted_qc>
  <last_update_posted type="Estimate">January 23, 2013</last_update_posted>
  <responsible_party>
    <responsible_party_type>Sponsor</responsible_party_type>
  </responsible_party>
  <condition_browse>
    <!-- CAUTION:  The following MeSH terms are assigned with an imperfect algorithm            -->
    <mesh_term>Leukemia</mesh_term>
    <mesh_term>Leukemia, Myeloid</mesh_term>
    <mesh_term>Leukemia, Myelogenous, Chronic, BCR-ABL Positive</mesh_term>
    <mesh_term>Leukemia, Myeloid, Chronic-Phase</mesh_term>
  </condition_browse>
  <intervention_browse>
    <!-- CAUTION:  The following MeSH terms are assigned with an imperfect algorithm            -->
    <mesh_term>Homoharringtonine</mesh_term>
  </intervention_browse>
  <!-- Results have not yet been posted for this study                                          -->
</clinical_study>

