<?xml version="1.0" encoding="UTF-8"?>
<clinical_study rank="209">
  <!-- This xml conforms to an XML Schema at:
    https://clinicaltrials.gov/ct2/html/images/info/public.xsd -->
  <required_header>
    <download_date>ClinicalTrials.gov processed this data on May 11, 2021</download_date>
    <link_text>Link to the current ClinicalTrials.gov record.</link_text>
    <url>https://clinicaltrials.gov/show/NCT01305200</url>
  </required_header>
  <id_info>
    <org_study_id>ACCL1031</org_study_id>
    <secondary_id>NCI-2011-02635</secondary_id>
    <secondary_id>CDR0000695718</secondary_id>
    <secondary_id>ACCL1031</secondary_id>
    <secondary_id>COG-ACCL1031</secondary_id>
    <secondary_id>ACCL1031</secondary_id>
    <secondary_id>U10CA095861</secondary_id>
    <nct_id>NCT01305200</nct_id>
  </id_info>
  <brief_title>Supersaturated Calcium Phosphate Rinse in Preventing Oral Mucositis in Young Patients Undergoing Autologous or Donor Stem Cell Transplant</brief_title>
  <official_title>A Randomized Double Blinded Trial of Topical Caphosol to Prevent Oral Mucositis in Children Undergoing Hematopoietic Stem Cell Transplantation</official_title>
  <sponsors>
    <lead_sponsor>
      <agency>Children's Oncology Group</agency>
      <agency_class>Other</agency_class>
    </lead_sponsor>
    <collaborator>
      <agency>National Cancer Institute (NCI)</agency>
      <agency_class>NIH</agency_class>
    </collaborator>
  </sponsors>
  <source>Children's Oncology Group</source>
  <oversight_info>
    <has_dmc>Yes</has_dmc>
  </oversight_info>
  <brief_summary>
    <textblock>
      This randomized phase III trial is studying how well Caphosol rinse works in preventing&#xD;
      mucositis in young patients undergoing autologous or donor stem cell transplant.&#xD;
      Supersaturated calcium phosphate (Caphosol) rinse may be able to prevent mucositis, or mouth&#xD;
      sores, in patients undergoing stem cell transplant.&#xD;
    </textblock>
  </brief_summary>
  <detailed_description>
    <textblock>
      PRIMARY OBJECTIVES:&#xD;
&#xD;
      I. To determine if topically administered supersaturated calcium phosphate (Caphosol), rinsed&#xD;
      orally four times daily at the initiation of conditioning for hematopoietic stem cell&#xD;
      transplantation (HSCT), reduces oral mucositis as demonstrated by a decrease in duration of&#xD;
      severe oral mucositis (World Health Organization [WHO] grade 3 or 4), compared to placebo.&#xD;
&#xD;
      SECONDARY OBJECTIVES:&#xD;
&#xD;
      I. To determine whether Caphosol administration, when compared to placebo, reduces oral&#xD;
      mucositis as demonstrated by a decrease in incidence of severe oral mucositis (WHO grade 3 or&#xD;
      4); severity of mucositis according to mouth pain categorical rating scale and Oral Mucositis&#xD;
      Daily Questionnaire (OMDQ); incidence, total dose, and duration of parenteral opioid&#xD;
      analgesic use (morphine equivalents); and incidence and duration of total parenteral&#xD;
      nutrition (TPN) administration.&#xD;
&#xD;
      II. To determine whether Caphosol administration, when compared to placebo, reduces the&#xD;
      incidence of febrile neutropenia and invasive bacterial infections.&#xD;
&#xD;
      III. To validate a new pediatric measure of oral mucositis termed the Children's&#xD;
      International Mucositis Evaluation Scale (ChIMES).&#xD;
&#xD;
      OUTLINE: This is a multicenter study. Patients are stratified according to conditioning&#xD;
      regimen (total-body irradiation (TBI) or melphalan vs neither TBI nor melphalan) and&#xD;
      hematopoietic stem cell transplantation (HSCT) (autologous vs allogeneic). Patients are&#xD;
      randomized to 1 of 2 treatment arms.&#xD;
&#xD;
      ARM I: Patients rinse and gargle with supersaturated calcium phosphate rinse over 1 minute&#xD;
      four* times daily (QID) beginning on the first day (about day -7) of the conditioning&#xD;
      regimen.&#xD;
&#xD;
      ARM II: Patients rinse and gargle with placebo over 1 minute QID* beginning the first day&#xD;
      (about day -7) of the conditioning regimen.&#xD;
&#xD;
      NOTE: * Patients who reach WHO grade 3 or 4 mucositis have the option to request a total of 6&#xD;
      rinses daily.&#xD;
&#xD;
      In both arms, treatment continues until day 20 post-transplantation OR until mucositis&#xD;
      resolves to WHO grade =&lt; 2 for two consecutive days OR on day 12 in patients who do not&#xD;
      experience oral mucositis of at least WHO grade &gt;= 1. Patients are assessed daily by trained&#xD;
      healthcare professionals using the Oral Mucositis Daily Questionnaire (OMDQ), the Pain Rating&#xD;
      Scale, the WHO Mucositis Scale, and the Children's International Mucositis Evaluation Scale&#xD;
      (ChIMES) from day -1 and continuing until day 20. Patients are also observed for the&#xD;
      incidence of total dose and duration of parenteral opioid analgesic use, duration of total&#xD;
      parenteral nutrition (TPN) administration, febrile neutropenia, and invasive bacterial&#xD;
      infections.&#xD;
&#xD;
      After completion of study therapy, patients are followed up for 30 days.&#xD;
    </textblock>
  </detailed_description>
  <overall_status>Completed</overall_status>
  <start_date>March 2011</start_date>
  <completion_date type="Actual">June 30, 2015</completion_date>
  <primary_completion_date type="Actual">June 2015</primary_completion_date>
  <phase>Phase 3</phase>
  <study_type>Interventional</study_type>
  <has_expanded_access>No</has_expanded_access>
  <study_design_info>
    <allocation>Randomized</allocation>
    <intervention_model>Parallel Assignment</intervention_model>
    <primary_purpose>Supportive Care</primary_purpose>
    <masking>Double (Participant, Care Provider)</masking>
  </study_design_info>
  <primary_outcome>
    <measure>Duration of Severe Oral Mucositis (WHO Grade 3 or 4)</measure>
    <time_frame>Day -1 (day prior to stem cell infusion) to Day 20 following transplantation.</time_frame>
    <description>Mean days of severe (WHO Grade 3 or 4) Mucositis.</description>
  </primary_outcome>
  <secondary_outcome>
    <measure>Incidence of Severe Oral Mucositis</measure>
    <time_frame>Day -1 (day prior to stem cell infusion) to Day 20 following transplantation.</time_frame>
    <description>Percentage of patients with Severe Oral Mucositis (WHO Grade 3 or 4) per arm.</description>
  </secondary_outcome>
  <secondary_outcome>
    <measure>Oral Mucositis Daily Questionnaire (OMDQ)</measure>
    <time_frame>Day -1 (day prior to stem cell infusion) to Day 20 following transplantation</time_frame>
    <description>Area under the curve (AUC) of the Oral Mucositis Daily Questionnaire (OMDQ) subscales</description>
  </secondary_outcome>
  <secondary_outcome>
    <measure>Incidence of Parenteral Opioid Analgesic Use (Morphine Equivalents).</measure>
    <time_frame>Day -1 (day prior to stem cell infusion) to Day 20 following transplantation.</time_frame>
    <description>Opioid Administration = yes</description>
  </secondary_outcome>
  <secondary_outcome>
    <measure>Duration of Parenteral Opioid Analgesic Use (Morphine Equivalents).</measure>
    <time_frame>Day -1 (day prior to stem cell infusion) to Day 20 following transplantation.</time_frame>
    <description>Mean days of parenteral opioid analgesic use.</description>
  </secondary_outcome>
  <secondary_outcome>
    <measure>Total Dose of Parenteral Opioid Analgesic Used (Morphine Equivalents).</measure>
    <time_frame>Day -1 (day prior to stem cell infusion) to Day 20 following transplantation.</time_frame>
    <description>Morphine equivalent dose in mg/kg/day</description>
  </secondary_outcome>
  <secondary_outcome>
    <measure>Incidence of Total Parenteral Nutrition (TPN) Administration.</measure>
    <time_frame>Day -1 (day prior to stem cell infusion) to Day 20 following transplantation.</time_frame>
    <description>Total Parenteral Nutrition = yes</description>
  </secondary_outcome>
  <secondary_outcome>
    <measure>Duration of Total Parenteral Nutrition (TPN) Administration.</measure>
    <time_frame>Day -1 (day prior to stem cell infusion) to Day 20 following transplantation.</time_frame>
    <description>Mean days of total parenteral nutrition (TPN) administration.</description>
  </secondary_outcome>
  <secondary_outcome>
    <measure>Incidence of Febrile Neutropenia</measure>
    <time_frame>Day -1 (day prior to stem cell infusion) to Day 20 following transplantation.</time_frame>
    <description>Fever and Neutropenia = yes</description>
  </secondary_outcome>
  <secondary_outcome>
    <measure>Incidence of Invasive Bacterial Infections</measure>
    <time_frame>Day -1 (day prior to stem cell infusion) to Day 20 following transplantation.</time_frame>
    <description>Invasive Bacterial Infection = yes</description>
  </secondary_outcome>
  <secondary_outcome>
    <measure>Severity of Mucositis</measure>
    <time_frame>Day -1 (day prior to stem cell infusion) to Day 20 following transplantation</time_frame>
    <description>Area Under the Curve of Severity of Mucositis. According to mouth pain categorical rating scale ranges 0-10 with higher scores reflecting more severe pain.</description>
  </secondary_outcome>
  <other_outcome>
    <measure>Ancillary Validation Study of ChIMES</measure>
    <time_frame>Day -1 (day prior to stem cell infusion) to Day 20 following transplantation.</time_frame>
  </other_outcome>
  <number_of_arms>2</number_of_arms>
  <enrollment type="Actual">226</enrollment>
  <condition>Childhood Acute Lymphoblastic Leukemia in Remission</condition>
  <condition>Childhood Acute Myeloid Leukemia in Remission</condition>
  <condition>Childhood Chronic Myelogenous Leukemia</condition>
  <condition>Childhood Myelodysplastic Syndromes</condition>
  <condition>Chronic Eosinophilic Leukemia</condition>
  <condition>Chronic Myelomonocytic Leukemia</condition>
  <condition>Chronic Neutrophilic Leukemia</condition>
  <condition>de Novo Myelodysplastic Syndromes</condition>
  <condition>Disseminated Neuroblastoma</condition>
  <condition>Juvenile Myelomonocytic Leukemia</condition>
  <condition>Mucositis</condition>
  <condition>Myelodysplastic/Myeloproliferative Neoplasm, Unclassifiable</condition>
  <condition>Previously Treated Childhood Rhabdomyosarcoma</condition>
  <condition>Previously Treated Myelodysplastic Syndromes</condition>
  <condition>Recurrent Childhood Acute Lymphoblastic Leukemia</condition>
  <condition>Recurrent Childhood Acute Myeloid Leukemia</condition>
  <condition>Recurrent Childhood Large Cell Lymphoma</condition>
  <condition>Recurrent Childhood Lymphoblastic Lymphoma</condition>
  <condition>Recurrent Childhood Rhabdomyosarcoma</condition>
  <condition>Recurrent Childhood Small Noncleaved Cell Lymphoma</condition>
  <condition>Recurrent Malignant Testicular Germ Cell Tumor</condition>
  <condition>Recurrent Wilms Tumor and Other Childhood Kidney Tumors</condition>
  <condition>Recurrent/Refractory Childhood Hodgkin Lymphoma</condition>
  <condition>Relapsing Chronic Myelogenous Leukemia</condition>
  <condition>Secondary Acute Myeloid Leukemia</condition>
  <condition>Secondary Myelodysplastic Syndromes</condition>
  <condition>Unspecified Childhood Solid Tumor, Protocol Specific</condition>
  <arm_group>
    <arm_group_label>Arm I (placebo)</arm_group_label>
    <arm_group_type>Placebo Comparator</arm_group_type>
    <description>Patients rinse and gargle with placebo over 1 minute QID beginning the first day (about day -7) of the conditioning regimen. Treatment continues until day 20 post-transplantation.</description>
  </arm_group>
  <arm_group>
    <arm_group_label>Arm II (supersaturated calcium phosphate rinse)</arm_group_label>
    <arm_group_type>Experimental</arm_group_type>
    <description>Patients rinse and gargle with supersaturated calcium phosphate rinse over 1 minute QID beginning on the first day (about day -7) of the conditioning regimen. Treatment continues until day 20 post-transplantation.</description>
  </arm_group>
  <intervention>
    <intervention_type>Drug</intervention_type>
    <intervention_name>supersaturated calcium phosphate rinse</intervention_name>
    <description>Mouth rinse</description>
    <arm_group_label>Arm II (supersaturated calcium phosphate rinse)</arm_group_label>
    <other_name>Caphosol</other_name>
  </intervention>
  <intervention>
    <intervention_type>Other</intervention_type>
    <intervention_name>placebo</intervention_name>
    <description>Mouth rinse</description>
    <arm_group_label>Arm I (placebo)</arm_group_label>
    <other_name>PLCB</other_name>
  </intervention>
  <intervention>
    <intervention_type>Other</intervention_type>
    <intervention_name>questionnaire administration</intervention_name>
    <description>Ancillary studies</description>
    <arm_group_label>Arm I (placebo)</arm_group_label>
    <arm_group_label>Arm II (supersaturated calcium phosphate rinse)</arm_group_label>
  </intervention>
  <intervention>
    <intervention_type>Procedure</intervention_type>
    <intervention_name>quality-of-life assessment</intervention_name>
    <description>Ancillary studies</description>
    <arm_group_label>Arm I (placebo)</arm_group_label>
    <arm_group_label>Arm II (supersaturated calcium phosphate rinse)</arm_group_label>
    <other_name>quality of life assessment</other_name>
  </intervention>
  <eligibility>
    <criteria>
      <textblock>
        Inclusion Criteria:&#xD;
&#xD;
          -  Patients undergoing myeloablative autologous or allogeneic hematopoietic stem cell&#xD;
             transplantation (HSCT) for any indication&#xD;
&#xD;
          -  One or more of the following donor stem cell sources (autologous or allogeneic):&#xD;
&#xD;
               -  Bone marrow&#xD;
&#xD;
               -  Placental blood (umbilical cord blood)&#xD;
&#xD;
               -  Cytokine-mobilized peripheral blood&#xD;
&#xD;
          -  Patients eligible for allogeneic HSCT must have one of the following types of donor&#xD;
             stem cells:&#xD;
&#xD;
               -  Human leukocyte antigen (HLA)-matched sibling or parent&#xD;
&#xD;
               -  Partially matched family donor (mismatched for a single HLA locus [Class I])&#xD;
&#xD;
               -  Fully matched unrelated marrow or peripheral blood stem cell donor&#xD;
&#xD;
               -  HLA-matched or partially mismatched (at least 4 of 6 match) cord blood (Class I&#xD;
                  or II)&#xD;
&#xD;
          -  Patients expecting to receive any type of myeloablative HSCT conditioning regimen are&#xD;
             eligible&#xD;
&#xD;
               -  No non-myeloablative or reduced-intensity conditioning regimens&#xD;
&#xD;
          -  Eligible patients must not have received palifermin within 30 days prior to enrollment&#xD;
&#xD;
          -  Eligible patients must not have received prior treatment with Caphosol&#xD;
&#xD;
        Exclusion Criteria:&#xD;
&#xD;
          -  Females of childbearing potential must have a negative pregnancy test; patients must&#xD;
             agree to use an effective birth control method; lactating patients must agree not to&#xD;
             nurse a child while on this trial&#xD;
      </textblock>
    </criteria>
    <gender>All</gender>
    <minimum_age>4 Years</minimum_age>
    <maximum_age>21 Years</maximum_age>
    <healthy_volunteers>No</healthy_volunteers>
  </eligibility>
  <overall_official>
    <last_name>Nathaniel Treister, MD</last_name>
    <role>Principal Investigator</role>
    <affiliation>Children's Oncology Group</affiliation>
  </overall_official>
  <location>
    <facility>
      <name>Children's Oncology Group</name>
      <address>
        <city>Arcadia</city>
        <state>California</state>
        <zip>91006-3776</zip>
        <country>United States</country>
      </address>
    </facility>
  </location>
  <location>
    <facility>
      <name>City of Hope</name>
      <address>
        <city>Duarte</city>
        <state>California</state>
        <zip>91010</zip>
        <country>United States</country>
      </address>
    </facility>
  </location>
  <location>
    <facility>
      <name>Children's Hospital and Research Center at Oakland</name>
      <address>
        <city>Oakland</city>
        <state>California</state>
        <zip>94609-1809</zip>
        <country>United States</country>
      </address>
    </facility>
  </location>
  <location>
    <facility>
      <name>Rady Children's Hospital - San Diego</name>
      <address>
        <city>San Diego</city>
        <state>California</state>
        <zip>92123</zip>
        <country>United States</country>
      </address>
    </facility>
  </location>
  <location>
    <facility>
      <name>University of California San Francisco Medical Center-Parnassus</name>
      <address>
        <city>San Francisco</city>
        <state>California</state>
        <zip>94143</zip>
        <country>United States</country>
      </address>
    </facility>
  </location>
  <location>
    <facility>
      <name>Alfred I duPont Hospital for Children</name>
      <address>
        <city>Wilmington</city>
        <state>Delaware</state>
        <zip>19803</zip>
        <country>United States</country>
      </address>
    </facility>
  </location>
  <location>
    <facility>
      <name>Children's National Medical Center</name>
      <address>
        <city>Washington</city>
        <state>District of Columbia</state>
        <zip>20010</zip>
        <country>United States</country>
      </address>
    </facility>
  </location>
  <location>
    <facility>
      <name>Miami Children's Hospital</name>
      <address>
        <city>Miami</city>
        <state>Florida</state>
        <zip>33155</zip>
        <country>United States</country>
      </address>
    </facility>
  </location>
  <location>
    <facility>
      <name>All Children's Hospital</name>
      <address>
        <city>Saint Petersburg</city>
        <state>Florida</state>
        <zip>33701</zip>
        <country>United States</country>
      </address>
    </facility>
  </location>
  <location>
    <facility>
      <name>Children's Healthcare of Atlanta - Egleston</name>
      <address>
        <city>Atlanta</city>
        <state>Georgia</state>
        <zip>30322</zip>
        <country>United States</country>
      </address>
    </facility>
  </location>
  <location>
    <facility>
      <name>Lurie Children's Hospital-Chicago</name>
      <address>
        <city>Chicago</city>
        <state>Illinois</state>
        <zip>60614</zip>
        <country>United States</country>
      </address>
    </facility>
  </location>
  <location>
    <facility>
      <name>University of Chicago</name>
      <address>
        <city>Chicago</city>
        <state>Illinois</state>
        <zip>60637</zip>
        <country>United States</country>
      </address>
    </facility>
  </location>
  <location>
    <facility>
      <name>Riley Hospital for Children</name>
      <address>
        <city>Indianapolis</city>
        <state>Indiana</state>
        <zip>46202</zip>
        <country>United States</country>
      </address>
    </facility>
  </location>
  <location>
    <facility>
      <name>Kosair Children's Hospital</name>
      <address>
        <city>Louisville</city>
        <state>Kentucky</state>
        <zip>40202</zip>
        <country>United States</country>
      </address>
    </facility>
  </location>
  <location>
    <facility>
      <name>Children's Hospital-Main Campus</name>
      <address>
        <city>New Orleans</city>
        <state>Louisiana</state>
        <zip>70118</zip>
        <country>United States</country>
      </address>
    </facility>
  </location>
  <location>
    <facility>
      <name>Floating Hospital for Children at Tufts Medical Center</name>
      <address>
        <city>Boston</city>
        <state>Massachusetts</state>
        <zip>02111</zip>
        <country>United States</country>
      </address>
    </facility>
  </location>
  <location>
    <facility>
      <name>Dana-Farber Cancer Institute</name>
      <address>
        <city>Boston</city>
        <state>Massachusetts</state>
        <zip>02115</zip>
        <country>United States</country>
      </address>
    </facility>
  </location>
  <location>
    <facility>
      <name>C S Mott Children's Hospital</name>
      <address>
        <city>Ann Arbor</city>
        <state>Michigan</state>
        <zip>48109</zip>
        <country>United States</country>
      </address>
    </facility>
  </location>
  <location>
    <facility>
      <name>Mayo Clinic</name>
      <address>
        <city>Rochester</city>
        <state>Minnesota</state>
        <zip>55905</zip>
        <country>United States</country>
      </address>
    </facility>
  </location>
  <location>
    <facility>
      <name>University of Mississippi Medical Center</name>
      <address>
        <city>Jackson</city>
        <state>Mississippi</state>
        <zip>39216</zip>
        <country>United States</country>
      </address>
    </facility>
  </location>
  <location>
    <facility>
      <name>The Childrens Mercy Hospital</name>
      <address>
        <city>Kansas City</city>
        <state>Missouri</state>
        <zip>64108</zip>
        <country>United States</country>
      </address>
    </facility>
  </location>
  <location>
    <facility>
      <name>University of Nebraska Medical Center</name>
      <address>
        <city>Omaha</city>
        <state>Nebraska</state>
        <zip>68198</zip>
        <country>United States</country>
      </address>
    </facility>
  </location>
  <location>
    <facility>
      <name>Montefiore Medical Center</name>
      <address>
        <city>Bronx</city>
        <state>New York</state>
        <zip>10467-2490</zip>
        <country>United States</country>
      </address>
    </facility>
  </location>
  <location>
    <facility>
      <name>Columbia University Medical Center</name>
      <address>
        <city>New York</city>
        <state>New York</state>
        <zip>10032</zip>
        <country>United States</country>
      </address>
    </facility>
  </location>
  <location>
    <facility>
      <name>Ny Cancer%</name>
      <address>
        <city>Valhalla</city>
        <state>New York</state>
        <zip>10595</zip>
        <country>United States</country>
      </address>
    </facility>
  </location>
  <location>
    <facility>
      <name>Nationwide Children's Hospital</name>
      <address>
        <city>Columbus</city>
        <state>Ohio</state>
        <zip>43205</zip>
        <country>United States</country>
      </address>
    </facility>
  </location>
  <location>
    <facility>
      <name>University of Oklahoma Health Sciences Center</name>
      <address>
        <city>Oklahoma City</city>
        <state>Oklahoma</state>
        <zip>73104</zip>
        <country>United States</country>
      </address>
    </facility>
  </location>
  <location>
    <facility>
      <name>Children's Hospital of Philadelphia</name>
      <address>
        <city>Philadelphia</city>
        <state>Pennsylvania</state>
        <zip>19104</zip>
        <country>United States</country>
      </address>
    </facility>
  </location>
  <location>
    <facility>
      <name>Children's Hospital of Pittsburgh of UPMC</name>
      <address>
        <city>Pittsburgh</city>
        <state>Pennsylvania</state>
        <zip>15224</zip>
        <country>United States</country>
      </address>
    </facility>
  </location>
  <location>
    <facility>
      <name>Methodist Children's Hospital of South Texas</name>
      <address>
        <city>San Antonio</city>
        <state>Texas</state>
        <zip>78229</zip>
        <country>United States</country>
      </address>
    </facility>
  </location>
  <location>
    <facility>
      <name>Midwest Children's Cancer Center</name>
      <address>
        <city>Milwaukee</city>
        <state>Wisconsin</state>
        <zip>53226</zip>
        <country>United States</country>
      </address>
    </facility>
  </location>
  <location>
    <facility>
      <name>Royal Childrens Hospital</name>
      <address>
        <city>Herston</city>
        <state>Queensland</state>
        <zip>4029</zip>
        <country>Australia</country>
      </address>
    </facility>
  </location>
  <location>
    <facility>
      <name>Princess Margaret Hospital for Children</name>
      <address>
        <city>Perth</city>
        <state>Western Australia</state>
        <zip>6008</zip>
        <country>Australia</country>
      </address>
    </facility>
  </location>
  <location>
    <facility>
      <name>Hospital for Sick Children</name>
      <address>
        <city>Toronto</city>
        <state>Ontario</state>
        <zip>M5G 1X8</zip>
        <country>Canada</country>
      </address>
    </facility>
  </location>
  <location>
    <facility>
      <name>The Montreal Children's Hospital of the MUHC</name>
      <address>
        <city>Montreal</city>
        <state>Quebec</state>
        <zip>H3H 1P3</zip>
        <country>Canada</country>
      </address>
    </facility>
  </location>
  <location_countries>
    <country>Australia</country>
    <country>Canada</country>
    <country>United States</country>
  </location_countries>
  <link>
    <url>https://nctn-data-archive.nci.nih.gov/</url>
    <description>Data Available: Select individual patient-level data from this trial can be requested from the NCTN/NCORP Data Archive.</description>
  </link>
  <reference>
    <citation>Treister N, Nieder M, Baggott C, Olson E, Chen L, Dang H, Krailo M, August A, Sung L. Caphosol for prevention of oral mucositis in pediatric myeloablative haematopoietic cell transplantation. Br J Cancer. 2017 Jan 3;116(1):21-27. doi: 10.1038/bjc.2016.380. Epub 2016 Nov 22.</citation>
    <PMID>27875526</PMID>
  </reference>
  <verification_date>November 2016</verification_date>
  <study_first_submitted>February 25, 2011</study_first_submitted>
  <study_first_submitted_qc>February 25, 2011</study_first_submitted_qc>
  <study_first_posted type="Estimate">February 28, 2011</study_first_posted>
  <results_first_submitted>November 30, 2016</results_first_submitted>
  <results_first_submitted_qc>March 28, 2017</results_first_submitted_qc>
  <results_first_posted type="Actual">May 9, 2017</results_first_posted>
  <last_update_submitted>September 9, 2019</last_update_submitted>
  <last_update_submitted_qc>September 9, 2019</last_update_submitted_qc>
  <last_update_posted type="Actual">September 17, 2019</last_update_posted>
  <responsible_party>
    <responsible_party_type>Sponsor</responsible_party_type>
  </responsible_party>
  <condition_browse>
    <!-- CAUTION:  The following MeSH terms are assigned with an imperfect algorithm            -->
    <mesh_term>Lymphoma</mesh_term>
    <mesh_term>Leukemia</mesh_term>
    <mesh_term>Leukemia, Myeloid</mesh_term>
    <mesh_term>Leukemia, Myeloid, Acute</mesh_term>
    <mesh_term>Preleukemia</mesh_term>
    <mesh_term>Neoplasm Metastasis</mesh_term>
    <mesh_term>Precursor Cell Lymphoblastic Leukemia-Lymphoma</mesh_term>
    <mesh_term>Leukemia, Lymphoid</mesh_term>
    <mesh_term>Leukemia, Myelogenous, Chronic, BCR-ABL Positive</mesh_term>
    <mesh_term>Neuroblastoma</mesh_term>
    <mesh_term>Leukemia, Myelomonocytic, Acute</mesh_term>
    <mesh_term>Leukemia, Myelomonocytic, Chronic</mesh_term>
    <mesh_term>Rhabdomyosarcoma</mesh_term>
    <mesh_term>Leukemia, Myelomonocytic, Juvenile</mesh_term>
    <mesh_term>Lymphoma, Non-Hodgkin</mesh_term>
    <mesh_term>Wilms Tumor</mesh_term>
    <mesh_term>Rhabdomyosarcoma, Embryonal</mesh_term>
    <mesh_term>Testicular Neoplasms</mesh_term>
    <mesh_term>Mucositis</mesh_term>
    <mesh_term>Stomatitis</mesh_term>
    <mesh_term>Myelodysplastic Syndromes</mesh_term>
    <mesh_term>Myeloproliferative Disorders</mesh_term>
    <mesh_term>Myelodysplastic-Myeloproliferative Diseases</mesh_term>
    <mesh_term>Hypereosinophilic Syndrome</mesh_term>
    <mesh_term>Leukemia, Neutrophilic, Chronic</mesh_term>
    <mesh_term>Syndrome</mesh_term>
  </condition_browse>
  <intervention_browse>
    <!-- CAUTION:  The following MeSH terms are assigned with an imperfect algorithm            -->
    <mesh_term>Calcium</mesh_term>
  </intervention_browse>

  <clinical_results>

    <participant_flow>
      <group_list>
        <group group_id="P1">
          <title>Arm I (Placebo)</title>
          <description>Patients rinse and gargle with placebo over 1 minute QID beginning the first day (about day -7) of the conditioning regimen. Treatment continues until day 20 post-transplantation.&#xD;
placebo: Mouth rinse&#xD;
questionnaire administration: Ancillary studies&#xD;
quality-of-life assessment: Ancillary studies</description>
        </group>
        <group group_id="P2">
          <title>Arm II (Supersaturated Calcium Phosphate Rinse)</title>
          <description>Patients rinse and gargle with supersaturated calcium phosphate rinse over 1 minute QID beginning on the first day (about day -7) of the conditioning regimen. Treatment continues until day 20 post-transplantation.&#xD;
supersaturated calcium phosphate rinse: Mouth rinse&#xD;
questionnaire administration: Ancillary studies&#xD;
quality-of-life assessment: Ancillary studies</description>
        </group>
        <group group_id="P3">
          <title>Arm III (Enrolled But Not Randomized)</title>
          <description>Site not randomized</description>
        </group>
      </group_list>
      <period_list>
        <period>
          <title>Overall Study</title>
          <milestone_list>
            <milestone>
              <title>STARTED</title>
              <participants_list>
                <participants group_id="P1" count="111"/>
                <participants group_id="P2" count="112"/>
                <participants group_id="P3" count="3"/>
              </participants_list>
            </milestone>
            <milestone>
              <title>COMPLETED</title>
              <participants_list>
                <participants group_id="P1" count="82"/>
                <participants group_id="P2" count="81"/>
                <participants group_id="P3" count="0"/>
              </participants_list>
            </milestone>
            <milestone>
              <title>NOT COMPLETED</title>
              <participants_list>
                <participants group_id="P1" count="29"/>
                <participants group_id="P2" count="31"/>
                <participants group_id="P3" count="3"/>
              </participants_list>
            </milestone>
          </milestone_list>
          <drop_withdraw_reason_list>
            <drop_withdraw_reason>
              <title>Physician Decision</title>
              <participants_list>
                <participants group_id="P1" count="4"/>
                <participants group_id="P2" count="6"/>
                <participants group_id="P3" count="1"/>
              </participants_list>
            </drop_withdraw_reason>
            <drop_withdraw_reason>
              <title>Withdrawal by Subject</title>
              <participants_list>
                <participants group_id="P1" count="24"/>
                <participants group_id="P2" count="21"/>
                <participants group_id="P3" count="1"/>
              </participants_list>
            </drop_withdraw_reason>
            <drop_withdraw_reason>
              <title>Ineligible</title>
              <participants_list>
                <participants group_id="P1" count="1"/>
                <participants group_id="P2" count="2"/>
                <participants group_id="P3" count="1"/>
              </participants_list>
            </drop_withdraw_reason>
            <drop_withdraw_reason>
              <title>Death</title>
              <participants_list>
                <participants group_id="P1" count="0"/>
                <participants group_id="P2" count="2"/>
                <participants group_id="P3" count="0"/>
              </participants_list>
            </drop_withdraw_reason>
          </drop_withdraw_reason_list>
        </period>
      </period_list>
    </participant_flow>

    <baseline>
      <group_list>
        <group group_id="B1">
          <title>Arm I (Placebo)</title>
          <description>Patients rinse and gargle with placebo over 1 minute QID beginning the first day (about day -7) of the conditioning regimen. Treatment continues until day 20 post-transplantation.&#xD;
placebo: Mouth rinse&#xD;
questionnaire administration: Ancillary studies&#xD;
quality-of-life assessment: Ancillary studies</description>
        </group>
        <group group_id="B2">
          <title>Arm II (Supersaturated Calcium Phosphate Rinse)</title>
          <description>Patients rinse and gargle with supersaturated calcium phosphate rinse over 1 minute QID beginning on the first day (about day -7) of the conditioning regimen. Treatment continues until day 20 post-transplantation.&#xD;
supersaturated calcium phosphate rinse: Mouth rinse&#xD;
questionnaire administration: Ancillary studies&#xD;
quality-of-life assessment: Ancillary studies</description>
        </group>
        <group group_id="B3">
          <title>Arm III (Enrolled Not Randomized)</title>
          <description>Site not able to randomize.</description>
        </group>
        <group group_id="B4">
          <title>Total</title>
          <description>Total of all reporting groups</description>
        </group>
      </group_list>
      <analyzed_list>
        <analyzed>
          <units>Participants</units>
          <scope>Overall</scope>
          <count_list>
            <count group_id="B1" value="111"/>
            <count group_id="B2" value="112"/>
            <count group_id="B3" value="3"/>
            <count group_id="B4" value="226"/>
          </count_list>
        </analyzed>
      </analyzed_list>
      <measure_list>
        <measure>
          <title>Age</title>
          <units>years</units>
          <param>Mean</param>
          <dispersion>Standard Deviation</dispersion>
          <class_list>
            <class>
              <category_list>
                <category>
                  <measurement_list>
                    <measurement group_id="B1" value="12.75" spread="5.05"/>
                    <measurement group_id="B2" value="13.02" spread="4.54"/>
                    <measurement group_id="B3" value="12.00" spread="1.73"/>
                    <measurement group_id="B4" value="12.88" spread="4.79"/>
                  </measurement_list>
                </category>
              </category_list>
            </class>
          </class_list>
        </measure>
        <measure>
          <title>Sex: Female, Male</title>
          <units>Participants</units>
          <param>Count of Participants</param>
          <class_list>
            <class>
              <category_list>
                <category>
                  <title>Female</title>
                  <measurement_list>
                    <measurement group_id="B1" value="54"/>
                    <measurement group_id="B2" value="48"/>
                    <measurement group_id="B3" value="2"/>
                    <measurement group_id="B4" value="104"/>
                  </measurement_list>
                </category>
                <category>
                  <title>Male</title>
                  <measurement_list>
                    <measurement group_id="B1" value="57"/>
                    <measurement group_id="B2" value="64"/>
                    <measurement group_id="B3" value="1"/>
                    <measurement group_id="B4" value="122"/>
                  </measurement_list>
                </category>
              </category_list>
            </class>
          </class_list>
        </measure>
        <measure>
          <title>Ethnicity (NIH/OMB)</title>
          <units>Participants</units>
          <param>Count of Participants</param>
          <class_list>
            <class>
              <category_list>
                <category>
                  <title>Hispanic or Latino</title>
                  <measurement_list>
                    <measurement group_id="B1" value="25"/>
                    <measurement group_id="B2" value="29"/>
                    <measurement group_id="B3" value="1"/>
                    <measurement group_id="B4" value="55"/>
                  </measurement_list>
                </category>
                <category>
                  <title>Not Hispanic or Latino</title>
                  <measurement_list>
                    <measurement group_id="B1" value="82"/>
                    <measurement group_id="B2" value="79"/>
                    <measurement group_id="B3" value="2"/>
                    <measurement group_id="B4" value="163"/>
                  </measurement_list>
                </category>
                <category>
                  <title>Unknown or Not Reported</title>
                  <measurement_list>
                    <measurement group_id="B1" value="4"/>
                    <measurement group_id="B2" value="4"/>
                    <measurement group_id="B3" value="0"/>
                    <measurement group_id="B4" value="8"/>
                  </measurement_list>
                </category>
              </category_list>
            </class>
          </class_list>
        </measure>
        <measure>
          <title>Race (NIH/OMB)</title>
          <units>Participants</units>
          <param>Count of Participants</param>
          <class_list>
            <class>
              <category_list>
                <category>
                  <title>American Indian or Alaska Native</title>
                  <measurement_list>
                    <measurement group_id="B1" value="0"/>
                    <measurement group_id="B2" value="1"/>
                    <measurement group_id="B3" value="0"/>
                    <measurement group_id="B4" value="1"/>
                  </measurement_list>
                </category>
                <category>
                  <title>Asian</title>
                  <measurement_list>
                    <measurement group_id="B1" value="2"/>
                    <measurement group_id="B2" value="4"/>
                    <measurement group_id="B3" value="0"/>
                    <measurement group_id="B4" value="6"/>
                  </measurement_list>
                </category>
                <category>
                  <title>Native Hawaiian or Other Pacific Islander</title>
                  <measurement_list>
                    <measurement group_id="B1" value="0"/>
                    <measurement group_id="B2" value="0"/>
                    <measurement group_id="B3" value="0"/>
                    <measurement group_id="B4" value="0"/>
                  </measurement_list>
                </category>
                <category>
                  <title>Black or African American</title>
                  <measurement_list>
                    <measurement group_id="B1" value="12"/>
                    <measurement group_id="B2" value="11"/>
                    <measurement group_id="B3" value="0"/>
                    <measurement group_id="B4" value="23"/>
                  </measurement_list>
                </category>
                <category>
                  <title>White</title>
                  <measurement_list>
                    <measurement group_id="B1" value="87"/>
                    <measurement group_id="B2" value="82"/>
                    <measurement group_id="B3" value="3"/>
                    <measurement group_id="B4" value="172"/>
                  </measurement_list>
                </category>
                <category>
                  <title>More than one race</title>
                  <measurement_list>
                    <measurement group_id="B1" value="0"/>
                    <measurement group_id="B2" value="0"/>
                    <measurement group_id="B3" value="0"/>
                    <measurement group_id="B4" value="0"/>
                  </measurement_list>
                </category>
                <category>
                  <title>Unknown or Not Reported</title>
                  <measurement_list>
                    <measurement group_id="B1" value="10"/>
                    <measurement group_id="B2" value="14"/>
                    <measurement group_id="B3" value="0"/>
                    <measurement group_id="B4" value="24"/>
                  </measurement_list>
                </category>
              </category_list>
            </class>
          </class_list>
        </measure>
        <measure>
          <title>Region of Enrollment</title>
          <units>Participants</units>
          <param>Count of Participants</param>
          <class_list>
            <class>
              <title>Canada</title>
              <category_list>
                <category>
                  <measurement_list>
                    <measurement group_id="B1" value="5"/>
                    <measurement group_id="B2" value="4"/>
                    <measurement group_id="B3" value="0"/>
                    <measurement group_id="B4" value="9"/>
                  </measurement_list>
                </category>
              </category_list>
            </class>
            <class>
              <title>United States</title>
              <category_list>
                <category>
                  <measurement_list>
                    <measurement group_id="B1" value="105"/>
                    <measurement group_id="B2" value="102"/>
                    <measurement group_id="B3" value="3"/>
                    <measurement group_id="B4" value="210"/>
                  </measurement_list>
                </category>
              </category_list>
            </class>
            <class>
              <title>Australia</title>
              <category_list>
                <category>
                  <measurement_list>
                    <measurement group_id="B1" value="1"/>
                    <measurement group_id="B2" value="5"/>
                    <measurement group_id="B3" value="0"/>
                    <measurement group_id="B4" value="6"/>
                  </measurement_list>
                </category>
              </category_list>
            </class>
            <class>
              <title>Puerto Rico</title>
              <category_list>
                <category>
                  <measurement_list>
                    <measurement group_id="B1" value="0"/>
                    <measurement group_id="B2" value="1"/>
                    <measurement group_id="B3" value="0"/>
                    <measurement group_id="B4" value="1"/>
                  </measurement_list>
                </category>
              </category_list>
            </class>
          </class_list>
        </measure>
      </measure_list>
    </baseline>

    <outcome_list>
      <outcome>
        <type>Primary</type>
        <title>Duration of Severe Oral Mucositis (WHO Grade 3 or 4)</title>
        <description>Mean days of severe (WHO Grade 3 or 4) Mucositis.</description>
        <time_frame>Day -1 (day prior to stem cell infusion) to Day 20 following transplantation.</time_frame>
        <population>Evaluable patients defined as patients with &gt;= 11 daily WHO assessments.</population>
        <group_list>
          <group group_id="O1">
            <title>Arm I (Placebo)</title>
            <description>Patients rinse and gargle with placebo over 1 minute QID beginning the first day (about day -7) of the conditioning regimen. Treatment continues until day 20 post-transplantation.&#xD;
placebo: Mouth rinse&#xD;
questionnaire administration: Ancillary studies&#xD;
quality-of-life assessment: Ancillary studies</description>
          </group>
          <group group_id="O2">
            <title>Arm II (Supersaturated Calcium Phosphate Rinse)</title>
            <description>Patients rinse and gargle with supersaturated calcium phosphate rinse over 1 minute QID beginning on the first day (about day -7) of the conditioning regimen. Treatment continues until day 20 post-transplantation.&#xD;
supersaturated calcium phosphate rinse: Mouth rinse&#xD;
questionnaire administration: Ancillary studies&#xD;
quality-of-life assessment: Ancillary studies</description>
          </group>
        </group_list>
        <measure>
          <title>Duration of Severe Oral Mucositis (WHO Grade 3 or 4)</title>
          <description>Mean days of severe (WHO Grade 3 or 4) Mucositis.</description>
          <population>Evaluable patients defined as patients with &gt;= 11 daily WHO assessments.</population>
          <units>Number of days</units>
          <param>Mean</param>
          <dispersion>Standard Deviation</dispersion>
          <analyzed_list>
            <analyzed>
              <units>Participants</units>
              <scope>Measure</scope>
              <count_list>
                <count group_id="O1" value="91"/>
                <count group_id="O2" value="91"/>
              </count_list>
            </analyzed>
          </analyzed_list>
          <class_list>
            <class>
              <category_list>
                <category>
                  <measurement_list>
                    <measurement group_id="O1" value="4.5" spread="4.8"/>
                    <measurement group_id="O2" value="4.5" spread="5"/>
                  </measurement_list>
                </category>
              </category_list>
            </class>
          </class_list>
        </measure>
      </outcome>
      <outcome>
        <type>Secondary</type>
        <title>Incidence of Severe Oral Mucositis</title>
        <description>Percentage of patients with Severe Oral Mucositis (WHO Grade 3 or 4) per arm.</description>
        <time_frame>Day -1 (day prior to stem cell infusion) to Day 20 following transplantation.</time_frame>
        <population>Evaluable patients defined as patients with &gt;= 11 daily WHO assessments.</population>
        <group_list>
          <group group_id="O1">
            <title>Arm I (Placebo)</title>
            <description>Patients rinse and gargle with placebo over 1 minute QID beginning the first day (about day -7) of the conditioning regimen. Treatment continues until day 20 post-transplantation.&#xD;
placebo: Mouth rinse&#xD;
questionnaire administration: Ancillary studies&#xD;
quality-of-life assessment: Ancillary studies</description>
          </group>
          <group group_id="O2">
            <title>Arm II (Supersaturated Calcium Phosphate Rinse)</title>
            <description>Patients rinse and gargle with supersaturated calcium phosphate rinse over 1 minute QID beginning on the first day (about day -7) of the conditioning regimen. Treatment continues until day 20 post-transplantation.&#xD;
supersaturated calcium phosphate rinse: Mouth rinse&#xD;
questionnaire administration: Ancillary studies&#xD;
quality-of-life assessment: Ancillary studies</description>
          </group>
        </group_list>
        <measure>
          <title>Incidence of Severe Oral Mucositis</title>
          <description>Percentage of patients with Severe Oral Mucositis (WHO Grade 3 or 4) per arm.</description>
          <population>Evaluable patients defined as patients with &gt;= 11 daily WHO assessments.</population>
          <units>percent of patients</units>
          <param>Number</param>
          <analyzed_list>
            <analyzed>
              <units>Participants</units>
              <scope>Measure</scope>
              <count_list>
                <count group_id="O1" value="91"/>
                <count group_id="O2" value="91"/>
              </count_list>
            </analyzed>
          </analyzed_list>
          <class_list>
            <class>
              <category_list>
                <category>
                  <measurement_list>
                    <measurement group_id="O1" value="68"/>
                    <measurement group_id="O2" value="63"/>
                  </measurement_list>
                </category>
              </category_list>
            </class>
          </class_list>
        </measure>
      </outcome>
      <outcome>
        <type>Secondary</type>
        <title>Oral Mucositis Daily Questionnaire (OMDQ)</title>
        <description>Area under the curve (AUC) of the Oral Mucositis Daily Questionnaire (OMDQ) subscales</description>
        <time_frame>Day -1 (day prior to stem cell infusion) to Day 20 following transplantation</time_frame>
        <population>Evaluable patients defined as patients with ≥11 daily WHO assessments.</population>
        <group_list>
          <group group_id="O1">
            <title>Arm I (Placebo)</title>
            <description>Patients rinse and gargle with placebo over 1 minute QID beginning the first day (about day -7) of the conditioning regimen. Treatment continues until day 20 post-transplantation.&#xD;
placebo: Mouth rinse&#xD;
questionnaire administration: Ancillary studies&#xD;
quality-of-life assessment: Ancillary studies</description>
          </group>
          <group group_id="O2">
            <title>Arm II (Supersaturated Calcium Phosphate Rinse)</title>
            <description>Patients rinse and gargle with supersaturated calcium phosphate rinse over 1 minute QID beginning on the first day (about day -7) of the conditioning regimen. Treatment continues until day 20 post-transplantation.&#xD;
supersaturated calcium phosphate rinse: Mouth rinse&#xD;
questionnaire administration: Ancillary studies&#xD;
quality-of-life assessment: Ancillary studies</description>
          </group>
        </group_list>
        <measure>
          <title>Oral Mucositis Daily Questionnaire (OMDQ)</title>
          <description>Area under the curve (AUC) of the Oral Mucositis Daily Questionnaire (OMDQ) subscales</description>
          <population>Evaluable patients defined as patients with ≥11 daily WHO assessments.</population>
          <units>units on a scale * day</units>
          <param>Mean</param>
          <dispersion>Standard Deviation</dispersion>
          <analyzed_list>
            <analyzed>
              <units>Participants</units>
              <scope>Measure</scope>
              <count_list>
                <count group_id="O1" value="91"/>
                <count group_id="O2" value="91"/>
              </count_list>
            </analyzed>
          </analyzed_list>
          <class_list>
            <class>
              <title>Sleeping</title>
              <category_list>
                <category>
                  <measurement_list>
                    <measurement group_id="O1" value="9.3" spread="10.9"/>
                    <measurement group_id="O2" value="7.3" spread="9"/>
                  </measurement_list>
                </category>
              </category_list>
            </class>
            <class>
              <title>Mouth and Throat Pain</title>
              <category_list>
                <category>
                  <measurement_list>
                    <measurement group_id="O1" value="22.3" spread="14.8"/>
                    <measurement group_id="O2" value="21.4" spread="14.7"/>
                  </measurement_list>
                </category>
              </category_list>
            </class>
            <class>
              <title>Swallowing</title>
              <category_list>
                <category>
                  <measurement_list>
                    <measurement group_id="O1" value="21.4" spread="15.7"/>
                    <measurement group_id="O2" value="19.9" spread="15.9"/>
                  </measurement_list>
                </category>
              </category_list>
            </class>
            <class>
              <title>Drinking</title>
              <category_list>
                <category>
                  <measurement_list>
                    <measurement group_id="O1" value="21.7" spread="16.3"/>
                    <measurement group_id="O2" value="20.6" spread="17.3"/>
                  </measurement_list>
                </category>
              </category_list>
            </class>
            <class>
              <title>Eating</title>
              <category_list>
                <category>
                  <measurement_list>
                    <measurement group_id="O1" value="27.9" spread="19.4"/>
                    <measurement group_id="O2" value="26.6" spread="20.7"/>
                  </measurement_list>
                </category>
              </category_list>
            </class>
            <class>
              <title>Talking</title>
              <category_list>
                <category>
                  <measurement_list>
                    <measurement group_id="O1" value="12.2" spread="11.5"/>
                    <measurement group_id="O2" value="12" spread="13.2"/>
                  </measurement_list>
                </category>
              </category_list>
            </class>
          </class_list>
        </measure>
      </outcome>
      <outcome>
        <type>Secondary</type>
        <title>Incidence of Parenteral Opioid Analgesic Use (Morphine Equivalents).</title>
        <description>Opioid Administration = yes</description>
        <time_frame>Day -1 (day prior to stem cell infusion) to Day 20 following transplantation.</time_frame>
        <population>Total of 210 patients evaluable for this assessment (106 Arm I &amp; 104 Arm II)</population>
        <group_list>
          <group group_id="O1">
            <title>Arm I (Placebo)</title>
            <description>Patients rinse and gargle with placebo over 1 minute QID beginning the first day (about day -7) of the conditioning regimen. Treatment continues until day 20 post-transplantation.&#xD;
placebo: Mouth rinse&#xD;
questionnaire administration: Ancillary studies&#xD;
quality-of-life assessment: Ancillary studies</description>
          </group>
          <group group_id="O2">
            <title>Arm II (Supersaturated Calcium Phosphate Rinse)</title>
            <description>Patients rinse and gargle with supersaturated calcium phosphate rinse over 1 minute QID beginning on the first day (about day -7) of the conditioning regimen. Treatment continues until day 20 post-transplantation.&#xD;
supersaturated calcium phosphate rinse: Mouth rinse&#xD;
questionnaire administration: Ancillary studies&#xD;
quality-of-life assessment: Ancillary studies</description>
          </group>
        </group_list>
        <measure>
          <title>Incidence of Parenteral Opioid Analgesic Use (Morphine Equivalents).</title>
          <description>Opioid Administration = yes</description>
          <population>Total of 210 patients evaluable for this assessment (106 Arm I &amp; 104 Arm II)</population>
          <units>percentage of participants</units>
          <param>Number</param>
          <analyzed_list>
            <analyzed>
              <units>Participants</units>
              <scope>Measure</scope>
              <count_list>
                <count group_id="O1" value="106"/>
                <count group_id="O2" value="104"/>
              </count_list>
            </analyzed>
          </analyzed_list>
          <class_list>
            <class>
              <category_list>
                <category>
                  <measurement_list>
                    <measurement group_id="O1" value="88.7"/>
                    <measurement group_id="O2" value="91.3"/>
                  </measurement_list>
                </category>
              </category_list>
            </class>
          </class_list>
        </measure>
      </outcome>
      <outcome>
        <type>Secondary</type>
        <title>Duration of Parenteral Opioid Analgesic Use (Morphine Equivalents).</title>
        <description>Mean days of parenteral opioid analgesic use.</description>
        <time_frame>Day -1 (day prior to stem cell infusion) to Day 20 following transplantation.</time_frame>
        <population>Total of 210 patients evaluable for this assessment (106 Arm I &amp; 104 Arm II).</population>
        <group_list>
          <group group_id="O1">
            <title>Arm I (Placebo)</title>
            <description>Patients rinse and gargle with placebo over 1 minute QID beginning the first day (about day -7) of the conditioning regimen. Treatment continues until day 20 post-transplantation.&#xD;
placebo: Mouth rinse&#xD;
questionnaire administration: Ancillary studies&#xD;
quality-of-life assessment: Ancillary studies</description>
          </group>
          <group group_id="O2">
            <title>Arm II (Supersaturated Calcium Phosphate Rinse)</title>
            <description>Patients rinse and gargle with supersaturated calcium phosphate rinse over 1 minute QID beginning on the first day (about day -7) of the conditioning regimen. Treatment continues until day 20 post-transplantation.&#xD;
supersaturated calcium phosphate rinse: Mouth rinse&#xD;
questionnaire administration: Ancillary studies&#xD;
quality-of-life assessment: Ancillary studies</description>
          </group>
        </group_list>
        <measure>
          <title>Duration of Parenteral Opioid Analgesic Use (Morphine Equivalents).</title>
          <description>Mean days of parenteral opioid analgesic use.</description>
          <population>Total of 210 patients evaluable for this assessment (106 Arm I &amp; 104 Arm II).</population>
          <units>Days</units>
          <param>Mean</param>
          <dispersion>Standard Deviation</dispersion>
          <analyzed_list>
            <analyzed>
              <units>Participants</units>
              <scope>Measure</scope>
              <count_list>
                <count group_id="O1" value="106"/>
                <count group_id="O2" value="104"/>
              </count_list>
            </analyzed>
          </analyzed_list>
          <class_list>
            <class>
              <category_list>
                <category>
                  <measurement_list>
                    <measurement group_id="O1" value="14.2" spread="9.5"/>
                    <measurement group_id="O2" value="12.5" spread="8.7"/>
                  </measurement_list>
                </category>
              </category_list>
            </class>
          </class_list>
        </measure>
      </outcome>
      <outcome>
        <type>Secondary</type>
        <title>Total Dose of Parenteral Opioid Analgesic Used (Morphine Equivalents).</title>
        <description>Morphine equivalent dose in mg/kg/day</description>
        <time_frame>Day -1 (day prior to stem cell infusion) to Day 20 following transplantation.</time_frame>
        <population>Total of 210 patients evaluable for this assessment (106 Arm I &amp; 104 Arm II).</population>
        <group_list>
          <group group_id="O1">
            <title>Arm I (Placebo)</title>
            <description>Patients rinse and gargle with placebo over 1 minute QID beginning the first day (about day -7) of the conditioning regimen. Treatment continues until day 20 post-transplantation.&#xD;
placebo: Mouth rinse&#xD;
questionnaire administration: Ancillary studies&#xD;
quality-of-life assessment: Ancillary studies</description>
          </group>
          <group group_id="O2">
            <title>Arm II (Supersaturated Calcium Phosphate Rinse)</title>
            <description>Patients rinse and gargle with supersaturated calcium phosphate rinse over 1 minute QID beginning on the first day (about day -7) of the conditioning regimen. Treatment continues until day 20 post-transplantation.&#xD;
supersaturated calcium phosphate rinse: Mouth rinse&#xD;
questionnaire administration: Ancillary studies&#xD;
quality-of-life assessment: Ancillary studies</description>
          </group>
        </group_list>
        <measure>
          <title>Total Dose of Parenteral Opioid Analgesic Used (Morphine Equivalents).</title>
          <description>Morphine equivalent dose in mg/kg/day</description>
          <population>Total of 210 patients evaluable for this assessment (106 Arm I &amp; 104 Arm II).</population>
          <units>mg/kg/day of opioid analgesics</units>
          <param>Median</param>
          <dispersion>Full Range</dispersion>
          <analyzed_list>
            <analyzed>
              <units>Participants</units>
              <scope>Measure</scope>
              <count_list>
                <count group_id="O1" value="106"/>
                <count group_id="O2" value="104"/>
              </count_list>
            </analyzed>
          </analyzed_list>
          <class_list>
            <class>
              <category_list>
                <category>
                  <measurement_list>
                    <measurement group_id="O1" value="0.4" lower_limit="0" upper_limit="33.2"/>
                    <measurement group_id="O2" value="0.3" lower_limit="0" upper_limit="13.4"/>
                  </measurement_list>
                </category>
              </category_list>
            </class>
          </class_list>
        </measure>
      </outcome>
      <outcome>
        <type>Secondary</type>
        <title>Incidence of Total Parenteral Nutrition (TPN) Administration.</title>
        <description>Total Parenteral Nutrition = yes</description>
        <time_frame>Day -1 (day prior to stem cell infusion) to Day 20 following transplantation.</time_frame>
        <population>Total of 210 patients evaluable for this assessment (106 Arm I &amp; 104 Arm II).</population>
        <group_list>
          <group group_id="O1">
            <title>Arm I (Placebo)</title>
            <description>Patients rinse and gargle with placebo over 1 minute QID beginning the first day (about day -7) of the conditioning regimen. Treatment continues until day 20 post-transplantation.&#xD;
placebo: Mouth rinse&#xD;
questionnaire administration: Ancillary studies&#xD;
quality-of-life assessment: Ancillary studies</description>
          </group>
          <group group_id="O2">
            <title>Arm II (Supersaturated Calcium Phosphate Rinse)</title>
            <description>Patients rinse and gargle with supersaturated calcium phosphate rinse over 1 minute QID beginning on the first day (about day -7) of the conditioning regimen. Treatment continues until day 20 post-transplantation.&#xD;
supersaturated calcium phosphate rinse: Mouth rinse&#xD;
questionnaire administration: Ancillary studies&#xD;
quality-of-life assessment: Ancillary studies</description>
          </group>
        </group_list>
        <measure>
          <title>Incidence of Total Parenteral Nutrition (TPN) Administration.</title>
          <description>Total Parenteral Nutrition = yes</description>
          <population>Total of 210 patients evaluable for this assessment (106 Arm I &amp; 104 Arm II).</population>
          <units>percentage of participants</units>
          <param>Number</param>
          <analyzed_list>
            <analyzed>
              <units>Participants</units>
              <scope>Measure</scope>
              <count_list>
                <count group_id="O1" value="106"/>
                <count group_id="O2" value="104"/>
              </count_list>
            </analyzed>
          </analyzed_list>
          <class_list>
            <class>
              <category_list>
                <category>
                  <measurement_list>
                    <measurement group_id="O1" value="78.3"/>
                    <measurement group_id="O2" value="72.1"/>
                  </measurement_list>
                </category>
              </category_list>
            </class>
          </class_list>
        </measure>
      </outcome>
      <outcome>
        <type>Secondary</type>
        <title>Duration of Total Parenteral Nutrition (TPN) Administration.</title>
        <description>Mean days of total parenteral nutrition (TPN) administration.</description>
        <time_frame>Day -1 (day prior to stem cell infusion) to Day 20 following transplantation.</time_frame>
        <population>Total of 210 patients evaluable for this assessment (106 Arm I &amp; 104 Arm II).</population>
        <group_list>
          <group group_id="O1">
            <title>Arm I (Placebo)</title>
            <description>Patients rinse and gargle with placebo over 1 minute QID beginning the first day (about day -7) of the conditioning regimen. Treatment continues until day 20 post-transplantation.&#xD;
placebo: Mouth rinse&#xD;
questionnaire administration: Ancillary studies&#xD;
quality-of-life assessment: Ancillary studies</description>
          </group>
          <group group_id="O2">
            <title>Arm II (Supersaturated Calcium Phosphate Rinse)</title>
            <description>Patients rinse and gargle with supersaturated calcium phosphate rinse over 1 minute QID beginning on the first day (about day -7) of the conditioning regimen. Treatment continues until day 20 post-transplantation.&#xD;
supersaturated calcium phosphate rinse: Mouth rinse&#xD;
questionnaire administration: Ancillary studies&#xD;
quality-of-life assessment: Ancillary studies</description>
          </group>
        </group_list>
        <measure>
          <title>Duration of Total Parenteral Nutrition (TPN) Administration.</title>
          <description>Mean days of total parenteral nutrition (TPN) administration.</description>
          <population>Total of 210 patients evaluable for this assessment (106 Arm I &amp; 104 Arm II).</population>
          <units>Number of days</units>
          <param>Mean</param>
          <dispersion>Standard Deviation</dispersion>
          <analyzed_list>
            <analyzed>
              <units>Participants</units>
              <scope>Measure</scope>
              <count_list>
                <count group_id="O1" value="106"/>
                <count group_id="O2" value="104"/>
              </count_list>
            </analyzed>
          </analyzed_list>
          <class_list>
            <class>
              <category_list>
                <category>
                  <measurement_list>
                    <measurement group_id="O1" value="13.6" spread="9.9"/>
                    <measurement group_id="O2" value="11.4" spread="8.9"/>
                  </measurement_list>
                </category>
              </category_list>
            </class>
          </class_list>
        </measure>
      </outcome>
      <outcome>
        <type>Secondary</type>
        <title>Incidence of Febrile Neutropenia</title>
        <description>Fever and Neutropenia = yes</description>
        <time_frame>Day -1 (day prior to stem cell infusion) to Day 20 following transplantation.</time_frame>
        <population>Total of 210 patients evaluable for this assessment (106 Arm I &amp; 104 Arm II).</population>
        <group_list>
          <group group_id="O1">
            <title>Arm I (Placebo)</title>
            <description>Patients rinse and gargle with placebo over 1 minute QID beginning the first day (about day -7) of the conditioning regimen. Treatment continues until day 20 post-transplantation.&#xD;
placebo: Mouth rinse&#xD;
questionnaire administration: Ancillary studies&#xD;
quality-of-life assessment: Ancillary studies</description>
          </group>
          <group group_id="O2">
            <title>Arm II (Supersaturated Calcium Phosphate Rinse)</title>
            <description>Patients rinse and gargle with supersaturated calcium phosphate rinse over 1 minute QID beginning on the first day (about day -7) of the conditioning regimen. Treatment continues until day 20 post-transplantation.&#xD;
supersaturated calcium phosphate rinse: Mouth rinse&#xD;
questionnaire administration: Ancillary studies&#xD;
quality-of-life assessment: Ancillary studies</description>
          </group>
        </group_list>
        <measure>
          <title>Incidence of Febrile Neutropenia</title>
          <description>Fever and Neutropenia = yes</description>
          <population>Total of 210 patients evaluable for this assessment (106 Arm I &amp; 104 Arm II).</population>
          <units>percentage of participants</units>
          <param>Number</param>
          <analyzed_list>
            <analyzed>
              <units>Participants</units>
              <scope>Measure</scope>
              <count_list>
                <count group_id="O1" value="106"/>
                <count group_id="O2" value="104"/>
              </count_list>
            </analyzed>
          </analyzed_list>
          <class_list>
            <class>
              <category_list>
                <category>
                  <measurement_list>
                    <measurement group_id="O1" value="65.1"/>
                    <measurement group_id="O2" value="67.3"/>
                  </measurement_list>
                </category>
              </category_list>
            </class>
          </class_list>
        </measure>
      </outcome>
      <outcome>
        <type>Secondary</type>
        <title>Incidence of Invasive Bacterial Infections</title>
        <description>Invasive Bacterial Infection = yes</description>
        <time_frame>Day -1 (day prior to stem cell infusion) to Day 20 following transplantation.</time_frame>
        <population>Total of 210 patients evaluable for this assessment (106 Arm I &amp; 104 Arm II).</population>
        <group_list>
          <group group_id="O1">
            <title>Arm I (Placebo)</title>
            <description>Patients rinse and gargle with placebo over 1 minute QID beginning the first day (about day -7) of the conditioning regimen. Treatment continues until day 20 post-transplantation.&#xD;
placebo: Mouth rinse&#xD;
questionnaire administration: Ancillary studies&#xD;
quality-of-life assessment: Ancillary studies</description>
          </group>
          <group group_id="O2">
            <title>Arm II (Supersaturated Calcium Phosphate Rinse)</title>
            <description>Patients rinse and gargle with supersaturated calcium phosphate rinse over 1 minute QID beginning on the first day (about day -7) of the conditioning regimen. Treatment continues until day 20 post-transplantation.&#xD;
supersaturated calcium phosphate rinse: Mouth rinse&#xD;
questionnaire administration: Ancillary studies&#xD;
quality-of-life assessment: Ancillary studies</description>
          </group>
        </group_list>
        <measure>
          <title>Incidence of Invasive Bacterial Infections</title>
          <description>Invasive Bacterial Infection = yes</description>
          <population>Total of 210 patients evaluable for this assessment (106 Arm I &amp; 104 Arm II).</population>
          <units>percentage of participants</units>
          <param>Number</param>
          <analyzed_list>
            <analyzed>
              <units>Participants</units>
              <scope>Measure</scope>
              <count_list>
                <count group_id="O1" value="106"/>
                <count group_id="O2" value="104"/>
              </count_list>
            </analyzed>
          </analyzed_list>
          <class_list>
            <class>
              <category_list>
                <category>
                  <measurement_list>
                    <measurement group_id="O1" value="6.6"/>
                    <measurement group_id="O2" value="7.7"/>
                  </measurement_list>
                </category>
              </category_list>
            </class>
          </class_list>
        </measure>
      </outcome>
      <outcome>
        <type>Secondary</type>
        <title>Severity of Mucositis</title>
        <description>Area Under the Curve of Severity of Mucositis. According to mouth pain categorical rating scale ranges 0-10 with higher scores reflecting more severe pain.</description>
        <time_frame>Day -1 (day prior to stem cell infusion) to Day 20 following transplantation</time_frame>
        <population>Evaluable patients defined as patients with ≥11 daily WHO assessments.</population>
        <group_list>
          <group group_id="O1">
            <title>Arm I (Placebo)</title>
            <description>Patients rinse and gargle with placebo over 1 minute QID beginning the first day (about day -7) of the conditioning regimen. Treatment continues until day 20 post-transplantation.&#xD;
placebo: Mouth rinse&#xD;
questionnaire administration: Ancillary studies&#xD;
quality-of-life assessment: Ancillary studies</description>
          </group>
          <group group_id="O2">
            <title>Arm II (Supersaturated Calcium Phosphate Rinse)</title>
            <description>Patients rinse and gargle with supersaturated calcium phosphate rinse over 1 minute QID beginning on the first day (about day -7) of the conditioning regimen. Treatment continues until day 20 post-transplantation.&#xD;
supersaturated calcium phosphate rinse: Mouth rinse&#xD;
questionnaire administration: Ancillary studies&#xD;
quality-of-life assessment: Ancillary studies</description>
          </group>
        </group_list>
        <measure>
          <title>Severity of Mucositis</title>
          <description>Area Under the Curve of Severity of Mucositis. According to mouth pain categorical rating scale ranges 0-10 with higher scores reflecting more severe pain.</description>
          <population>Evaluable patients defined as patients with ≥11 daily WHO assessments.</population>
          <units>units on a scale * day</units>
          <param>Mean</param>
          <dispersion>Standard Deviation</dispersion>
          <analyzed_list>
            <analyzed>
              <units>Participants</units>
              <scope>Measure</scope>
              <count_list>
                <count group_id="O1" value="91"/>
                <count group_id="O2" value="91"/>
              </count_list>
            </analyzed>
          </analyzed_list>
          <class_list>
            <class>
              <category_list>
                <category>
                  <measurement_list>
                    <measurement group_id="O1" value="45.5" spread="36"/>
                    <measurement group_id="O2" value="44" spread="35.6"/>
                  </measurement_list>
                </category>
              </category_list>
            </class>
          </class_list>
        </measure>
      </outcome>
      <outcome>
        <type>Other Pre-specified</type>
        <title>Ancillary Validation Study of ChIMES</title>
        <time_frame>Day -1 (day prior to stem cell infusion) to Day 20 following transplantation.</time_frame>
        <population>Analysis is not performed at this time due to no available funding and no human resource allocated to this study.</population>
        <group_list>
          <group group_id="O1">
            <title>Arm I (Placebo)</title>
            <description>Patients rinse and gargle with placebo over 1 minute QID beginning the first day (about day -7) of the conditioning regimen. Treatment continues until day 20 post-transplantation.&#xD;
placebo: Mouth rinse&#xD;
questionnaire administration: Ancillary studies&#xD;
quality-of-life assessment: Ancillary studies</description>
          </group>
          <group group_id="O2">
            <title>Arm II (Supersaturated Calcium Phosphate Rinse)</title>
            <description>Patients rinse and gargle with supersaturated calcium phosphate rinse over 1 minute QID beginning on the first day (about day -7) of the conditioning regimen. Treatment continues until day 20 post-transplantation.&#xD;
supersaturated calcium phosphate rinse: Mouth rinse&#xD;
questionnaire administration: Ancillary studies&#xD;
quality-of-life assessment: Ancillary studies</description>
          </group>
        </group_list>
        <measure>
          <title>Ancillary Validation Study of ChIMES</title>
          <population>Analysis is not performed at this time due to no available funding and no human resource allocated to this study.</population>
          <analyzed_list>
            <analyzed>
              <units>Participants</units>
              <scope>Measure</scope>
              <count_list>
                <count group_id="O1" value="0"/>
                <count group_id="O2" value="0"/>
              </count_list>
            </analyzed>
          </analyzed_list>
        </measure>
      </outcome>
    </outcome_list>

    <reported_events>
      <desc>Total of 210 patients evaluable for toxicity (106 Arm I &amp; 104 Arm II). Reasons for exclusion from this population include 3 ineligibles, 3 not randomized, 10 off before starting study/treatment.</desc>
      <group_list>
        <group group_id="E1">
          <title>Arm I (Placebo)</title>
          <description>Patients rinse and gargle with placebo over 1 minute QID beginning the first day (about day -7) of the conditioning regimen. Treatment continues until day 20 post-transplantation.&#xD;
placebo: Mouth rinse&#xD;
questionnaire administration: Ancillary studies&#xD;
quality-of-life assessment: Ancillary studies</description>
        </group>
        <group group_id="E2">
          <title>Arm II (Supersaturated Calcium Phosphate Rinse)</title>
          <description>Patients rinse and gargle with supersaturated calcium phosphate rinse over 1 minute QID beginning on the first day (about day -7) of the conditioning regimen. Treatment continues until day 20 post-transplantation.&#xD;
supersaturated calcium phosphate rinse: Mouth rinse&#xD;
questionnaire administration: Ancillary studies&#xD;
quality-of-life assessment: Ancillary studies</description>
        </group>
      </group_list>
      <serious_events>
        <category_list>
          <category>
            <title>Total</title>
            <event_list>
              <event>
                <sub_title>Total, serious adverse events</sub_title>
                <counts group_id="E1" subjects_affected="0" subjects_at_risk="106"/>
                <counts group_id="E2" subjects_affected="3" subjects_at_risk="104"/>
              </event>
            </event_list>
          </category>
          <category>
            <title>Infections and infestations</title>
            <event_list>
              <event>
                <sub_title>Infections and infestations - Other, specify</sub_title>
                <counts group_id="E1" subjects_affected="0" subjects_at_risk="106"/>
                <counts group_id="E2" subjects_affected="1" subjects_at_risk="104"/>
              </event>
              <event>
                <sub_title>Sepsis</sub_title>
                <counts group_id="E1" subjects_affected="0" subjects_at_risk="106"/>
                <counts group_id="E2" subjects_affected="1" subjects_at_risk="104"/>
              </event>
            </event_list>
          </category>
          <category>
            <title>Nervous system disorders</title>
            <event_list>
              <event>
                <sub_title>Intracranial hemorrhage</sub_title>
                <counts group_id="E1" subjects_affected="0" subjects_at_risk="106"/>
                <counts group_id="E2" subjects_affected="1" subjects_at_risk="104"/>
              </event>
            </event_list>
          </category>
        </category_list>
      </serious_events>
      <other_events>
        <frequency_threshold>0</frequency_threshold>
        <category_list>
          <category>
            <title>Total</title>
            <event_list>
              <event>
                <sub_title>Total, other adverse events</sub_title>
                <counts group_id="E1" subjects_affected="29" subjects_at_risk="106"/>
                <counts group_id="E2" subjects_affected="22" subjects_at_risk="104"/>
              </event>
            </event_list>
          </category>
          <category>
            <title>Gastrointestinal disorders</title>
            <event_list>
              <event>
                <sub_title>Diarrhea</sub_title>
                <counts group_id="E1" subjects_affected="0" subjects_at_risk="106"/>
                <counts group_id="E2" subjects_affected="1" subjects_at_risk="104"/>
              </event>
              <event>
                <sub_title>Oral pain</sub_title>
                <counts group_id="E1" subjects_affected="16" subjects_at_risk="106"/>
                <counts group_id="E2" subjects_affected="13" subjects_at_risk="104"/>
              </event>
            </event_list>
          </category>
          <category>
            <title>General disorders</title>
            <event_list>
              <event>
                <sub_title>Pain</sub_title>
                <counts group_id="E1" subjects_affected="1" subjects_at_risk="106"/>
                <counts group_id="E2" subjects_affected="0" subjects_at_risk="104"/>
              </event>
            </event_list>
          </category>
          <category>
            <title>Immune system disorders</title>
            <event_list>
              <event>
                <sub_title>Allergic reaction</sub_title>
                <counts group_id="E1" subjects_affected="0" subjects_at_risk="106"/>
                <counts group_id="E2" subjects_affected="1" subjects_at_risk="104"/>
              </event>
              <event>
                <sub_title>Anaphylaxis</sub_title>
                <counts group_id="E1" subjects_affected="0" subjects_at_risk="106"/>
                <counts group_id="E2" subjects_affected="1" subjects_at_risk="104"/>
              </event>
            </event_list>
          </category>
          <category>
            <title>Infections and infestations</title>
            <event_list>
              <event>
                <sub_title>Infections and infestations - Other, specify</sub_title>
                <counts group_id="E1" subjects_affected="12" subjects_at_risk="106"/>
                <counts group_id="E2" subjects_affected="8" subjects_at_risk="104"/>
              </event>
              <event>
                <sub_title>Urinary tract infection</sub_title>
                <counts group_id="E1" subjects_affected="1" subjects_at_risk="106"/>
                <counts group_id="E2" subjects_affected="0" subjects_at_risk="104"/>
              </event>
            </event_list>
          </category>
          <category>
            <title>Investigations</title>
            <event_list>
              <event>
                <sub_title>Neutrophil count decreased</sub_title>
                <counts group_id="E1" subjects_affected="0" subjects_at_risk="106"/>
                <counts group_id="E2" subjects_affected="1" subjects_at_risk="104"/>
              </event>
            </event_list>
          </category>
          <category>
            <title>Metabolism and nutrition disorders</title>
            <event_list>
              <event>
                <sub_title>Hypocalcemia</sub_title>
                <counts group_id="E1" subjects_affected="1" subjects_at_risk="106"/>
                <counts group_id="E2" subjects_affected="0" subjects_at_risk="104"/>
              </event>
              <event>
                <sub_title>Hypokalemia</sub_title>
                <counts group_id="E1" subjects_affected="1" subjects_at_risk="106"/>
                <counts group_id="E2" subjects_affected="0" subjects_at_risk="104"/>
              </event>
            </event_list>
          </category>
          <category>
            <title>Nervous system disorders</title>
            <event_list>
              <event>
                <sub_title>Dysgeusia</sub_title>
                <counts group_id="E1" subjects_affected="2" subjects_at_risk="106"/>
                <counts group_id="E2" subjects_affected="2" subjects_at_risk="104"/>
              </event>
              <event>
                <sub_title>Seizure</sub_title>
                <counts group_id="E1" subjects_affected="1" subjects_at_risk="106"/>
                <counts group_id="E2" subjects_affected="0" subjects_at_risk="104"/>
              </event>
            </event_list>
          </category>
          <category>
            <title>Skin and subcutaneous tissue disorders</title>
            <event_list>
              <event>
                <sub_title>Rash acneiform</sub_title>
                <counts group_id="E1" subjects_affected="1" subjects_at_risk="106"/>
                <counts group_id="E2" subjects_affected="0" subjects_at_risk="104"/>
              </event>
            </event_list>
          </category>
        </category_list>
      </other_events>
    </reported_events>

    <certain_agreements>
      <pi_employee>Principal Investigators are NOT employed by the organization sponsoring the study.</pi_employee>
    </certain_agreements>
    <point_of_contact>
      <name_or_title>Results Reporting Coordinator</name_or_title>
      <organization>Children's Oncology Group</organization>
      <phone>626-447-0064</phone>
      <email>resultsreporingcoordinator@childrensoncologygroup.org</email>
    </point_of_contact>
  </clinical_results>
</clinical_study>

