<?xml version="1.0" encoding="UTF-8"?>
<clinical_study rank="161">
  <!-- This xml conforms to an XML Schema at:
    https://clinicaltrials.gov/ct2/html/images/info/public.xsd -->
  <required_header>
    <download_date>ClinicalTrials.gov processed this data on May 11, 2021</download_date>
    <link_text>Link to the current ClinicalTrials.gov record.</link_text>
    <url>https://clinicaltrials.gov/show/NCT00049504</url>
  </required_header>
  <id_info>
    <org_study_id>1667.00</org_study_id>
    <secondary_id>NCI-2010-00166</secondary_id>
    <nct_id>NCT00049504</nct_id>
  </id_info>
  <brief_title>Haploidentical Donor Bone Marrow Transplant in Treating Patients With High-Risk Hematologic Cancer</brief_title>
  <official_title>Nonmyeloablative Hematopoietic Stem Cell Transplantation for Patients With High-Risk Hematologic Malignancies Using Related, HLA-Haploidentical Donors: A Phase II Trial of Combined Immunosuppression Before and After Transplantation</official_title>
  <sponsors>
    <lead_sponsor>
      <agency>Fred Hutchinson Cancer Research Center</agency>
      <agency_class>Other</agency_class>
    </lead_sponsor>
    <collaborator>
      <agency>National Cancer Institute (NCI)</agency>
      <agency_class>NIH</agency_class>
    </collaborator>
  </sponsors>
  <source>Fred Hutchinson Cancer Research Center</source>
  <oversight_info>
    <has_dmc>No</has_dmc>
    <is_fda_regulated_device>No</is_fda_regulated_device>
  </oversight_info>
  <brief_summary>
    <textblock>
      This phase II trial studies how well giving fludarabine phosphate, cyclophosphamide,&#xD;
      tacrolimus, mycophenolate mofetil and total-body irradiation together with a donor bone&#xD;
      marrow transplant works in treating patients with high-risk hematologic cancer. Giving low&#xD;
      doses of chemotherapy, such as fludarabine phosphate and cyclophosphamide, and total-body&#xD;
      irradiation before a donor bone marrow transplant helps stop the growth of cancer cells by&#xD;
      stopping them from dividing or killing them. Giving cyclophosphamide after transplant may&#xD;
      also stop the patient's immune system from rejecting the donor's bone marrow stem cells. The&#xD;
      donated stem cells may replace the patient's immune system cells and help destroy any&#xD;
      remaining cancer cells (graft-versus-tumor effect). Sometimes the transplanted cells from a&#xD;
      donor can also make an immune response against the body's normal cells. Giving tacrolimus and&#xD;
      mycophenolate mofetil after the transplant may stop this from happening&#xD;
    </textblock>
  </brief_summary>
  <detailed_description>
    <textblock>
      OBJECTIVES:&#xD;
&#xD;
      I. To determine if engraftment can be achieved safely in patients with high-risk hematologic&#xD;
      malignancies who undergo non-myeloablative bone marrow transplantation (BMT) from human&#xD;
      leukocyte antigen (HLA)-haploidentical donors.&#xD;
&#xD;
      OUTLINE:&#xD;
&#xD;
      NONMYELOABLATIVE CONDITIONING: Patients receive fludarabine phosphate intravenously (IV) over&#xD;
      1 hour on days -6 to -2 and cyclophosphamide IV over 1 hour on days -6 and -5. Patients&#xD;
      undergo total body irradiation on day -1.&#xD;
&#xD;
      TRANSPLANTATION: Patients undergo BMT, from an HLA-haploidentical donor, on day 0.&#xD;
&#xD;
      POST-TRANSPLANT IMMUNOSUPPRESSION: Patients receive cyclophosphamide IV over 1 hour on day 3.&#xD;
&#xD;
      GRAFT-VERSUS-HOST DISEASE PROPHYLAXIS: Patients receive tacrolimus IV over 1-2 hours and then&#xD;
      tacrolimus orally (PO), once tolerated, on days 4-180, with taper on day 86 in the absence of&#xD;
      graft-versus-host disease. Patients also receive mycophenolate mofetil PO three times daily&#xD;
      on days 4-35.&#xD;
&#xD;
      Treatment continues in the absence of disease progression or unacceptable toxicity.&#xD;
&#xD;
      After completion of study treatment, patients are followed up at 6 months and then annually&#xD;
      thereafter.&#xD;
    </textblock>
  </detailed_description>
  <overall_status>Completed</overall_status>
  <start_date type="Actual">January 2002</start_date>
  <completion_date type="Actual">February 2014</completion_date>
  <primary_completion_date type="Actual">March 2011</primary_completion_date>
  <phase>Phase 2</phase>
  <study_type>Interventional</study_type>
  <has_expanded_access>No</has_expanded_access>
  <study_design_info>
    <allocation>N/A</allocation>
    <intervention_model>Single Group Assignment</intervention_model>
    <primary_purpose>Treatment</primary_purpose>
    <masking>None (Open Label)</masking>
  </study_design_info>
  <primary_outcome>
    <measure>Donor Engraftment (Chimerism)</measure>
    <time_frame>At day +84 after transplantation</time_frame>
    <description>Defined by the detection of at least 50% donor derived T-cells (CD3+), as a proportion of the total T-cell population</description>
  </primary_outcome>
  <primary_outcome>
    <measure>Incidence of Grades III-IV Acute GVHD</measure>
    <time_frame>At any time within 200 days after transplantation</time_frame>
    <description>Grade III GVHD represents moderate severity. Grade IV GVHD represents extreme severity</description>
  </primary_outcome>
  <primary_outcome>
    <measure>Non-relapse-related Mortality</measure>
    <time_frame>Up to 200 days after transplantation</time_frame>
    <description>Number of deaths without progression or recurrence of malignant disease</description>
  </primary_outcome>
  <number_of_arms>1</number_of_arms>
  <enrollment type="Actual">53</enrollment>
  <condition>Accelerated Phase Chronic Myelogenous Leukemia</condition>
  <condition>Adult Acute Lymphoblastic Leukemia in Remission</condition>
  <condition>Adult Acute Myeloid Leukemia in Remission</condition>
  <condition>Adult Acute Myeloid Leukemia With 11q23 (MLL) Abnormalities</condition>
  <condition>Adult Acute Myeloid Leukemia With Del(5q)</condition>
  <condition>Adult Acute Myeloid Leukemia With Inv(16)(p13;q22)</condition>
  <condition>Adult Acute Myeloid Leukemia With t(15;17)(q22;q12)</condition>
  <condition>Adult Acute Myeloid Leukemia With t(16;16)(p13;q22)</condition>
  <condition>Adult Acute Myeloid Leukemia With t(8;21)(q22;q22)</condition>
  <condition>Adult Nasal Type Extranodal NK/T-cell Lymphoma</condition>
  <condition>Anaplastic Large Cell Lymphoma</condition>
  <condition>Angioimmunoblastic T-cell Lymphoma</condition>
  <condition>Childhood Acute Lymphoblastic Leukemia in Remission</condition>
  <condition>Childhood Acute Myeloid Leukemia in Remission</condition>
  <condition>Childhood Burkitt Lymphoma</condition>
  <condition>Childhood Chronic Myelogenous Leukemia</condition>
  <condition>Childhood Myelodysplastic Syndromes</condition>
  <condition>Childhood Nasal Type Extranodal NK/T-cell Lymphoma</condition>
  <condition>Cutaneous B-cell Non-Hodgkin Lymphoma</condition>
  <condition>de Novo Myelodysplastic Syndromes</condition>
  <condition>Extranodal Marginal Zone B-cell Lymphoma of Mucosa-associated Lymphoid Tissue</condition>
  <condition>Hematopoietic/Lymphoid Cancer</condition>
  <condition>Hepatosplenic T-cell Lymphoma</condition>
  <condition>Intraocular Lymphoma</condition>
  <condition>Nodal Marginal Zone B-cell Lymphoma</condition>
  <condition>Peripheral T-cell Lymphoma</condition>
  <condition>Post-transplant Lymphoproliferative Disorder</condition>
  <condition>Previously Treated Myelodysplastic Syndromes</condition>
  <condition>Recurrent Adult Burkitt Lymphoma</condition>
  <condition>Recurrent Adult Diffuse Large Cell Lymphoma</condition>
  <condition>Recurrent Adult Diffuse Mixed Cell Lymphoma</condition>
  <condition>Recurrent Adult Diffuse Small Cleaved Cell Lymphoma</condition>
  <condition>Recurrent Adult Grade III Lymphomatoid Granulomatosis</condition>
  <condition>Recurrent Adult Hodgkin Lymphoma</condition>
  <condition>Recurrent Adult Immunoblastic Large Cell Lymphoma</condition>
  <condition>Recurrent Adult Lymphoblastic Lymphoma</condition>
  <condition>Recurrent Adult T-cell Leukemia/Lymphoma</condition>
  <condition>Recurrent Childhood Anaplastic Large Cell Lymphoma</condition>
  <condition>Recurrent Childhood Grade III Lymphomatoid Granulomatosis</condition>
  <condition>Recurrent Childhood Large Cell Lymphoma</condition>
  <condition>Recurrent Childhood Lymphoblastic Lymphoma</condition>
  <condition>Recurrent Childhood Small Noncleaved Cell Lymphoma</condition>
  <condition>Recurrent Cutaneous T-cell Non-Hodgkin Lymphoma</condition>
  <condition>Recurrent Grade 1 Follicular Lymphoma</condition>
  <condition>Recurrent Grade 2 Follicular Lymphoma</condition>
  <condition>Recurrent Grade 3 Follicular Lymphoma</condition>
  <condition>Recurrent Mantle Cell Lymphoma</condition>
  <condition>Recurrent Marginal Zone Lymphoma</condition>
  <condition>Recurrent Mycosis Fungoides/Sezary Syndrome</condition>
  <condition>Recurrent Small Lymphocytic Lymphoma</condition>
  <condition>Recurrent/Refractory Childhood Hodgkin Lymphoma</condition>
  <condition>Refractory Chronic Lymphocytic Leukemia</condition>
  <condition>Refractory Multiple Myeloma</condition>
  <condition>Relapsing Chronic Myelogenous Leukemia</condition>
  <condition>Secondary Myelodysplastic Syndromes</condition>
  <condition>Small Intestine Lymphoma</condition>
  <condition>Splenic Marginal Zone Lymphoma</condition>
  <condition>Stage II Multiple Myeloma</condition>
  <condition>Stage III Adult Burkitt Lymphoma</condition>
  <condition>Stage III Adult Diffuse Large Cell Lymphoma</condition>
  <condition>Stage III Adult Diffuse Mixed Cell Lymphoma</condition>
  <condition>Stage III Adult Diffuse Small Cleaved Cell Lymphoma</condition>
  <condition>Stage III Adult Hodgkin Lymphoma</condition>
  <condition>Stage III Adult Immunoblastic Large Cell Lymphoma</condition>
  <condition>Stage III Adult Lymphoblastic Lymphoma</condition>
  <condition>Stage III Adult T-cell Leukemia/Lymphoma</condition>
  <condition>Stage III Childhood Hodgkin Lymphoma</condition>
  <condition>Stage III Chronic Lymphocytic Leukemia</condition>
  <condition>Stage III Cutaneous T-cell Non-Hodgkin Lymphoma</condition>
  <condition>Stage III Grade 1 Follicular Lymphoma</condition>
  <condition>Stage III Grade 2 Follicular Lymphoma</condition>
  <condition>Stage III Grade 3 Follicular Lymphoma</condition>
  <condition>Stage III Mantle Cell Lymphoma</condition>
  <condition>Stage III Marginal Zone Lymphoma</condition>
  <condition>Stage III Multiple Myeloma</condition>
  <condition>Stage III Mycosis Fungoides/Sezary Syndrome</condition>
  <condition>Stage III Small Lymphocytic Lymphoma</condition>
  <condition>Stage IV Adult Burkitt Lymphoma</condition>
  <condition>Stage IV Adult Diffuse Large Cell Lymphoma</condition>
  <condition>Stage IV Adult Diffuse Mixed Cell Lymphoma</condition>
  <condition>Stage IV Adult Diffuse Small Cleaved Cell Lymphoma</condition>
  <condition>Stage IV Adult Hodgkin Lymphoma</condition>
  <condition>Stage IV Adult Immunoblastic Large Cell Lymphoma</condition>
  <condition>Stage IV Adult Lymphoblastic Lymphoma</condition>
  <condition>Stage IV Adult T-cell Leukemia/Lymphoma</condition>
  <condition>Stage IV Childhood Hodgkin Lymphoma</condition>
  <condition>Stage IV Chronic Lymphocytic Leukemia</condition>
  <condition>Stage IV Cutaneous T-cell Non-Hodgkin Lymphoma</condition>
  <condition>Stage IV Grade 1 Follicular Lymphoma</condition>
  <condition>Stage IV Grade 2 Follicular Lymphoma</condition>
  <condition>Stage IV Grade 3 Follicular Lymphoma</condition>
  <condition>Stage IV Mantle Cell Lymphoma</condition>
  <condition>Stage IV Marginal Zone Lymphoma</condition>
  <condition>Stage IV Mycosis Fungoides/Sezary Syndrome</condition>
  <condition>Stage IV Small Lymphocytic Lymphoma</condition>
  <condition>Testicular Lymphoma</condition>
  <condition>Waldenström Macroglobulinemia</condition>
  <arm_group>
    <arm_group_label>Treatment (nonmyeloablative HSCT)</arm_group_label>
    <arm_group_type>Experimental</arm_group_type>
    <description>NONMYELOABLATIVE CONDITIONING: Patients receive fludarabine phosphate IV over 1 hour on days -6 to -2 and cyclophosphamide IV over 1 hour on days -6 and -5. Patients undergo total body irradiation on day -1.&#xD;
TRANSPLANTATION: Patients undergo BMT, from an HLA-haploidentical donor, on day 0.&#xD;
POST-TRANSPLANT IMMUNOSUPPRESSION: Patients receive cyclophosphamide IV over 1 hour on day 3.&#xD;
GRAFT-VERSUS-HOST DISEASE PROPHYLAXIS: Patients receive tacrolimus IV over 1-2 hours and then tacrolimus PO, once tolerated, on days 4-180, with taper on day 86 in the absence of graft-versus-host disease. Patients also receive mycophenolate mofetil PO three times daily on days 4-35.</description>
  </arm_group>
  <intervention>
    <intervention_type>Drug</intervention_type>
    <intervention_name>cyclophosphamide</intervention_name>
    <description>Given IV</description>
    <arm_group_label>Treatment (nonmyeloablative HSCT)</arm_group_label>
    <other_name>CPM</other_name>
    <other_name>CTX</other_name>
    <other_name>Cytoxan</other_name>
    <other_name>Endoxan</other_name>
    <other_name>Endoxana</other_name>
  </intervention>
  <intervention>
    <intervention_type>Drug</intervention_type>
    <intervention_name>fludarabine phosphate</intervention_name>
    <description>Given IV</description>
    <arm_group_label>Treatment (nonmyeloablative HSCT)</arm_group_label>
    <other_name>2-F-ara-AMP</other_name>
    <other_name>Beneflur</other_name>
    <other_name>Fludara</other_name>
  </intervention>
  <intervention>
    <intervention_type>Drug</intervention_type>
    <intervention_name>tacrolimus</intervention_name>
    <description>Given IV or orally</description>
    <arm_group_label>Treatment (nonmyeloablative HSCT)</arm_group_label>
    <other_name>FK 506</other_name>
    <other_name>Prograf</other_name>
  </intervention>
  <intervention>
    <intervention_type>Drug</intervention_type>
    <intervention_name>mycophenolate mofetil</intervention_name>
    <description>Given orally</description>
    <arm_group_label>Treatment (nonmyeloablative HSCT)</arm_group_label>
    <other_name>Cellcept</other_name>
    <other_name>MMF</other_name>
  </intervention>
  <intervention>
    <intervention_type>Genetic</intervention_type>
    <intervention_name>polymerase chain reaction</intervention_name>
    <description>Correlative studies</description>
    <arm_group_label>Treatment (nonmyeloablative HSCT)</arm_group_label>
    <other_name>PCR</other_name>
  </intervention>
  <intervention>
    <intervention_type>Genetic</intervention_type>
    <intervention_name>fluorescence in situ hybridization</intervention_name>
    <description>Correlative studies</description>
    <arm_group_label>Treatment (nonmyeloablative HSCT)</arm_group_label>
    <other_name>fluorescence in situ hybridization (FISH)</other_name>
  </intervention>
  <intervention>
    <intervention_type>Genetic</intervention_type>
    <intervention_name>polymorphism analysis</intervention_name>
    <description>Correlative studies</description>
    <arm_group_label>Treatment (nonmyeloablative HSCT)</arm_group_label>
  </intervention>
  <intervention>
    <intervention_type>Genetic</intervention_type>
    <intervention_name>gene expression analysis</intervention_name>
    <description>Correlative studies</description>
    <arm_group_label>Treatment (nonmyeloablative HSCT)</arm_group_label>
  </intervention>
  <intervention>
    <intervention_type>Radiation</intervention_type>
    <intervention_name>total-body irradiation</intervention_name>
    <description>Undergo total-body irradiation</description>
    <arm_group_label>Treatment (nonmyeloablative HSCT)</arm_group_label>
    <other_name>TBI</other_name>
  </intervention>
  <intervention>
    <intervention_type>Procedure</intervention_type>
    <intervention_name>allogeneic bone marrow transplantation</intervention_name>
    <description>Undergo haploidentical hematopoietic bone marrow transplantation</description>
    <arm_group_label>Treatment (nonmyeloablative HSCT)</arm_group_label>
    <other_name>bone marrow therapy, allogeneic</other_name>
    <other_name>bone marrow therapy, allogenic</other_name>
    <other_name>transplantation, allogeneic bone marrow</other_name>
    <other_name>transplantation, allogenic bone marrow</other_name>
  </intervention>
  <intervention>
    <intervention_type>Procedure</intervention_type>
    <intervention_name>allogeneic hematopoietic stem cell transplantation</intervention_name>
    <description>Undergo haploidentical hematopoietic bone marrow transplantation</description>
    <arm_group_label>Treatment (nonmyeloablative HSCT)</arm_group_label>
  </intervention>
  <eligibility>
    <criteria>
      <textblock>
        Inclusion Criteria:&#xD;
&#xD;
          -  Chronic myeloid leukemia (CML) in accelerated phase (AP)&#xD;
&#xD;
          -  Acute myeloid leukemia (AML) with high-risk cytogenetics [del(5q)/-5, del(7q)/-7,&#xD;
             abnormal 3q, 9q, 11q, 20q, 21q, 17p, t(6:9), t(9;22), complex karyotypes (&gt;= 3&#xD;
             abnormalities)] in complete remission (CR)1&#xD;
&#xD;
          -  AML &gt;= CR2; patients should have &lt; 5% marrow blasts at the time of transplant&#xD;
&#xD;
          -  High-risk ALL defined as: CR1 with high-risk cytogenetics; t(9;22), t(4;11), or&#xD;
             hypodiploid (&lt; 45 chromosomes) for pediatric patients; t(9;22), t(8;14), t(4;11),&#xD;
             t(1;19) for adult patients; &gt; 4 wk to achieve CR1; &gt;= CR2 (patients should have &lt; 5%&#xD;
             marrow blasts at the time of transplant)&#xD;
&#xD;
          -  Myelodysplastic syndromes (MDS) (&gt;int-1 per IPSS) after &gt;= 1 prior cycle of induction&#xD;
             chemotherapy; should have &lt; 5% marrow blasts at the time of transplant&#xD;
&#xD;
          -  Multiple myeloma (MM) Stage II or III patients who have progressed after an initial&#xD;
             response to chemotherapy or autologous hematopoietic stem cell transplantation (HSCT)&#xD;
             or MM patients with refractory disease who may benefit from tandem&#xD;
             autologous-nonmyeloablative allogeneic transplant&#xD;
&#xD;
          -  Chronic lymphocytic leukemia (CLL), non-Hodgkin's lymphoma (NHL) or Hodgkin's Disease&#xD;
             (HD) who are ineligible for autologous HSCT or who have resistant/refractory disease&#xD;
             and who may benefit from tandem autologous nonmyeloablative allogeneic transplant&#xD;
&#xD;
          -  Patients who have received a prior allogeneic HSCT and who have either rejected their&#xD;
             grafts or who have become tolerant of their grafts with no active graft-versus-host&#xD;
             disease (GvHD) requiring immunosuppressive therapy&#xD;
&#xD;
          -  DONOR: Related donors who are identical for one HLA haplotype and mismatched at the&#xD;
             HLA-A, -B, -C or DRB1 loci of the unshared haplotype with the exception of single&#xD;
             HLA-A, -B or -C allele mismatches&#xD;
&#xD;
        Exclusion Criteria:&#xD;
&#xD;
          -  Cross-match positive with donor&#xD;
&#xD;
          -  Patients with suitably matched related or unrelated donors&#xD;
&#xD;
          -  Patients with conventional transplant options (a conventional transplant should be the&#xD;
             priority for eligible patients =&lt; 50 yr of age who have a related donor mismatched for&#xD;
             a single HLA-A, -B or DRB1 antigen)&#xD;
&#xD;
          -  Central nervous system (CNS) involvement with disease refractory to intrathecal&#xD;
             chemotherapy&#xD;
&#xD;
          -  Presence of active, serious infection (e.g., mucormycosis, uncontrolled aspergillosis,&#xD;
             tuberculosis)&#xD;
&#xD;
          -  Karnofsky Performance Status &lt; 60 for adult patients&#xD;
&#xD;
          -  Lansky-Play Performance Score &lt; 60 for pediatric patients&#xD;
&#xD;
          -  Left ventricular ejection fraction &lt; 35%&#xD;
&#xD;
          -  Diffusing capacity of the lung for carbon monoxide (DLCO) &lt; 35% and/or receiving&#xD;
             supplemental continuous oxygen&#xD;
&#xD;
          -  Liver abnormalities: fulminant liver failure, cirrhosis of the liver with evidence of&#xD;
             portal hypertension, alcoholic hepatitis, esophageal varices, hepatic encephalopathy,&#xD;
             uncorrectable hepatic synthetic dysfunction as evidenced by prolongation of the&#xD;
             prothrombin time, ascites related to portal hypertension, bacterial or fungal liver&#xD;
             abscess, biliary obstruction, chronic viral hepatitis with total serum bilirubin &gt; 3&#xD;
             mg/dL or symptomatic biliary disease&#xD;
&#xD;
          -  Human immunodeficiency virus (HIV)-positive patients&#xD;
&#xD;
          -  Women of childbearing potential who are pregnant (beta-HCG+) or breast feeding&#xD;
&#xD;
          -  Fertile men and women unwilling to use contraceptives during and for 12 months&#xD;
             post-transplant&#xD;
&#xD;
          -  Life expectancy severely limited by diseases other than malignancy&#xD;
&#xD;
          -  DONOR: Donor-recipient pairs in which the HLA-mismatch is only in the HVG direction&#xD;
&#xD;
          -  DONOR: Cross-match positive with recipient&#xD;
      </textblock>
    </criteria>
    <gender>All</gender>
    <minimum_age>N/A</minimum_age>
    <maximum_age>N/A</maximum_age>
    <healthy_volunteers>No</healthy_volunteers>
  </eligibility>
  <overall_official>
    <last_name>Paul O'Donnell</last_name>
    <role>Principal Investigator</role>
    <affiliation>Fred Hutchinson Cancer Research Center/University of Washington Cancer Consortium</affiliation>
  </overall_official>
  <location>
    <facility>
      <name>Fred Hutchinson Cancer Research Center/University of Washington Cancer Consortium</name>
      <address>
        <city>Seattle</city>
        <state>Washington</state>
        <zip>98109</zip>
        <country>United States</country>
      </address>
    </facility>
  </location>
  <location_countries>
    <country>United States</country>
  </location_countries>
  <verification_date>April 2017</verification_date>
  <study_first_submitted>November 12, 2002</study_first_submitted>
  <study_first_submitted_qc>January 26, 2003</study_first_submitted_qc>
  <study_first_posted type="Estimate">January 27, 2003</study_first_posted>
  <results_first_submitted>April 10, 2017</results_first_submitted>
  <results_first_submitted_qc>April 10, 2017</results_first_submitted_qc>
  <results_first_posted type="Actual">May 17, 2017</results_first_posted>
  <last_update_submitted>April 10, 2017</last_update_submitted>
  <last_update_submitted_qc>April 10, 2017</last_update_submitted_qc>
  <last_update_posted type="Actual">May 17, 2017</last_update_posted>
  <responsible_party>
    <responsible_party_type>Sponsor</responsible_party_type>
  </responsible_party>
  <condition_browse>
    <!-- CAUTION:  The following MeSH terms are assigned with an imperfect algorithm            -->
    <mesh_term>Mycoses</mesh_term>
    <mesh_term>Burkitt Lymphoma</mesh_term>
    <mesh_term>Lymphoma</mesh_term>
    <mesh_term>Leukemia</mesh_term>
    <mesh_term>Leukemia, Myeloid</mesh_term>
    <mesh_term>Multiple Myeloma</mesh_term>
    <mesh_term>Neoplasms, Plasma Cell</mesh_term>
    <mesh_term>Leukemia, Myeloid, Acute</mesh_term>
    <mesh_term>Lymphoma, Follicular</mesh_term>
    <mesh_term>Preleukemia</mesh_term>
    <mesh_term>Lymphoma, Non-Hodgkin</mesh_term>
    <mesh_term>Leukemia, Lymphoid</mesh_term>
    <mesh_term>Precursor Cell Lymphoblastic Leukemia-Lymphoma</mesh_term>
    <mesh_term>Leukemia, Lymphocytic, Chronic, B-Cell</mesh_term>
    <mesh_term>Lymphoma, B-Cell</mesh_term>
    <mesh_term>Hodgkin Disease</mesh_term>
    <mesh_term>Lymphoma, Mantle-Cell</mesh_term>
    <mesh_term>Leukemia, Myelogenous, Chronic, BCR-ABL Positive</mesh_term>
    <mesh_term>Lymphoma, B-Cell, Marginal Zone</mesh_term>
    <mesh_term>Lymphoma, T-Cell</mesh_term>
    <mesh_term>Lymphoma, Large B-Cell, Diffuse</mesh_term>
    <mesh_term>Lymphoma, Large-Cell, Immunoblastic</mesh_term>
    <mesh_term>Plasmablastic Lymphoma</mesh_term>
    <mesh_term>Mycosis Fungoides</mesh_term>
    <mesh_term>Sezary Syndrome</mesh_term>
    <mesh_term>Leukemia, T-Cell</mesh_term>
    <mesh_term>Lymphoma, T-Cell, Cutaneous</mesh_term>
    <mesh_term>Leukemia-Lymphoma, Adult T-Cell</mesh_term>
    <mesh_term>Waldenstrom Macroglobulinemia</mesh_term>
    <mesh_term>Lymphoma, Large-Cell, Anaplastic</mesh_term>
    <mesh_term>Lymphoma, T-Cell, Peripheral</mesh_term>
    <mesh_term>Lymphomatoid Granulomatosis</mesh_term>
    <mesh_term>Leukemia, Myeloid, Accelerated Phase</mesh_term>
    <mesh_term>Lymphoma, Extranodal NK-T-Cell</mesh_term>
    <mesh_term>Intraocular Lymphoma</mesh_term>
    <mesh_term>Myelodysplastic Syndromes</mesh_term>
    <mesh_term>Lymphoproliferative Disorders</mesh_term>
    <mesh_term>Immunoblastic Lymphadenopathy</mesh_term>
    <mesh_term>Syndrome</mesh_term>
  </condition_browse>
  <intervention_browse>
    <!-- CAUTION:  The following MeSH terms are assigned with an imperfect algorithm            -->
    <mesh_term>Mycophenolic Acid</mesh_term>
    <mesh_term>Cyclophosphamide</mesh_term>
    <mesh_term>Fludarabine</mesh_term>
    <mesh_term>Fludarabine phosphate</mesh_term>
    <mesh_term>Tacrolimus</mesh_term>
  </intervention_browse>
  <patient_data>
    <sharing_ipd>No</sharing_ipd>
    <ipd_description>Individual patient data is protected by HIPAA at each participant organization.</ipd_description>
  </patient_data>

  <clinical_results>

    <participant_flow>
      <group_list>
        <group group_id="P1">
          <title>Treatment (Nonmyeloablative HSCT)</title>
          <description>NONMYELOABLATIVE CONDITIONING: Patients receive fludarabine IV over 1 hour on days -6 to -2 and cyclophosphamide IV over 1 hour on days -6 and -5. Patients undergo total body irradiation on day -1.&#xD;
TRANSPLANTATION: Patients undergo BMT, from an HLA-haploidentical donor, on day 0.&#xD;
POST-TRANSPLANT IMMUNOSUPPRESSION: Patients receive cyclophosphamide IV over 1 hour on day 3.&#xD;
GRAFT-VERSUS-HOST DISEASE PROPHYLAXIS: Patients receive tacrolimus IV over 1-2 hours and then tacrolimus PO, once tolerated, on days 4-180, with taper on day 86 in the absence of graft-versus-host disease. Patients also receive mycophenolate mofetil PO three times daily on days 4-35.</description>
        </group>
      </group_list>
      <period_list>
        <period>
          <title>Overall Study</title>
          <milestone_list>
            <milestone>
              <title>STARTED</title>
              <participants_list>
                <participants group_id="P1" count="55"/>
              </participants_list>
            </milestone>
            <milestone>
              <title>COMPLETED</title>
              <participants_list>
                <participants group_id="P1" count="55"/>
              </participants_list>
            </milestone>
            <milestone>
              <title>NOT COMPLETED</title>
              <participants_list>
                <participants group_id="P1" count="0"/>
              </participants_list>
            </milestone>
          </milestone_list>
        </period>
      </period_list>
    </participant_flow>

    <baseline>
      <group_list>
        <group group_id="B1">
          <title>Treatment (Nonmyeloablative HSCT)</title>
          <description>NONMYELOABLATIVE CONDITIONING: Patients receive fludarabine IV over 1 hour on days -6 to -2 and cyclophosphamide IV over 1 hour on days -6 and -5. Patients undergo total body irradiation on day -1.&#xD;
TRANSPLANTATION: Patients undergo BMT, from an HLA-haploidentical donor, on day 0.&#xD;
POST-TRANSPLANT IMMUNOSUPPRESSION: Patients receive cyclophosphamide IV over 1 hour on day 3.&#xD;
GRAFT-VERSUS-HOST DISEASE PROPHYLAXIS: Patients receive tacrolimus IV over 1-2 hours and then tacrolimus PO, once tolerated, on days 4-180, with taper on day 86 in the absence of graft-versus-host disease. Patients also receive mycophenolate mofetil PO three times daily on days 4-35.</description>
        </group>
      </group_list>
      <analyzed_list>
        <analyzed>
          <units>Participants</units>
          <scope>Overall</scope>
          <count_list>
            <count group_id="B1" value="55"/>
          </count_list>
        </analyzed>
      </analyzed_list>
      <measure_list>
        <measure>
          <title>Age</title>
          <units>years</units>
          <param>Median</param>
          <dispersion>Full Range</dispersion>
          <class_list>
            <class>
              <category_list>
                <category>
                  <measurement_list>
                    <measurement group_id="B1" value="40" lower_limit="18" upper_limit="73"/>
                  </measurement_list>
                </category>
              </category_list>
            </class>
          </class_list>
        </measure>
        <measure>
          <title>Sex: Female, Male</title>
          <units>Participants</units>
          <param>Count of Participants</param>
          <class_list>
            <class>
              <category_list>
                <category>
                  <title>Female</title>
                  <measurement_list>
                    <measurement group_id="B1" value="21"/>
                  </measurement_list>
                </category>
                <category>
                  <title>Male</title>
                  <measurement_list>
                    <measurement group_id="B1" value="34"/>
                  </measurement_list>
                </category>
              </category_list>
            </class>
          </class_list>
        </measure>
        <measure>
          <title>Ethnicity (NIH/OMB)</title>
          <units>Participants</units>
          <param>Count of Participants</param>
          <class_list>
            <class>
              <category_list>
                <category>
                  <title>Hispanic or Latino</title>
                  <measurement_list>
                    <measurement group_id="B1" value="3"/>
                  </measurement_list>
                </category>
                <category>
                  <title>Not Hispanic or Latino</title>
                  <measurement_list>
                    <measurement group_id="B1" value="49"/>
                  </measurement_list>
                </category>
                <category>
                  <title>Unknown or Not Reported</title>
                  <measurement_list>
                    <measurement group_id="B1" value="3"/>
                  </measurement_list>
                </category>
              </category_list>
            </class>
          </class_list>
        </measure>
        <measure>
          <title>Race (NIH/OMB)</title>
          <units>Participants</units>
          <param>Count of Participants</param>
          <class_list>
            <class>
              <category_list>
                <category>
                  <title>American Indian or Alaska Native</title>
                  <measurement_list>
                    <measurement group_id="B1" value="0"/>
                  </measurement_list>
                </category>
                <category>
                  <title>Asian</title>
                  <measurement_list>
                    <measurement group_id="B1" value="3"/>
                  </measurement_list>
                </category>
                <category>
                  <title>Native Hawaiian or Other Pacific Islander</title>
                  <measurement_list>
                    <measurement group_id="B1" value="0"/>
                  </measurement_list>
                </category>
                <category>
                  <title>Black or African American</title>
                  <measurement_list>
                    <measurement group_id="B1" value="5"/>
                  </measurement_list>
                </category>
                <category>
                  <title>White</title>
                  <measurement_list>
                    <measurement group_id="B1" value="41"/>
                  </measurement_list>
                </category>
                <category>
                  <title>More than one race</title>
                  <measurement_list>
                    <measurement group_id="B1" value="3"/>
                  </measurement_list>
                </category>
                <category>
                  <title>Unknown or Not Reported</title>
                  <measurement_list>
                    <measurement group_id="B1" value="3"/>
                  </measurement_list>
                </category>
              </category_list>
            </class>
          </class_list>
        </measure>
        <measure>
          <title>Region of Enrollment</title>
          <units>participants</units>
          <param>Number</param>
          <class_list>
            <class>
              <title>United States</title>
              <category_list>
                <category>
                  <measurement_list>
                    <measurement group_id="B1" value="55"/>
                  </measurement_list>
                </category>
              </category_list>
            </class>
          </class_list>
        </measure>
      </measure_list>
    </baseline>

    <outcome_list>
      <outcome>
        <type>Primary</type>
        <title>Donor Engraftment (Chimerism)</title>
        <description>Defined by the detection of at least 50% donor derived T-cells (CD3+), as a proportion of the total T-cell population</description>
        <time_frame>At day +84 after transplantation</time_frame>
        <population>Patients receiving haploidentical transplant who had T cell chimerism tested at day +84</population>
        <group_list>
          <group group_id="O1">
            <title>Treatment (Nonmyeloablative HSCT)</title>
            <description>NONMYELOABLATIVE CONDITIONING: Patients receive fludarabine phosphate IV over 1 hour on days -6 to -2 and cyclophosphamide IV over 1 hour on days -6 and -5. Patients undergo total body irradiation on day -1.&#xD;
TRANSPLANTATION: Patients undergo BMT, from an HLA-haploidentical donor, on day 0.&#xD;
POST-TRANSPLANT IMMUNOSUPPRESSION: Patients receive cyclophosphamide IV over 1 hour on day 3.&#xD;
GRAFT-VERSUS-HOST DISEASE PROPHYLAXIS: Patients receive tacrolimus IV over 1-2 hours and then tacrolimus PO, once tolerated, on days 4-180, with taper on day 86 in the absence of graft-versus-host disease. Patients also receive mycophenolate mofetil PO three times daily on days 4-35.</description>
          </group>
        </group_list>
        <measure>
          <title>Donor Engraftment (Chimerism)</title>
          <description>Defined by the detection of at least 50% donor derived T-cells (CD3+), as a proportion of the total T-cell population</description>
          <population>Patients receiving haploidentical transplant who had T cell chimerism tested at day +84</population>
          <units>Participants</units>
          <param>Count of Participants</param>
          <analyzed_list>
            <analyzed>
              <units>Participants</units>
              <scope>Measure</scope>
              <count_list>
                <count group_id="O1" value="36"/>
              </count_list>
            </analyzed>
          </analyzed_list>
          <class_list>
            <class>
              <category_list>
                <category>
                  <measurement_list>
                    <measurement group_id="O1" value="34"/>
                  </measurement_list>
                </category>
              </category_list>
            </class>
          </class_list>
        </measure>
      </outcome>
      <outcome>
        <type>Primary</type>
        <title>Incidence of Grades III-IV Acute GVHD</title>
        <description>Grade III GVHD represents moderate severity. Grade IV GVHD represents extreme severity</description>
        <time_frame>At any time within 200 days after transplantation</time_frame>
        <group_list>
          <group group_id="O1">
            <title>Treatment (Nonmyeloablative HSCT)</title>
            <description>NONMYELOABLATIVE CONDITIONING: Patients receive fludarabine phosphate IV over 1 hour on days -6 to -2 and cyclophosphamide IV over 1 hour on days -6 and -5. Patients undergo total body irradiation on day -1.&#xD;
TRANSPLANTATION: Patients undergo BMT, from an HLA-haploidentical donor, on day 0.&#xD;
POST-TRANSPLANT IMMUNOSUPPRESSION: Patients receive cyclophosphamide IV over 1 hour on day 3.&#xD;
GRAFT-VERSUS-HOST DISEASE PROPHYLAXIS: Patients receive tacrolimus IV over 1-2 hours and then tacrolimus PO, once tolerated, on days 4-180, with taper on day 86 in the absence of graft-versus-host disease. Patients also receive mycophenolate mofetil PO three times daily on days 4-35.</description>
          </group>
        </group_list>
        <measure>
          <title>Incidence of Grades III-IV Acute GVHD</title>
          <description>Grade III GVHD represents moderate severity. Grade IV GVHD represents extreme severity</description>
          <units>Participants</units>
          <param>Count of Participants</param>
          <analyzed_list>
            <analyzed>
              <units>Participants</units>
              <scope>Measure</scope>
              <count_list>
                <count group_id="O1" value="55"/>
              </count_list>
            </analyzed>
          </analyzed_list>
          <class_list>
            <class>
              <category_list>
                <category>
                  <measurement_list>
                    <measurement group_id="O1" value="4"/>
                  </measurement_list>
                </category>
              </category_list>
            </class>
          </class_list>
        </measure>
      </outcome>
      <outcome>
        <type>Primary</type>
        <title>Non-relapse-related Mortality</title>
        <description>Number of deaths without progression or recurrence of malignant disease</description>
        <time_frame>Up to 200 days after transplantation</time_frame>
        <group_list>
          <group group_id="O1">
            <title>Treatment (Nonmyeloablative HSCT)</title>
            <description>NONMYELOABLATIVE CONDITIONING: Patients receive fludarabine phosphate IV over 1 hour on days -6 to -2 and cyclophosphamide IV over 1 hour on days -6 and -5. Patients undergo total body irradiation on day -1.&#xD;
TRANSPLANTATION: Patients undergo BMT, from an HLA-haploidentical donor, on day 0.&#xD;
POST-TRANSPLANT IMMUNOSUPPRESSION: Patients receive cyclophosphamide IV over 1 hour on day 3.&#xD;
GRAFT-VERSUS-HOST DISEASE PROPHYLAXIS: Patients receive tacrolimus IV over 1-2 hours and then tacrolimus PO, once tolerated, on days 4-180, with taper on day 86 in the absence of graft-versus-host disease. Patients also receive mycophenolate mofetil PO three times daily on days 4-35.</description>
          </group>
        </group_list>
        <measure>
          <title>Non-relapse-related Mortality</title>
          <description>Number of deaths without progression or recurrence of malignant disease</description>
          <units>Participants</units>
          <param>Count of Participants</param>
          <analyzed_list>
            <analyzed>
              <units>Participants</units>
              <scope>Measure</scope>
              <count_list>
                <count group_id="O1" value="55"/>
              </count_list>
            </analyzed>
          </analyzed_list>
          <class_list>
            <class>
              <category_list>
                <category>
                  <measurement_list>
                    <measurement group_id="O1" value="12"/>
                  </measurement_list>
                </category>
              </category_list>
            </class>
          </class_list>
        </measure>
      </outcome>
    </outcome_list>

    <reported_events>
      <group_list>
        <group group_id="E1">
          <title>Treatment (Nonmyeloablative HSCT)</title>
          <description>NONMYELOABLATIVE CONDITIONING: Patients receive fludarabine phosphate IV over 1 hour on days -6 to -2 and cyclophosphamide IV over 1 hour on days -6 and -5. Patients undergo total body irradiation on day -1.&#xD;
TRANSPLANTATION: Patients undergo BMT, from an HLA-haploidentical donor, on day 0.&#xD;
POST-TRANSPLANT IMMUNOSUPPRESSION: Patients receive cyclophosphamide IV over 1 hour on day 3.&#xD;
GRAFT-VERSUS-HOST DISEASE PROPHYLAXIS: Patients receive tacrolimus IV over 1-2 hours and then tacrolimus PO, once tolerated, on days 4-180, with taper on day 86 in the absence of graft-versus-host disease. Patients also receive mycophenolate mofetil PO three times daily on days 4-35.</description>
        </group>
      </group_list>
      <serious_events>
        <default_assessment>Non-systematic Assessment</default_assessment>
        <category_list>
          <category>
            <title>Total</title>
            <event_list>
              <event>
                <sub_title>Total, all-cause mortality</sub_title>
                <counts group_id="E1" subjects_affected="30" subjects_at_risk="55"/>
              </event>
              <event>
                <sub_title>Total, serious adverse events</sub_title>
                <counts group_id="E1" subjects_affected="11" subjects_at_risk="55"/>
              </event>
            </event_list>
          </category>
          <category>
            <title>Blood and lymphatic system disorders</title>
            <event_list>
              <event>
                <sub_title>Secondary myeloid malignancy</sub_title>
                <counts group_id="E1" subjects_affected="1" subjects_at_risk="55"/>
              </event>
            </event_list>
          </category>
          <category>
            <title>Immune system disorders</title>
            <event_list>
              <event>
                <sub_title>Graft-versus-host disease</sub_title>
                <counts group_id="E1" subjects_affected="2" subjects_at_risk="55"/>
              </event>
            </event_list>
          </category>
          <category>
            <title>Infections and infestations</title>
            <event_list>
              <event>
                <sub_title>Bacterial infection</sub_title>
                <counts group_id="E1" subjects_affected="7" subjects_at_risk="55"/>
              </event>
            </event_list>
          </category>
          <category>
            <title>Respiratory, thoracic and mediastinal disorders</title>
            <event_list>
              <event>
                <sub_title>Diffuse alveolar hemorrhage</sub_title>
                <counts group_id="E1" subjects_affected="1" subjects_at_risk="55"/>
              </event>
            </event_list>
          </category>
        </category_list>
      </serious_events>
      <other_events>
        <frequency_threshold>0</frequency_threshold>
        <default_assessment>Non-systematic Assessment</default_assessment>
        <category_list>
          <category>
            <title>Total</title>
            <event_list>
              <event>
                <sub_title>Total, other adverse events</sub_title>
                <counts group_id="E1" subjects_affected="55" subjects_at_risk="55"/>
              </event>
            </event_list>
          </category>
          <category>
            <title>Blood and lymphatic system disorders</title>
            <event_list>
              <event>
                <sub_title>Recurrent or progressive malignancy</sub_title>
                <counts group_id="E1" subjects_affected="22" subjects_at_risk="55"/>
              </event>
            </event_list>
          </category>
          <category>
            <title>Infections and infestations</title>
            <event_list>
              <event>
                <sub_title>Invasive Fungal Infection</sub_title>
                <description>Proven or probable invasive fungal infections</description>
                <counts group_id="E1" subjects_affected="6" subjects_at_risk="55"/>
              </event>
              <event>
                <sub_title>CMV reactivation</sub_title>
                <counts group_id="E1" subjects_affected="27" subjects_at_risk="34"/>
              </event>
            </event_list>
          </category>
        </category_list>
      </other_events>
    </reported_events>

    <certain_agreements>
      <pi_employee>All Principal Investigators ARE employed by the organization sponsoring the study.</pi_employee>
      <restrictive_agreement>There is NOT an agreement between Principal Investigators and the Sponsor (or its agents) that restricts the PI's rights to discuss or publish trial results after the trial is completed. </restrictive_agreement>
    </certain_agreements>
    <point_of_contact>
      <name_or_title>Rachel Salit</name_or_title>
      <organization>Fred Hutchinson Cancer Research Center</organization>
      <phone>206-667-1317</phone>
      <email>rsalit@fredhutch.gov</email>
    </point_of_contact>
  </clinical_results>
</clinical_study>

