<?xml version="1.0" encoding="UTF-8"?>
<clinical_study rank="39">
  <!-- This xml conforms to an XML Schema at:
    https://clinicaltrials.gov/ct2/html/images/info/public.xsd -->
  <required_header>
    <download_date>ClinicalTrials.gov processed this data on May 11, 2021</download_date>
    <link_text>Link to the current ClinicalTrials.gov record.</link_text>
    <url>https://clinicaltrials.gov/show/NCT00217412</url>
  </required_header>
  <id_info>
    <org_study_id>NCI-2012-01821</org_study_id>
    <secondary_id>NCI-2012-01821</secondary_id>
    <secondary_id>CDR0000440999</secondary_id>
    <secondary_id>COG-ADVL0416</secondary_id>
    <secondary_id>NCI-06-C-0254</secondary_id>
    <secondary_id>ADVL0416</secondary_id>
    <secondary_id>ADVL0416</secondary_id>
    <nct_id>NCT00217412</nct_id>
  </id_info>
  <brief_title>Vorinostat With or Without Isotretinoin in Treating Young Patients With Recurrent or Refractory Solid Tumors, Lymphoma, or Leukemia</brief_title>
  <official_title>A Phase 1 Study of SAHA (NSC# 701852) in Pediatric Patients With Recurrent or Refractory Solid Tumors (Including Lymphomas) and Leukemia Followed by a Phase I Study of SAHA in Combination With 13-Cis-Retinoic Acid for Patients With Selected Recurrent/Refractory Solid Tumors</official_title>
  <sponsors>
    <lead_sponsor>
      <agency>National Cancer Institute (NCI)</agency>
      <agency_class>NIH</agency_class>
    </lead_sponsor>
  </sponsors>
  <source>National Cancer Institute (NCI)</source>
  <brief_summary>
    <textblock>
      This phase I trial is studying the side effects and best dose of vorinostat when given&#xD;
      together with isotretinoin in treating young patients with recurrent or refractory solid&#xD;
      tumors, lymphoma, or leukemia. Drugs used in chemotherapy, such as vorinostat, work in&#xD;
      different ways to stop the growth of cancer cells, either by killing the cells or by stopping&#xD;
      them from dividing. Vorinostat may also stop the growth of cancer cells by blocking some of&#xD;
      the enzymes needed for cell growth and by blocking blood flow to the cancer. Isotretinoin may&#xD;
      cause cancer cells to look more like normal cells, and to grow and spread more slowly. Giving&#xD;
      vorinostat together with isotretinoin may be an effective treatment for cancer.&#xD;
    </textblock>
  </brief_summary>
  <detailed_description>
    <textblock>
      PRIMARY OBJECTIVES:&#xD;
&#xD;
      I. Determine the maximum tolerated dose (MTD) of vorinostat (SAHA) in young patients with&#xD;
      recurrent or refractory solid tumors or lymphomas.&#xD;
&#xD;
      II. Determine the MTD of SAHA administered in combination with isotretinoin in young patients&#xD;
      with recurrent or refractory neuroblastoma, medulloblastoma/CNS primitive neuroectodermal&#xD;
      tumor, or atypical teratoid rhabdoid tumor.&#xD;
&#xD;
      III. Determine the tolerability of the solid tumor MTD of SAHA in young patients with&#xD;
      recurrent or refractory leukemia.&#xD;
&#xD;
      IV. Determine the toxic effects of SAHA administered with or without isotretinoin in these&#xD;
      patients.&#xD;
&#xD;
      V. Determine the pharmacokinetics of this drug in these patients.&#xD;
&#xD;
      SECONDARY OBJECTIVES:&#xD;
&#xD;
      I. Determine, preliminarily, the antitumor activity of SAHA administered with or without&#xD;
      isotretinoin in these patients.&#xD;
&#xD;
      II. Correlate the pharmacokinetics of this drug with genetic polymorphisms (e.g., UGT1A1) in&#xD;
      these patients.&#xD;
&#xD;
      OUTLINE: This is a multicenter, dose-escalation study of vorinostat (SAHA).&#xD;
&#xD;
      Group 1 (solid tumor or lymphoma patients): Patients receive oral SAHA once daily on days&#xD;
      1-28. Treatment repeats every 28 days for up to 12 courses in the absence of disease&#xD;
      progression or unacceptable toxicity.Cohorts of 3-6 patients receive escalating doses of SAHA&#xD;
      until the maximum tolerated dose (MTD) is determined. The MTD is defined as the dose&#xD;
      preceding that at which 2 of 3 or 2 of 6 patients experience dose-limiting toxicity. An&#xD;
      additional 6 patients may be treated at the MTD.&#xD;
&#xD;
      Group 2 (leukemia patients): Patients receive SAHA as in group 1 at the MTD.&#xD;
&#xD;
      Group 3 (select solid tumor patients): Patients receive oral isotretinoin twice daily on days&#xD;
      1-14. Patients also receive SAHA once daily on days 1-28 OR once on days 1, 3, 5, 8, 10, 12,&#xD;
      15, 17, 19, 22, 24, and 26. Treatment repeats every 28 days for up to 12 courses in the&#xD;
      absence of disease progression or unacceptable toxicity.The MTD of SAHA is determined as in&#xD;
      group 1. An additional 6 patients may be treated at the MTD.&#xD;
&#xD;
      After completion of study treatment, patients are followed periodically.&#xD;
    </textblock>
  </detailed_description>
  <overall_status>Completed</overall_status>
  <start_date>August 2005</start_date>
  <completion_date type="Actual">September 2009</completion_date>
  <primary_completion_date type="Actual">September 2009</primary_completion_date>
  <phase>Phase 1</phase>
  <study_type>Interventional</study_type>
  <has_expanded_access>No</has_expanded_access>
  <study_design_info>
    <allocation>Non-Randomized</allocation>
    <intervention_model>Parallel Assignment</intervention_model>
    <primary_purpose>Treatment</primary_purpose>
    <masking>None (Open Label)</masking>
  </study_design_info>
  <primary_outcome>
    <measure>Maximum tolerated dose (MTD) defined as the maximum dose at which fewer than one-third of patients experience dose-limiting toxicities DLT graded according to Common Terminology Criteria for Adverse Events (CTCAE) version 3.0</measure>
    <time_frame>28 days</time_frame>
  </primary_outcome>
  <secondary_outcome>
    <measure>The proportion of patients who demonstrate each polymorphism</measure>
    <time_frame>Up to 4 years</time_frame>
  </secondary_outcome>
  <number_of_arms>3</number_of_arms>
  <enrollment type="Actual">60</enrollment>
  <condition>Childhood Acute Promyelocytic Leukemia (M3)</condition>
  <condition>Childhood Atypical Teratoid/Rhabdoid Tumor</condition>
  <condition>Childhood Burkitt Lymphoma</condition>
  <condition>Childhood Chronic Myelogenous Leukemia</condition>
  <condition>Childhood Diffuse Large Cell Lymphoma</condition>
  <condition>Childhood Immunoblastic Large Cell Lymphoma</condition>
  <condition>Juvenile Myelomonocytic Leukemia</condition>
  <condition>Recurrent Childhood Acute Lymphoblastic Leukemia</condition>
  <condition>Recurrent Childhood Acute Myeloid Leukemia</condition>
  <condition>Recurrent Childhood Grade III Lymphomatoid Granulomatosis</condition>
  <condition>Recurrent Childhood Large Cell Lymphoma</condition>
  <condition>Recurrent Childhood Lymphoblastic Lymphoma</condition>
  <condition>Recurrent Childhood Medulloblastoma</condition>
  <condition>Recurrent Childhood Small Noncleaved Cell Lymphoma</condition>
  <condition>Recurrent Childhood Supratentorial Primitive Neuroectodermal Tumor</condition>
  <condition>Recurrent Neuroblastoma</condition>
  <condition>Recurrent/Refractory Childhood Hodgkin Lymphoma</condition>
  <condition>Relapsing Chronic Myelogenous Leukemia</condition>
  <condition>Unspecified Childhood Solid Tumor, Protocol Specific</condition>
  <arm_group>
    <arm_group_label>Arm I</arm_group_label>
    <arm_group_type>Experimental</arm_group_type>
    <description>Group 1 (solid tumor or lymphoma patients): Patients receive oral SAHA once daily on days 1-28. Treatment repeats every 28 days for up to 12 courses in the absence of disease progression or unacceptable toxicity.Cohorts of 3-6 patients receive escalating doses of SAHA until the maximum tolerated dose (MTD) is determined. The MTD is defined as the dose preceding that at which 2 of 3 or 2 of 6 patients experience dose-limiting toxicity. An additional 6 patients may be treated at the MTD.</description>
  </arm_group>
  <arm_group>
    <arm_group_label>Arm II</arm_group_label>
    <arm_group_type>Experimental</arm_group_type>
    <description>Group 2 (leukemia patients): Patients receive SAHA as in group 1 at the MTD.</description>
  </arm_group>
  <arm_group>
    <arm_group_label>Arm III</arm_group_label>
    <arm_group_type>Experimental</arm_group_type>
    <description>Group 3 (select solid tumor patients): Patients receive oral isotretinoin twice daily on days 1-14. Patients also receive SAHA once daily on days 1-28 OR once on days 1, 3, 5, 8, 10, 12, 15, 17, 19, 22, 24, and 26. Treatment repeats every 28 days for up to 12 courses in the absence of disease progression or unacceptable toxicity.The MTD of SAHA is determined as in group 1. An additional 6 patients may be treated at the MTD.</description>
  </arm_group>
  <intervention>
    <intervention_type>Drug</intervention_type>
    <intervention_name>vorinostat</intervention_name>
    <description>Given orally</description>
    <arm_group_label>Arm I</arm_group_label>
    <arm_group_label>Arm II</arm_group_label>
    <arm_group_label>Arm III</arm_group_label>
    <other_name>L-001079038</other_name>
    <other_name>SAHA</other_name>
    <other_name>suberoylanilide hydroxamic acid</other_name>
    <other_name>Zolinza</other_name>
  </intervention>
  <intervention>
    <intervention_type>Drug</intervention_type>
    <intervention_name>isotretinoin</intervention_name>
    <description>Given orally</description>
    <arm_group_label>Arm III</arm_group_label>
    <other_name>13-CRA</other_name>
    <other_name>Amnesteem</other_name>
    <other_name>Cistane</other_name>
    <other_name>Claravis</other_name>
    <other_name>Sotret</other_name>
  </intervention>
  <eligibility>
    <criteria>
      <textblock>
        Inclusion Criteria:&#xD;
&#xD;
          -  Histologically confirmed* diagnosis of 1 of the following:&#xD;
&#xD;
               -  Recurrent or refractory solid tumor or lymphoma (for patients in group 1)&#xD;
&#xD;
                    -  Measurable or evaluable disease&#xD;
&#xD;
               -  Recurrent or refractory leukemia (for patients in group 2)&#xD;
&#xD;
                    -  Greater than 25% blasts in the bone marrow (i.e., M3 bone marrow)&#xD;
&#xD;
                    -  Active extramedullary disease allowed except leptomeningeal disease&#xD;
&#xD;
               -  Recurrent or refractory CNS tumor of 1 of the following types (for patients in&#xD;
                  group 3):&#xD;
&#xD;
                    -  Neuroblastoma&#xD;
&#xD;
                    -  Medulloblastoma/CNS primitive neuroectodermal tumor&#xD;
&#xD;
                    -  Atypical teratoid rhabdoid tumor&#xD;
&#xD;
          -  No known curative therapy or therapy proven to prolong survival with an acceptable&#xD;
             quality of life exists&#xD;
&#xD;
          -  No bone marrow involvement by disease (for patients in groups 1 and 3)&#xD;
&#xD;
          -  No active CNS leukemia&#xD;
&#xD;
          -  Performance status - Lansky 50-100% (for patients ≤ 10 years of age)&#xD;
&#xD;
          -  Performance status - Karnofsky 60-100% (for patients &gt; 10 years of age)&#xD;
&#xD;
          -  Absolute neutrophil count ≥ 1,000/mm^3 (for solid tumor patients)&#xD;
&#xD;
          -  Platelet count ≥ 100,000/mm^3* (for solid tumor patients) (20,000/mm^3** for leukemia&#xD;
             patients)&#xD;
&#xD;
          -  Hemoglobin ≥ 8.0 g/dL (RBC transfusion allowed) (for solid tumor and leukemia&#xD;
             patients)&#xD;
&#xD;
          -  Triglycerides &lt; 300 mg/dL (for patients in group 3)&#xD;
&#xD;
          -  Bilirubin ≤ 1.5 times upper limit of normal (ULN)&#xD;
&#xD;
          -  ALT ≤ 5 times ULN&#xD;
&#xD;
          -  Albumin ≥ 2 g/dL&#xD;
&#xD;
          -  Creatinine clearance or radioisotope glomerular filtration rate ≥ 70 mL/min&#xD;
&#xD;
          -  Creatinine based on age as follows:&#xD;
&#xD;
               -  No greater than 0.8 mg/dL (for patients ≤ 5 years of age)&#xD;
&#xD;
               -  No greater than 1.0 mg/dL (for patients 6 to 10 years of age)&#xD;
&#xD;
               -  No greater than 1.2 mg/dL (for patients 11 to 15 years of age)&#xD;
&#xD;
               -  No greater than 1.5 mg/dL (for patients over 15 years of age)&#xD;
&#xD;
          -  Negative dipstick for protein OR &lt; 1,000 mg protein/24 hour urine collection (for&#xD;
             patients in group 3)&#xD;
&#xD;
          -  No evidence of gross hematuria (for patients in group 3)&#xD;
&#xD;
          -  Not pregnant or nursing&#xD;
&#xD;
          -  Negative pregnancy test&#xD;
&#xD;
          -  Fertile patients must use effective contraception&#xD;
&#xD;
          -  Body surface area ≥ 0.5 m^2&#xD;
&#xD;
          -  Neurologic deficits in patients with CNS tumors must be stable for ≥ 1 week before&#xD;
             study entry&#xD;
&#xD;
          -  Able to swallow whole capsules&#xD;
&#xD;
          -  No uncontrolled infection&#xD;
&#xD;
          -  Skin toxicity &lt; grade 1 (for patients in group 3)&#xD;
&#xD;
          -  Recovered from prior immunotherapy&#xD;
&#xD;
          -  At least 7 days since prior hematopoietic growth factors&#xD;
&#xD;
          -  At least 7 days since prior antineoplastic biologic agents&#xD;
&#xD;
          -  At least 2 months since prior stem cell transplantation or rescue&#xD;
&#xD;
               -  No evidence of active graft-versus-host disease&#xD;
&#xD;
          -  No other concurrent biologic therapy or immunotherapy&#xD;
&#xD;
          -  More than 3 weeks since prior myelosuppressive chemotherapy (6 weeks for nitrosoureas)&#xD;
             and recovered&#xD;
&#xD;
          -  No concurrent chemotherapy&#xD;
&#xD;
          -  Patients with CNS tumors must be on a stable or decreasing dose of dexamethasone for ≥&#xD;
             7 days prior to study entry&#xD;
&#xD;
          -  No concurrent dexamethasone for antinausea or antiemetic therapy&#xD;
&#xD;
          -  Recovered from prior radiotherapy&#xD;
&#xD;
          -  At least 2 weeks since prior local, palliative, small-port radiotherapy&#xD;
&#xD;
          -  At least 3 months since prior total-body irradiation, radiotherapy to the craniospinal&#xD;
             area, or radiotherapy to ≥ 50% of the pelvis&#xD;
&#xD;
          -  At least 6 weeks since other prior substantial radiotherapy to the bone marrow&#xD;
&#xD;
          -  No concurrent radiotherapy&#xD;
&#xD;
          -  At least 2 weeks since prior valproic acid&#xD;
&#xD;
          -  No other concurrent investigational agents&#xD;
&#xD;
          -  No other concurrent anticancer therapy&#xD;
&#xD;
          -  No concurrent enzyme-inducing anticonvulsants&#xD;
      </textblock>
    </criteria>
    <gender>All</gender>
    <minimum_age>1 Year</minimum_age>
    <maximum_age>21 Years</maximum_age>
    <healthy_volunteers>No</healthy_volunteers>
  </eligibility>
  <overall_official>
    <last_name>Maryam Fouladi</last_name>
    <role>Principal Investigator</role>
    <affiliation>Children's Oncology Group</affiliation>
  </overall_official>
  <location>
    <facility>
      <name>Children's Oncology Group</name>
      <address>
        <city>Philadelphia</city>
        <state>Pennsylvania</state>
        <zip>19104</zip>
        <country>United States</country>
      </address>
    </facility>
  </location>
  <location_countries>
    <country>United States</country>
  </location_countries>
  <removed_countries>
    <country>Canada</country>
  </removed_countries>
  <verification_date>April 2013</verification_date>
  <study_first_submitted>September 20, 2005</study_first_submitted>
  <study_first_submitted_qc>September 20, 2005</study_first_submitted_qc>
  <study_first_posted type="Estimate">September 22, 2005</study_first_posted>
  <last_update_submitted>June 16, 2014</last_update_submitted>
  <last_update_submitted_qc>June 16, 2014</last_update_submitted_qc>
  <last_update_posted type="Estimate">June 17, 2014</last_update_posted>
  <responsible_party>
    <responsible_party_type>Sponsor</responsible_party_type>
  </responsible_party>
  <condition_browse>
    <!-- CAUTION:  The following MeSH terms are assigned with an imperfect algorithm            -->
    <mesh_term>Burkitt Lymphoma</mesh_term>
    <mesh_term>Lymphoma</mesh_term>
    <mesh_term>Neoplasms</mesh_term>
    <mesh_term>Leukemia</mesh_term>
    <mesh_term>Lymphoma, Non-Hodgkin</mesh_term>
    <mesh_term>Precursor Cell Lymphoblastic Leukemia-Lymphoma</mesh_term>
    <mesh_term>Leukemia, Myeloid</mesh_term>
    <mesh_term>Leukemia, Myelogenous, Chronic, BCR-ABL Positive</mesh_term>
    <mesh_term>Lymphoma, Large B-Cell, Diffuse</mesh_term>
    <mesh_term>Neuroblastoma</mesh_term>
    <mesh_term>Lymphoma, Large-Cell, Immunoblastic</mesh_term>
    <mesh_term>Plasmablastic Lymphoma</mesh_term>
    <mesh_term>Medulloblastoma</mesh_term>
    <mesh_term>Neuroectodermal Tumors</mesh_term>
    <mesh_term>Neuroectodermal Tumors, Primitive</mesh_term>
    <mesh_term>Lymphomatoid Granulomatosis</mesh_term>
    <mesh_term>Leukemia, Promyelocytic, Acute</mesh_term>
    <mesh_term>Rhabdoid Tumor</mesh_term>
    <mesh_term>Leukemia, Myelomonocytic, Juvenile</mesh_term>
  </condition_browse>
  <intervention_browse>
    <!-- CAUTION:  The following MeSH terms are assigned with an imperfect algorithm            -->
    <mesh_term>Vorinostat</mesh_term>
    <mesh_term>Isotretinoin</mesh_term>
  </intervention_browse>
  <!-- Results have not yet been posted for this study                                          -->
</clinical_study>

