<?xml version="1.0" encoding="UTF-8"?>
<clinical_study rank="184">
  <!-- This xml conforms to an XML Schema at:
    https://clinicaltrials.gov/ct2/html/images/info/public.xsd -->
  <required_header>
    <download_date>ClinicalTrials.gov processed this data on May 11, 2021</download_date>
    <link_text>Link to the current ClinicalTrials.gov record.</link_text>
    <url>https://clinicaltrials.gov/show/NCT01527045</url>
  </required_header>
  <id_info>
    <org_study_id>2546.00</org_study_id>
    <secondary_id>NCI-2011-03828</secondary_id>
    <secondary_id>2546.00</secondary_id>
    <secondary_id>P01CA018029</secondary_id>
    <secondary_id>P30CA015704</secondary_id>
    <nct_id>NCT01527045</nct_id>
  </id_info>
  <brief_title>Donor Atorvastatin Treatment in Preventing Severe Acute GVHD After Nonmyeloablative Peripheral Blood Stem Cell Transplant in Patients With Hematological Malignancies</brief_title>
  <official_title>Donor Statin Treatment for Prevention of Severe Acute GVHD After Nonmyeloablative Hematopoietic Cell Transplantation</official_title>
  <sponsors>
    <lead_sponsor>
      <agency>Fred Hutchinson Cancer Research Center</agency>
      <agency_class>Other</agency_class>
    </lead_sponsor>
    <collaborator>
      <agency>National Cancer Institute (NCI)</agency>
      <agency_class>NIH</agency_class>
    </collaborator>
    <collaborator>
      <agency>National Heart, Lung, and Blood Institute (NHLBI)</agency>
      <agency_class>NIH</agency_class>
    </collaborator>
  </sponsors>
  <source>Fred Hutchinson Cancer Research Center</source>
  <oversight_info>
    <has_dmc>Yes</has_dmc>
    <is_fda_regulated_drug>Yes</is_fda_regulated_drug>
    <is_fda_regulated_device>No</is_fda_regulated_device>
  </oversight_info>
  <brief_summary>
    <textblock>
      This phase II trial studies how well donor atorvastatin treatment works in preventing severe&#xD;
      graft-versus-host disease (GVHD) after nonmyeloablative peripheral blood stem cell (PBSC)&#xD;
      transplant in patients with hematological malignancies. Giving low doses of chemotherapy,&#xD;
      such as fludarabine phosphate, before a donor PBSC transplantation slows the growth of cancer&#xD;
      cells and may also prevent the patient's immune system from rejecting the donor's stem cells.&#xD;
      The donated stem cells may replace the patient's immune cells and help destroy any remaining&#xD;
      cancer cells (graft-versus-tumor effect). Sometimes the transplanted cells from a donor can&#xD;
      also cause an immune response against the body's normal cells (GVHD). Giving atorvastatin to&#xD;
      the donor before transplant may prevent severe GVHD.&#xD;
    </textblock>
  </brief_summary>
  <detailed_description>
    <textblock>
      PRIMARY OBJECTIVES:&#xD;
&#xD;
      I. To assess whether 2 weeks of donor statin treatment reduces the risk of severe acute GVHD.&#xD;
&#xD;
      SECONDARY OBJECTIVES:&#xD;
&#xD;
      I. To assess whether 2 weeks of statin treatment of normal PBSC donors is feasible, tolerable&#xD;
      and safe.&#xD;
&#xD;
      OUTLINE:&#xD;
&#xD;
      DONOR: Donors receive atorvastatin orally (PO) once daily (QD) beginning on day -14 and&#xD;
      continuing until the last day of stem cell collection.&#xD;
&#xD;
      NONMYELOABLATIVE PREPARATIVE REGIMEN: If the patient is enrolled on an investigational&#xD;
      nonmyeloablative hematopoietic cell transplant (HCT) protocol or a treatment plan that uses a&#xD;
      nonmyeloablative preparative regimen with postgrafting cyclosporine (CSP) that does not use&#xD;
      acute GVHD as its primary endpoint, the preparative regimen and immunosuppression after&#xD;
      transplant will be according to respective protocol or treatment plan (Protocol 2546 serves&#xD;
      as adjunct protocol).&#xD;
&#xD;
      If the patient is not enrolled on an investigational nonmyeloablative HCT protocol or a&#xD;
      treatment plan that uses a nonmyeloablative preparative regimen, Protocol 2546 serves as an&#xD;
      independent primary treatment protocol. The preparative regimen and immunosuppression after&#xD;
      transplant is as follows:&#xD;
&#xD;
      Patients receive fludarabine phosphate intravenously (IV) on days -4 to -2 (except for&#xD;
      patients who had prior autologous HCT or equivalent high-dose therapy without HCT) and&#xD;
      undergo low-dose total body irradiation (TBI) on day 0.&#xD;
&#xD;
      TRANSPLANT: Patients undergo donor PBSC transplant on day 0.&#xD;
&#xD;
      POST-GRAFTING IMMUNOSUPPRESSION: Patients receive CSP PO twice daily (BID) on days -3 to 56&#xD;
      with taper to day 180. Patients also receive mycophenolate mofetil (MMF) PO BID or IV every&#xD;
      12 hours on days 0-27.&#xD;
&#xD;
      After completion of study treatment, patients are followed up at 1 year and then annually&#xD;
      thereafter.&#xD;
    </textblock>
  </detailed_description>
  <overall_status>Completed</overall_status>
  <start_date type="Actual">September 25, 2012</start_date>
  <completion_date type="Actual">April 2019</completion_date>
  <primary_completion_date type="Actual">October 2018</primary_completion_date>
  <phase>Phase 2</phase>
  <study_type>Interventional</study_type>
  <has_expanded_access>No</has_expanded_access>
  <study_design_info>
    <allocation>N/A</allocation>
    <intervention_model>Single Group Assignment</intervention_model>
    <primary_purpose>Prevention</primary_purpose>
    <masking>None (Open Label)</masking>
  </study_design_info>
  <primary_outcome>
    <measure>Number of Patients With Grade III-IV Acute Graft-versus-host Disease (GVHD) Post-transplant</measure>
    <time_frame>100 days post-transplant</time_frame>
    <description>Number of patients who developed acute GVHD post allogeneic transplant.&#xD;
aGVHD Stages&#xD;
Skin:&#xD;
a maculopapular eruption involving &lt; 25% BSA&#xD;
a maculopapular eruption involving 25 - 50% BSA&#xD;
generalized erythroderma&#xD;
generalized erythroderma w/ bullous formation and often w/ desquamation&#xD;
Liver:&#xD;
bilirubin 2.0 - 3.0 mg/100 mL&#xD;
bilirubin 3 - 5.9 mg/100 mL&#xD;
bilirubin 6 - 14.9 mg/100 mL&#xD;
bilirubin &gt; 15 mg/100 mL&#xD;
Gut:&#xD;
Diarrhea is graded 1 - 4 in severity. Nausea and vomiting and/or anorexia caused by GVHD is assigned as 1 in severity. The severity of gut involvement is assigned to the most severe involvement noted. Patients with visible bloody diarrhea are at least stage 2 gut and grade 3 overall.&#xD;
aGVHD Grades Grade II: Stage 1 - 2 skin w/ no gut/liver involvement Grade III: Stage 2 - 4 gut involvement and/or stage 2 - 4 liver involvement Grade IV: Pattern and severity of GVHD similar to grade 3 w/ extreme constitutional symptoms or death</description>
  </primary_outcome>
  <secondary_outcome>
    <measure>Number of Patients With Grades II-IV Acute Graft-versus-host-disease (GVHD)</measure>
    <time_frame>100 days post-transplant</time_frame>
    <description>Number of patients who developed acute GVHD post allogeneic transplant.&#xD;
aGVHD Stages&#xD;
Skin:&#xD;
a maculopapular eruption involving &lt; 25% BSA&#xD;
a maculopapular eruption involving 25 - 50% BSA&#xD;
generalized erythroderma&#xD;
generalized erythroderma w/ bullous formation and often w/ desquamation&#xD;
Liver:&#xD;
bilirubin 2.0 - 3.0 mg/100 mL&#xD;
bilirubin 3 - 5.9 mg/100 mL&#xD;
bilirubin 6 - 14.9 mg/100 mL&#xD;
bilirubin &gt; 15 mg/100 mL&#xD;
Gut:&#xD;
Diarrhea is graded 1 - 4 in severity. Nausea and vomiting and/or anorexia caused by GVHD is assigned as 1 in severity. The severity of gut involvement is assigned to the most severe involvement noted. Patients with visible bloody diarrhea are at least stage 2 gut and grade 3 overall.&#xD;
aGVHD Grades Grade II: Stage 1 - 2 skin w/ no gut/liver involvement Grade III: Stage 2 - 4 gut involvement and/or stage 2 - 4 liver involvement Grade IV: Pattern and severity of GVHD similar to grade 3 w/ extreme constitutional symptoms or death</description>
  </secondary_outcome>
  <secondary_outcome>
    <measure>Number of Patients Requiring Secondary Systemic Immunosuppressive Therapy</measure>
    <time_frame>1 Year post-transplant</time_frame>
    <description>Number of patients requiring systemic immunosuppressive therapy other than those used for prophylaxis and initial therapy.</description>
  </secondary_outcome>
  <secondary_outcome>
    <measure>Number of Patients With Chronic Extensive GVHD</measure>
    <time_frame>1 Year post-transplant</time_frame>
    <description>Number of patients who developed chronic extensive GVHD post-transplant. The diagnosis of chronic GVHD requires at least one manifestation that is distinctive for chronic GVHD as opposed to acute GVHD. In all cases, infection and others causes must be ruled out in the differential diagnosis of chronic GVHD. Patients were evaluated as described in the National Institutes of Health (NIH) consensus project guidelines.</description>
  </secondary_outcome>
  <secondary_outcome>
    <measure>Number of Patients With Recurrent or Progressive Malignancy</measure>
    <time_frame>1 Year post-transplant</time_frame>
    <description>CML New cytogenetic abnormality and/or development of accelerated phase or blast crisis. The criteria for accelerated phase will be defined as unexplained fever greater than 38.3°C, new clonal cytogenetic abnormalities in addition to a single Ph-positive chromosome, marrow blasts and promyelocytes &gt;20%.&#xD;
AML, ALL, MDS &gt;5% marrow blasts by morphologic or flow cytometric, or appearance of extramedullary disease.&#xD;
CLL ≥1 of: Physical exam/Imaging studies (nodes, liver, and/or spleen) ≥50% increase or new, circulating lymphocytes by morphology and/or flow cytometry ≥50% increase, and lymph node biopsy w/ Richter's transformation.&#xD;
NHL &gt;25% increase in the sum of the products of the perpendicular diameters of marker lesions, or the appearance of new lesions.&#xD;
MM&#xD;
≥100% increase of the serum myeloma protein from its lowest level, or reappearance of myeloma peaks that had disappeared w/ treatment; or definite increase in the size or number of plasmacytomas or lytic bone lesions.</description>
  </secondary_outcome>
  <secondary_outcome>
    <measure>Number of Non-relapse Mortalities</measure>
    <time_frame>1 Year post-transplant</time_frame>
    <description>Number of patients who died without relapsed/progressive disease.</description>
  </secondary_outcome>
  <secondary_outcome>
    <measure>Number of Patients Surviving Overall</measure>
    <time_frame>1 Year post-transplant</time_frame>
    <description>Number of patients surviving overall post-transplant</description>
  </secondary_outcome>
  <secondary_outcome>
    <measure>Number of Donors Discontinuing Atorvastatin Due to Toxicity</measure>
    <time_frame>Prior to stem cell collection</time_frame>
    <description>The number of donors who prematurely discontinue atorvastatin therapy due to toxicity. Donors will be assessed for the following events:&#xD;
Musculoskeletal and connective tissue disorders: grade 2-5&#xD;
Hepatobiliary disorders: grade 2-5&#xD;
Other unexpected events thought related to the use of atorvastatin; grade 2-5&#xD;
In cases where the NCI criteria do not apply, intensity will be defined as:&#xD;
Mild: awareness of symptom or sign, but easily tolerated&#xD;
Moderate: discomfort is enough to cause interference with normal activities&#xD;
Severe: inability to perform normal daily activities&#xD;
Life threatening: immediate risk of death from the reaction as it occurred</description>
  </secondary_outcome>
  <number_of_arms>1</number_of_arms>
  <enrollment type="Actual">47</enrollment>
  <condition>Aggressive Non-Hodgkin Lymphoma</condition>
  <condition>Blasts Under 5 Percent of Bone Marrow Nucleated Cells</condition>
  <condition>Chronic Lymphocytic Leukemia</condition>
  <condition>Loss of Chromosome 17p</condition>
  <condition>Myelodysplastic/Myeloproliferative Neoplasm</condition>
  <condition>Non-Hodgkin Lymphoma</condition>
  <condition>Prolymphocytic Leukemia</condition>
  <condition>Recurrent Adult Acute Lymphoblastic Leukemia</condition>
  <condition>Recurrent Adult Acute Myeloid Leukemia</condition>
  <condition>Recurrent Aggressive Adult Non-Hodgkin Lymphoma</condition>
  <condition>Recurrent Childhood Acute Lymphoblastic Leukemia</condition>
  <condition>Recurrent Childhood Acute Myeloid Leukemia</condition>
  <condition>Recurrent Chronic Lymphocytic Leukemia</condition>
  <condition>Recurrent Chronic Myelogenous Leukemia, BCR-ABL1 Positive</condition>
  <condition>Recurrent Diffuse Large B-Cell Lymphoma</condition>
  <condition>Recurrent Hodgkin Lymphoma</condition>
  <condition>Recurrent Mantle Cell Lymphoma</condition>
  <condition>Recurrent Non-Hodgkin Lymphoma</condition>
  <condition>Recurrent Plasma Cell Myeloma</condition>
  <condition>Recurrent Small Lymphocytic Lymphoma</condition>
  <condition>Waldenstrom Macroglobulinemia</condition>
  <arm_group>
    <arm_group_label>Prevention (donor statin treatment)</arm_group_label>
    <arm_group_type>Experimental</arm_group_type>
    <description>See Detailed Description</description>
  </arm_group>
  <intervention>
    <intervention_type>Drug</intervention_type>
    <intervention_name>Atorvastatin Calcium</intervention_name>
    <description>Given PO</description>
    <arm_group_label>Prevention (donor statin treatment)</arm_group_label>
    <other_name>ATORVASTATIN CALCIUM TRIHYDRATE</other_name>
    <other_name>CI-981</other_name>
    <other_name>Lipitor</other_name>
  </intervention>
  <intervention>
    <intervention_type>Drug</intervention_type>
    <intervention_name>Cyclosporine</intervention_name>
    <description>Given PO</description>
    <arm_group_label>Prevention (donor statin treatment)</arm_group_label>
    <other_name>27-400</other_name>
    <other_name>Ciclosporin</other_name>
    <other_name>CsA</other_name>
    <other_name>Cyclosporin</other_name>
    <other_name>Cyclosporin A</other_name>
    <other_name>Gengraf</other_name>
    <other_name>Neoral</other_name>
    <other_name>OL 27-400</other_name>
    <other_name>Sandimmun</other_name>
    <other_name>Sandimmune</other_name>
    <other_name>SangCya</other_name>
  </intervention>
  <intervention>
    <intervention_type>Drug</intervention_type>
    <intervention_name>Fludarabine Phosphate</intervention_name>
    <description>Given IV</description>
    <arm_group_label>Prevention (donor statin treatment)</arm_group_label>
    <other_name>2-F-ara-AMP</other_name>
    <other_name>9H-Purin-6-amine, 2-fluoro-9-(5-O-phosphono-.beta.-D-arabinofuranosyl)-</other_name>
    <other_name>Beneflur</other_name>
    <other_name>Fludara</other_name>
    <other_name>SH T 586</other_name>
  </intervention>
  <intervention>
    <intervention_type>Other</intervention_type>
    <intervention_name>Laboratory Biomarker Analysis</intervention_name>
    <description>Correlative studies</description>
    <arm_group_label>Prevention (donor statin treatment)</arm_group_label>
  </intervention>
  <intervention>
    <intervention_type>Drug</intervention_type>
    <intervention_name>Mycophenolate Mofetil</intervention_name>
    <description>Given PO or IV</description>
    <arm_group_label>Prevention (donor statin treatment)</arm_group_label>
    <other_name>Cellcept</other_name>
    <other_name>MMF</other_name>
  </intervention>
  <intervention>
    <intervention_type>Procedure</intervention_type>
    <intervention_name>Nonmyeloablative Allogeneic Hematopoietic Stem Cell Transplantation</intervention_name>
    <description>Undergo nonmyeloablative allogeneic PBSC transplant</description>
    <arm_group_label>Prevention (donor statin treatment)</arm_group_label>
    <other_name>Non-myeloablative allogeneic transplant</other_name>
    <other_name>Nonmyeloablative Stem Cell Transplantation</other_name>
    <other_name>NST</other_name>
  </intervention>
  <intervention>
    <intervention_type>Procedure</intervention_type>
    <intervention_name>Peripheral Blood Stem Cell Transplantation</intervention_name>
    <description>Undergo nonmyeloablative allogeneic PBSC transplant</description>
    <arm_group_label>Prevention (donor statin treatment)</arm_group_label>
    <other_name>PBPC transplantation</other_name>
    <other_name>PBSCT</other_name>
    <other_name>Peripheral Blood Progenitor Cell Transplantation</other_name>
    <other_name>Peripheral Stem Cell Support</other_name>
    <other_name>Peripheral Stem Cell Transplant</other_name>
    <other_name>Peripheral Stem Cell Transplantation</other_name>
  </intervention>
  <intervention>
    <intervention_type>Radiation</intervention_type>
    <intervention_name>Total-Body Irradiation</intervention_name>
    <description>Undergo TBI</description>
    <arm_group_label>Prevention (donor statin treatment)</arm_group_label>
    <other_name>Total Body Irradiation</other_name>
    <other_name>Whole-Body Irradiation</other_name>
  </intervention>
  <eligibility>
    <criteria>
      <textblock>
        Inclusion Criteria:&#xD;
&#xD;
        IF PROTOCOL 2546 SERVES AS AN ADJUNCT PROTOCOL, THE PATIENTS ONLY NEEDS TO MEET INCLUSION&#xD;
        CRITERIA 1 THROUGH 5A&#xD;
&#xD;
          -  Availability of human leukocyte antigen (HLA)-identical sibling donor&#xD;
&#xD;
          -  Transplantation with PBSC&#xD;
&#xD;
          -  CSP-based postgrafting immunosuppression&#xD;
&#xD;
          -  Willingness to give informed consent&#xD;
&#xD;
          -  Patient is enrolled on an investigational nonmyeloablative HCT protocol or a&#xD;
             nonmyeloablative treatment plan with postgrafting CSP that does not use acute GVHD as&#xD;
             its primary endpoint (protocol 2546 serves as adjunct protocol); OR&#xD;
&#xD;
          -  Patient is not enrolled on an investigational nonmyeloablative HCT protocol, in which&#xD;
             case protocol 2546 serves as an independent primary treatment protocol and the patient&#xD;
             must meet the following inclusion and exclusion criteria:&#xD;
&#xD;
          -  Patients must have a hematologic malignancy treatable by nonmyeloablative HCT; the&#xD;
             following diseases will be permitted although other diagnoses can be considered if&#xD;
             approved by Patient Care Conference (PCC) and the principal investigator:&#xD;
&#xD;
          -  Aggressive non-Hodgkin lymphomas (NHL) and other histologies such as diffuse large&#xD;
             B-cell NHL - not eligible for autologous HCT, not eligible for high-dose allogeneic&#xD;
             HCT, or after failed autologous HCT&#xD;
&#xD;
          -  Mantle-cell NHL - may be treated in first complete remission (CR); (diagnostic lumbar&#xD;
             puncture [LP] required pre-transplant)&#xD;
&#xD;
          -  Low grade NHL - with &lt; 6 month duration of CR between courses of conventional therapy&#xD;
&#xD;
          -  Chronic lymphocytic leukemia (CLL) - must have either:&#xD;
&#xD;
               -  Failed to meet National Cancer Institute (NCI) Working Group criteria for&#xD;
                  complete or partial response after therapy with a regimen containing fludarabine&#xD;
                  phosphate (FLU) (or another nucleoside analog) or experience disease relapse&#xD;
                  within 12 months after completing therapy with a regimen containing FLU (or&#xD;
                  another nucleoside analog)&#xD;
&#xD;
               -  Failed FLU-cyclophosphamide (CY)-Rituximab (FCR) combination chemotherapy at any&#xD;
                  time point; or&#xD;
&#xD;
               -  Have &quot;17p deletion&quot; cytogenetic abnormality; patients should have received&#xD;
                  induction chemotherapy but could be transplanted in 1st CR&#xD;
&#xD;
               -  Patients with a diagnosis of CLL (or small lymphocytic lymphoma) that progresses&#xD;
                  to prolymphocytic leukemia (PLL); or&#xD;
&#xD;
               -  Patients with T-cell CLL or PLL&#xD;
&#xD;
          -  Hodgkin lymphoma - must have received and failed frontline therapy&#xD;
&#xD;
          -  Multiple myeloma - must have received prior chemotherapy; consolidation of&#xD;
             chemotherapy by autografting prior to nonmyeloablative HCT is permitted&#xD;
&#xD;
          -  Acute myeloid leukemia (AML) - must have &lt; 5% marrow blasts at the time of transplant&#xD;
&#xD;
          -  Acute lymphocytic leukemia (ALL) - must have &lt; 5% marrow blasts at the time of&#xD;
             transplant&#xD;
&#xD;
          -  Chronic myeloid leukemia (CML) - Patients will be accepted if they have shown&#xD;
             intolerance to tyrosine kinase inhibitors or are beyond first chronic phase (CP1) and&#xD;
             if they have received previous myelosuppressive chemotherapy or HCT, and have &lt; 5%&#xD;
             marrow blasts at time of transplant&#xD;
&#xD;
          -  Myelodysplasia (MDS)/myeloproliferative syndrome (MPS) - Patients must have &lt; 5%&#xD;
             marrow blasts at time of transplant&#xD;
&#xD;
          -  Waldenstrom's macroglobulinemia - must have failed 2 courses of therapy&#xD;
&#xD;
          -  Patients &lt; 12 years of age must be approved by the principal investigator and by a&#xD;
             relevant patient review committee, such as the Fred Hutchinson Cancer Research Center&#xD;
             (FHCRC) Patient Care Conference (PCC)&#xD;
&#xD;
          -  Patients must have either relapsed after previous high-dose chemotherapy and&#xD;
             autologous or allogeneic HCT, or else be ineligible for such an approach due to age,&#xD;
             failure to mobilize sufficient hematopoietic stem cells, medical comorbidities, or&#xD;
             patient refusal&#xD;
&#xD;
          -  Patients who refuse to be treated on a conventional autologous or allogeneic HCT&#xD;
             protocol&#xD;
&#xD;
          -  DONOR: Age &gt;= 18 years&#xD;
&#xD;
          -  DONOR: HLA genotypically identical sibling&#xD;
&#xD;
          -  DONOR: Willingness to give informed consent&#xD;
&#xD;
        Exclusion Criteria:&#xD;
&#xD;
        IF PROTOCOL 2546 SERVES AS AN ADJUNCT PROTOCOL, THE PATIENT ONLY NEEDS TO MEET EXCLUSION&#xD;
        CRITERIA 1 THROUGH 3&#xD;
&#xD;
          -  Myeloablative preparative regimen&#xD;
&#xD;
          -  Participation in an investigational study that has acute GVHD as the primary endpoint&#xD;
&#xD;
          -  The allogeneic PBSC donor has a contraindication to statin treatment&#xD;
&#xD;
          -  Patients eligible for and willing to receive potentially curative high-dose&#xD;
             chemotherapy and autologous HCT&#xD;
&#xD;
          -  Cardiac ejection fraction &lt; 30% on multi gated acquisition scan (MUGA) scan or cardiac&#xD;
             echocardiogram (echo) or active symptomatic coronary artery disease; patients with&#xD;
             cardiac disease should be evaluated with appropriate cardiac studies and/or cardiology&#xD;
             consultation as clinically indicated&#xD;
&#xD;
          -  Corrected diffusion capacity of the lung for carbon monoxide (DLCO) &lt; 40% of&#xD;
             predicted, total lung capacity (TLC) &lt; 30% of predicted, forced expiratory volume in&#xD;
             one second (FEV1) &lt; 30% of predicted, or receiving continuous supplementary oxygen&#xD;
&#xD;
          -  Patients with clinical or laboratory evidence of liver disease should be evaluated in&#xD;
             conjunction with the gastrointestinal (GI) consult service for the cause of the liver&#xD;
             disease, its clinical severity, and the degree of portal hypertension; patients will&#xD;
             be excluded if they are found to have fulminant liver failure, cirrhosis of the liver&#xD;
             with evidence of portal hypertension, bridging fibrosis, alcoholic hepatitis,&#xD;
             esophageal varices, a history of bleeding esophageal varices, hepatic encephalopathy,&#xD;
             refractory ascites related to portal hypertension, bacterial or fungal liver abscess,&#xD;
             chronic viral hepatitis with total serum bilirubin &gt; 3mg/dl, or actively symptomatic&#xD;
             biliary disease&#xD;
&#xD;
          -  Patients with renal failure are eligible; however, patients with pre-existing renal&#xD;
             insufficiency will likely have further compromise in renal function and may require&#xD;
             dialysis&#xD;
&#xD;
          -  Patients who are seropositive for human immunodeficiency virus (HIV)&#xD;
&#xD;
          -  Women who are pregnant or breast-feeding&#xD;
&#xD;
          -  Fertile men or women unwilling to use contraception during HCT and for 12 months&#xD;
             afterward&#xD;
&#xD;
          -  Patients with active non-hematological malignancies (except non-melanoma skin cancers)&#xD;
             or those with non-hematological malignancies (except non-melanoma skin cancers) who&#xD;
             have been rendered with no evidence of disease, but have a greater than 20% chance of&#xD;
             having disease recurrence within 5 years; this exclusion does not apply to patients&#xD;
             with non-hematologic malignancies that do not require therapy&#xD;
&#xD;
          -  Karnofsky score &lt; 60 for adult patients&#xD;
&#xD;
          -  Lansky-play performance score &lt; 50 for pediatric patients&#xD;
&#xD;
          -  Patients with fungal pneumonia with radiological progression after receipt of&#xD;
             amphotericin formulation or mold-active azoles for greater than 1 month&#xD;
&#xD;
          -  DONOR: Age &lt; 18 years&#xD;
&#xD;
          -  DONOR: History of liver disease; a donor with a history of liver disease would be&#xD;
             eligible if the serum alanine aminotransferase (ALT) or aspartate aminotransferase&#xD;
             (AST) are &lt; 2 times upper limit of normal (ULN)&#xD;
&#xD;
          -  DONOR: History of myopathy&#xD;
&#xD;
          -  DONOR: Hypersensitivity to atorvastatin&#xD;
&#xD;
          -  DONOR: Pregnancy&#xD;
&#xD;
          -  DONOR: Nursing mother&#xD;
&#xD;
          -  DONOR: Current serious systemic illness&#xD;
&#xD;
          -  DONOR: Concurrent treatment with strong inhibitors of hepatic CYP 3A4 (i.e.&#xD;
             clarithromycin, erythromycin, protease inhibitors, azole antifungals)&#xD;
&#xD;
          -  DONOR: Failure to meet local criteria for stem cell donation&#xD;
&#xD;
          -  DONOR: Total creatinine kinase &gt; 2 times the ULN&#xD;
      </textblock>
    </criteria>
    <gender>All</gender>
    <minimum_age>N/A</minimum_age>
    <maximum_age>N/A</maximum_age>
    <healthy_volunteers>No</healthy_volunteers>
  </eligibility>
  <overall_official>
    <last_name>Marco Mielcarek</last_name>
    <role>Principal Investigator</role>
    <affiliation>Fred Hutch/University of Washington Cancer Consortium</affiliation>
  </overall_official>
  <location>
    <facility>
      <name>Presbyterian - Saint Lukes Medical Center - Health One</name>
      <address>
        <city>Denver</city>
        <state>Colorado</state>
        <zip>80218</zip>
        <country>United States</country>
      </address>
    </facility>
  </location>
  <location>
    <facility>
      <name>Fred Hutch/University of Washington Cancer Consortium</name>
      <address>
        <city>Seattle</city>
        <state>Washington</state>
        <zip>98109</zip>
        <country>United States</country>
      </address>
    </facility>
  </location>
  <location_countries>
    <country>United States</country>
  </location_countries>
  <verification_date>December 2019</verification_date>
  <study_first_submitted>January 31, 2012</study_first_submitted>
  <study_first_submitted_qc>February 2, 2012</study_first_submitted_qc>
  <study_first_posted type="Estimate">February 6, 2012</study_first_posted>
  <results_first_submitted>October 25, 2019</results_first_submitted>
  <results_first_submitted_qc>November 20, 2019</results_first_submitted_qc>
  <results_first_posted type="Actual">November 22, 2019</results_first_posted>
  <last_update_submitted>December 26, 2019</last_update_submitted>
  <last_update_submitted_qc>December 26, 2019</last_update_submitted_qc>
  <last_update_posted type="Actual">January 2, 2020</last_update_posted>
  <responsible_party>
    <responsible_party_type>Sponsor</responsible_party_type>
  </responsible_party>
  <condition_browse>
    <!-- CAUTION:  The following MeSH terms are assigned with an imperfect algorithm            -->
    <mesh_term>Lymphoma</mesh_term>
    <mesh_term>Leukemia</mesh_term>
    <mesh_term>Leukemia, Myeloid</mesh_term>
    <mesh_term>Leukemia, Myeloid, Acute</mesh_term>
    <mesh_term>Lymphoma, Non-Hodgkin</mesh_term>
    <mesh_term>Leukemia, Lymphoid</mesh_term>
    <mesh_term>Precursor Cell Lymphoblastic Leukemia-Lymphoma</mesh_term>
    <mesh_term>Leukemia, Lymphocytic, Chronic, B-Cell</mesh_term>
    <mesh_term>Lymphoma, Mantle-Cell</mesh_term>
    <mesh_term>Leukemia, Myelogenous, Chronic, BCR-ABL Positive</mesh_term>
    <mesh_term>Lymphoma, Large B-Cell, Diffuse</mesh_term>
    <mesh_term>Waldenstrom Macroglobulinemia</mesh_term>
    <mesh_term>Multiple Myeloma</mesh_term>
    <mesh_term>Leukemia, Prolymphocytic</mesh_term>
    <mesh_term>Myeloproliferative Disorders</mesh_term>
    <mesh_term>Myelodysplastic-Myeloproliferative Diseases</mesh_term>
    <mesh_term>Aggression</mesh_term>
  </condition_browse>
  <intervention_browse>
    <!-- CAUTION:  The following MeSH terms are assigned with an imperfect algorithm            -->
    <mesh_term>Calcium, Dietary</mesh_term>
    <mesh_term>Cyclosporine</mesh_term>
    <mesh_term>Mycophenolic Acid</mesh_term>
    <mesh_term>Fludarabine</mesh_term>
    <mesh_term>Fludarabine phosphate</mesh_term>
    <mesh_term>Atorvastatin</mesh_term>
    <mesh_term>Calcium</mesh_term>
    <mesh_term>Cyclosporins</mesh_term>
  </intervention_browse>
  <provided_document_section>
    <provided_document>
      <document_type>Study Protocol and Statistical Analysis Plan</document_type>
      <document_has_protocol>Yes</document_has_protocol>
      <document_has_icf>No</document_has_icf>
      <document_has_sap>Yes</document_has_sap>
      <document_date>February 6, 2018</document_date>
      <document_url>https://ClinicalTrials.gov/ProvidedDocs/45/NCT01527045/Prot_SAP_000.pdf</document_url>
    </provided_document>
  </provided_document_section>

  <clinical_results>

    <participant_flow>
      <group_list>
        <group group_id="P1">
          <title>Primary - Reg A (Flu/TBI)</title>
          <description>NONMYELOABLATIVE PREPARATIVE REGIMEN: Patients receive fludarabine phosphate intravenously (IV) on days -4 to -2 (except for patients who had prior autologous HCT or equivalent high-dose therapy without HCT) and undergo low-dose total body irradiation (TBI) on day 0.&#xD;
TRANSPLANT: Patients undergo donor PBSC transplant on day 0.&#xD;
POST-GRAFTING IMMUNOSUPPRESSION: Patients receive CSP PO twice daily (BID) on days -3 to 56 with taper to day 180. Patients also receive mycophenolate mofetil (MMF) PO BID or IV every 12 hours on days 0-27.</description>
        </group>
        <group group_id="P2">
          <title>Primary - Reg B (TBI Alone)</title>
          <description>NONMYELOABLATIVE PREPARATIVE REGIMEN: Patients will undergo low-dose total body irradiation (TBI) on day 0.&#xD;
TRANSPLANT: Patients undergo donor PBSC transplant on day 0.&#xD;
POST-GRAFTING IMMUNOSUPPRESSION: Patients receive CSP PO twice daily (BID) on days -3 to 56 with taper to day 180. Patients also receive mycophenolate mofetil (MMF) PO BID or IV every 12 hours on days 0-27.</description>
        </group>
        <group group_id="P3">
          <title>Adjunct</title>
          <description>NONMYELOABLATIVE PREPARATIVE REGIMEN: The preparative regimen and immunosuppression after transplant will be according to respective protocol or treatment plan.&#xD;
POST-GRAFTING IMMUNOSUPPRESSION: Patients receive CSP PO twice daily (BID) on days -3 to 56 with taper to day 180. Patients also receive mycophenolate mofetil (MMF) PO BID or IV every 12 hours on days 0-27.</description>
        </group>
      </group_list>
      <period_list>
        <period>
          <title>Overall Study</title>
          <milestone_list>
            <milestone>
              <title>STARTED</title>
              <participants_list>
                <participants group_id="P1" count="30"/>
                <participants group_id="P2" count="5"/>
                <participants group_id="P3" count="12"/>
              </participants_list>
            </milestone>
            <milestone>
              <title>COMPLETED</title>
              <participants_list>
                <participants group_id="P1" count="29"/>
                <participants group_id="P2" count="5"/>
                <participants group_id="P3" count="12"/>
              </participants_list>
            </milestone>
            <milestone>
              <title>NOT COMPLETED</title>
              <participants_list>
                <participants group_id="P1" count="1"/>
                <participants group_id="P2" count="0"/>
                <participants group_id="P3" count="0"/>
              </participants_list>
            </milestone>
          </milestone_list>
        </period>
      </period_list>
    </participant_flow>

    <baseline>
      <group_list>
        <group group_id="B1">
          <title>Primary - Reg A (Flu/TBI)</title>
          <description>NONMYELOABLATIVE PREPARATIVE REGIMEN: Patients receive fludarabine phosphate intravenously (IV) on days -4 to -2 (except for patients who had prior autologous HCT or equivalent high-dose therapy without HCT) and undergo low-dose total body irradiation (TBI) on day 0.&#xD;
TRANSPLANT: Patients undergo donor PBSC transplant on day 0.&#xD;
POST-GRAFTING IMMUNOSUPPRESSION: Patients receive CSP PO twice daily (BID) on days -3 to 56 with taper to day 180. Patients also receive mycophenolate mofetil (MMF) PO BID or IV every 12 hours on days 0-27.</description>
        </group>
        <group group_id="B2">
          <title>Primary - Reg B (TBI Alone)</title>
          <description>NONMYELOABLATIVE PREPARATIVE REGIMEN: Patients will undergo low-dose total body irradiation (TBI) on day 0.&#xD;
TRANSPLANT: Patients undergo donor PBSC transplant on day 0.&#xD;
POST-GRAFTING IMMUNOSUPPRESSION: Patients receive CSP PO twice daily (BID) on days -3 to 56 with taper to day 180. Patients also receive mycophenolate mofetil (MMF) PO BID or IV every 12 hours on days 0-27.</description>
        </group>
        <group group_id="B3">
          <title>Adjunct</title>
          <description>NONMYELOABLATIVE PREPARATIVE REGIMEN: The preparative regimen and immunosuppression after transplant will be according to respective protocol or treatment plan.&#xD;
POST-GRAFTING IMMUNOSUPPRESSION: Patients receive CSP PO twice daily (BID) on days -3 to 56 with taper to day 180. Patients also receive mycophenolate mofetil (MMF) PO BID or IV every 12 hours on days 0-27.</description>
        </group>
        <group group_id="B4">
          <title>Total</title>
          <description>Total of all reporting groups</description>
        </group>
      </group_list>
      <analyzed_list>
        <analyzed>
          <units>Participants</units>
          <scope>Overall</scope>
          <count_list>
            <count group_id="B1" value="30"/>
            <count group_id="B2" value="5"/>
            <count group_id="B3" value="12"/>
            <count group_id="B4" value="47"/>
          </count_list>
        </analyzed>
      </analyzed_list>
      <measure_list>
        <measure>
          <title>Age</title>
          <units>Participants</units>
          <param>Count of Participants</param>
          <class_list>
            <class>
              <category_list>
                <category>
                  <title>&lt;=18 years</title>
                  <measurement_list>
                    <measurement group_id="B1" value="0"/>
                    <measurement group_id="B2" value="0"/>
                    <measurement group_id="B3" value="0"/>
                    <measurement group_id="B4" value="0"/>
                  </measurement_list>
                </category>
                <category>
                  <title>Between 18 and 65 years</title>
                  <measurement_list>
                    <measurement group_id="B1" value="13"/>
                    <measurement group_id="B2" value="4"/>
                    <measurement group_id="B3" value="9"/>
                    <measurement group_id="B4" value="26"/>
                  </measurement_list>
                </category>
                <category>
                  <title>&gt;=65 years</title>
                  <measurement_list>
                    <measurement group_id="B1" value="17"/>
                    <measurement group_id="B2" value="1"/>
                    <measurement group_id="B3" value="3"/>
                    <measurement group_id="B4" value="21"/>
                  </measurement_list>
                </category>
              </category_list>
            </class>
          </class_list>
        </measure>
        <measure>
          <title>Age</title>
          <units>years</units>
          <param>Median</param>
          <dispersion>Full Range</dispersion>
          <class_list>
            <class>
              <category_list>
                <category>
                  <measurement_list>
                    <measurement group_id="B1" value="65.4" lower_limit="26.8" upper_limit="79.5"/>
                    <measurement group_id="B2" value="54" lower_limit="35" upper_limit="66.9"/>
                    <measurement group_id="B3" value="62.35" lower_limit="53.6" upper_limit="74.5"/>
                    <measurement group_id="B4" value="64.1" lower_limit="26.8" upper_limit="79.5"/>
                  </measurement_list>
                </category>
              </category_list>
            </class>
          </class_list>
        </measure>
        <measure>
          <title>Sex: Female, Male</title>
          <units>Participants</units>
          <param>Count of Participants</param>
          <class_list>
            <class>
              <category_list>
                <category>
                  <title>Female</title>
                  <measurement_list>
                    <measurement group_id="B1" value="10"/>
                    <measurement group_id="B2" value="3"/>
                    <measurement group_id="B3" value="3"/>
                    <measurement group_id="B4" value="16"/>
                  </measurement_list>
                </category>
                <category>
                  <title>Male</title>
                  <measurement_list>
                    <measurement group_id="B1" value="20"/>
                    <measurement group_id="B2" value="2"/>
                    <measurement group_id="B3" value="9"/>
                    <measurement group_id="B4" value="31"/>
                  </measurement_list>
                </category>
              </category_list>
            </class>
          </class_list>
        </measure>
        <measure>
          <title>Ethnicity (NIH/OMB)</title>
          <units>Participants</units>
          <param>Count of Participants</param>
          <class_list>
            <class>
              <category_list>
                <category>
                  <title>Hispanic or Latino</title>
                  <measurement_list>
                    <measurement group_id="B1" value="0"/>
                    <measurement group_id="B2" value="0"/>
                    <measurement group_id="B3" value="0"/>
                    <measurement group_id="B4" value="0"/>
                  </measurement_list>
                </category>
                <category>
                  <title>Not Hispanic or Latino</title>
                  <measurement_list>
                    <measurement group_id="B1" value="29"/>
                    <measurement group_id="B2" value="5"/>
                    <measurement group_id="B3" value="12"/>
                    <measurement group_id="B4" value="46"/>
                  </measurement_list>
                </category>
                <category>
                  <title>Unknown or Not Reported</title>
                  <measurement_list>
                    <measurement group_id="B1" value="1"/>
                    <measurement group_id="B2" value="0"/>
                    <measurement group_id="B3" value="0"/>
                    <measurement group_id="B4" value="1"/>
                  </measurement_list>
                </category>
              </category_list>
            </class>
          </class_list>
        </measure>
        <measure>
          <title>Race (NIH/OMB)</title>
          <units>Participants</units>
          <param>Count of Participants</param>
          <class_list>
            <class>
              <category_list>
                <category>
                  <title>American Indian or Alaska Native</title>
                  <measurement_list>
                    <measurement group_id="B1" value="1"/>
                    <measurement group_id="B2" value="0"/>
                    <measurement group_id="B3" value="0"/>
                    <measurement group_id="B4" value="1"/>
                  </measurement_list>
                </category>
                <category>
                  <title>Asian</title>
                  <measurement_list>
                    <measurement group_id="B1" value="3"/>
                    <measurement group_id="B2" value="1"/>
                    <measurement group_id="B3" value="1"/>
                    <measurement group_id="B4" value="5"/>
                  </measurement_list>
                </category>
                <category>
                  <title>Native Hawaiian or Other Pacific Islander</title>
                  <measurement_list>
                    <measurement group_id="B1" value="1"/>
                    <measurement group_id="B2" value="0"/>
                    <measurement group_id="B3" value="0"/>
                    <measurement group_id="B4" value="1"/>
                  </measurement_list>
                </category>
                <category>
                  <title>Black or African American</title>
                  <measurement_list>
                    <measurement group_id="B1" value="0"/>
                    <measurement group_id="B2" value="0"/>
                    <measurement group_id="B3" value="0"/>
                    <measurement group_id="B4" value="0"/>
                  </measurement_list>
                </category>
                <category>
                  <title>White</title>
                  <measurement_list>
                    <measurement group_id="B1" value="25"/>
                    <measurement group_id="B2" value="4"/>
                    <measurement group_id="B3" value="10"/>
                    <measurement group_id="B4" value="39"/>
                  </measurement_list>
                </category>
                <category>
                  <title>More than one race</title>
                  <measurement_list>
                    <measurement group_id="B1" value="0"/>
                    <measurement group_id="B2" value="0"/>
                    <measurement group_id="B3" value="0"/>
                    <measurement group_id="B4" value="0"/>
                  </measurement_list>
                </category>
                <category>
                  <title>Unknown or Not Reported</title>
                  <measurement_list>
                    <measurement group_id="B1" value="0"/>
                    <measurement group_id="B2" value="0"/>
                    <measurement group_id="B3" value="1"/>
                    <measurement group_id="B4" value="1"/>
                  </measurement_list>
                </category>
              </category_list>
            </class>
          </class_list>
        </measure>
        <measure>
          <title>Region of Enrollment</title>
          <units>participants</units>
          <param>Number</param>
          <class_list>
            <class>
              <title>United States</title>
              <category_list>
                <category>
                  <measurement_list>
                    <measurement group_id="B1" value="30"/>
                    <measurement group_id="B2" value="5"/>
                    <measurement group_id="B3" value="12"/>
                    <measurement group_id="B4" value="47"/>
                  </measurement_list>
                </category>
              </category_list>
            </class>
          </class_list>
        </measure>
      </measure_list>
    </baseline>

    <outcome_list>
      <outcome>
        <type>Primary</type>
        <title>Number of Patients With Grade III-IV Acute Graft-versus-host Disease (GVHD) Post-transplant</title>
        <description>Number of patients who developed acute GVHD post allogeneic transplant.&#xD;
aGVHD Stages&#xD;
Skin:&#xD;
a maculopapular eruption involving &lt; 25% BSA&#xD;
a maculopapular eruption involving 25 - 50% BSA&#xD;
generalized erythroderma&#xD;
generalized erythroderma w/ bullous formation and often w/ desquamation&#xD;
Liver:&#xD;
bilirubin 2.0 - 3.0 mg/100 mL&#xD;
bilirubin 3 - 5.9 mg/100 mL&#xD;
bilirubin 6 - 14.9 mg/100 mL&#xD;
bilirubin &gt; 15 mg/100 mL&#xD;
Gut:&#xD;
Diarrhea is graded 1 - 4 in severity. Nausea and vomiting and/or anorexia caused by GVHD is assigned as 1 in severity. The severity of gut involvement is assigned to the most severe involvement noted. Patients with visible bloody diarrhea are at least stage 2 gut and grade 3 overall.&#xD;
aGVHD Grades Grade II: Stage 1 - 2 skin w/ no gut/liver involvement Grade III: Stage 2 - 4 gut involvement and/or stage 2 - 4 liver involvement Grade IV: Pattern and severity of GVHD similar to grade 3 w/ extreme constitutional symptoms or death</description>
        <time_frame>100 days post-transplant</time_frame>
        <population>One subject on Reg A aborted transplant during conditioning due to donor related medical issue and subsequently went on to transplant on a different study. This subject was counted towards accrual but not evaluated with respect to outcome measures.</population>
        <group_list>
          <group group_id="O1">
            <title>Primary - Reg A (Flu/TBI)</title>
            <description>NONMYELOABLATIVE PREPARATIVE REGIMEN: Patients receive fludarabine phosphate intravenously (IV) on days -4 to -2 (except for patients who had prior autologous HCT or equivalent high-dose therapy without HCT) and undergo low-dose total body irradiation (TBI) on day 0.&#xD;
TRANSPLANT: Patients undergo donor PBSC transplant on day 0.&#xD;
POST-GRAFTING IMMUNOSUPPRESSION: Patients receive CSP PO twice daily (BID) on days -3 to 56 with taper to day 180. Patients also receive mycophenolate mofetil (MMF) PO BID or IV every 12 hours on days 0-27.</description>
          </group>
          <group group_id="O2">
            <title>Primary - Reg B (TBI Alone)</title>
            <description>NONMYELOABLATIVE PREPARATIVE REGIMEN: Patients will undergo low-dose total body irradiation (TBI) on day 0.&#xD;
TRANSPLANT: Patients undergo donor PBSC transplant on day 0.&#xD;
POST-GRAFTING IMMUNOSUPPRESSION: Patients receive CSP PO twice daily (BID) on days -3 to 56 with taper to day 180. Patients also receive mycophenolate mofetil (MMF) PO BID or IV every 12 hours on days 0-27.</description>
          </group>
          <group group_id="O3">
            <title>Adjunct</title>
            <description>NONMYELOABLATIVE PREPARATIVE REGIMEN: The preparative regimen and immunosuppression after transplant will be according to respective protocol or treatment plan.&#xD;
POST-GRAFTING IMMUNOSUPPRESSION: Patients receive CSP PO twice daily (BID) on days -3 to 56 with taper to day 180. Patients also receive mycophenolate mofetil (MMF) PO BID or IV every 12 hours on days 0-27.</description>
          </group>
        </group_list>
        <measure>
          <title>Number of Patients With Grade III-IV Acute Graft-versus-host Disease (GVHD) Post-transplant</title>
          <description>Number of patients who developed acute GVHD post allogeneic transplant.&#xD;
aGVHD Stages&#xD;
Skin:&#xD;
a maculopapular eruption involving &lt; 25% BSA&#xD;
a maculopapular eruption involving 25 - 50% BSA&#xD;
generalized erythroderma&#xD;
generalized erythroderma w/ bullous formation and often w/ desquamation&#xD;
Liver:&#xD;
bilirubin 2.0 - 3.0 mg/100 mL&#xD;
bilirubin 3 - 5.9 mg/100 mL&#xD;
bilirubin 6 - 14.9 mg/100 mL&#xD;
bilirubin &gt; 15 mg/100 mL&#xD;
Gut:&#xD;
Diarrhea is graded 1 - 4 in severity. Nausea and vomiting and/or anorexia caused by GVHD is assigned as 1 in severity. The severity of gut involvement is assigned to the most severe involvement noted. Patients with visible bloody diarrhea are at least stage 2 gut and grade 3 overall.&#xD;
aGVHD Grades Grade II: Stage 1 - 2 skin w/ no gut/liver involvement Grade III: Stage 2 - 4 gut involvement and/or stage 2 - 4 liver involvement Grade IV: Pattern and severity of GVHD similar to grade 3 w/ extreme constitutional symptoms or death</description>
          <population>One subject on Reg A aborted transplant during conditioning due to donor related medical issue and subsequently went on to transplant on a different study. This subject was counted towards accrual but not evaluated with respect to outcome measures.</population>
          <units>Participants</units>
          <param>Count of Participants</param>
          <analyzed_list>
            <analyzed>
              <units>Participants</units>
              <scope>Measure</scope>
              <count_list>
                <count group_id="O1" value="29"/>
                <count group_id="O2" value="5"/>
                <count group_id="O3" value="12"/>
              </count_list>
            </analyzed>
          </analyzed_list>
          <class_list>
            <class>
              <category_list>
                <category>
                  <measurement_list>
                    <measurement group_id="O1" value="2"/>
                    <measurement group_id="O2" value="0"/>
                    <measurement group_id="O3" value="0"/>
                  </measurement_list>
                </category>
              </category_list>
            </class>
          </class_list>
        </measure>
      </outcome>
      <outcome>
        <type>Secondary</type>
        <title>Number of Patients With Grades II-IV Acute Graft-versus-host-disease (GVHD)</title>
        <description>Number of patients who developed acute GVHD post allogeneic transplant.&#xD;
aGVHD Stages&#xD;
Skin:&#xD;
a maculopapular eruption involving &lt; 25% BSA&#xD;
a maculopapular eruption involving 25 - 50% BSA&#xD;
generalized erythroderma&#xD;
generalized erythroderma w/ bullous formation and often w/ desquamation&#xD;
Liver:&#xD;
bilirubin 2.0 - 3.0 mg/100 mL&#xD;
bilirubin 3 - 5.9 mg/100 mL&#xD;
bilirubin 6 - 14.9 mg/100 mL&#xD;
bilirubin &gt; 15 mg/100 mL&#xD;
Gut:&#xD;
Diarrhea is graded 1 - 4 in severity. Nausea and vomiting and/or anorexia caused by GVHD is assigned as 1 in severity. The severity of gut involvement is assigned to the most severe involvement noted. Patients with visible bloody diarrhea are at least stage 2 gut and grade 3 overall.&#xD;
aGVHD Grades Grade II: Stage 1 - 2 skin w/ no gut/liver involvement Grade III: Stage 2 - 4 gut involvement and/or stage 2 - 4 liver involvement Grade IV: Pattern and severity of GVHD similar to grade 3 w/ extreme constitutional symptoms or death</description>
        <time_frame>100 days post-transplant</time_frame>
        <population>One subject on Reg A aborted transplant during conditioning due to donor related medical issue and subsequently went on to transplant on a different study. This subject was counted towards accrual but not evaluated with respect to outcome measures.</population>
        <group_list>
          <group group_id="O1">
            <title>Primary - Reg A (Flu/TBI)</title>
            <description>NONMYELOABLATIVE PREPARATIVE REGIMEN: Patients receive fludarabine phosphate intravenously (IV) on days -4 to -2 (except for patients who had prior autologous HCT or equivalent high-dose therapy without HCT) and undergo low-dose total body irradiation (TBI) on day 0.&#xD;
TRANSPLANT: Patients undergo donor PBSC transplant on day 0.&#xD;
POST-GRAFTING IMMUNOSUPPRESSION: Patients receive CSP PO twice daily (BID) on days -3 to 56 with taper to day 180. Patients also receive mycophenolate mofetil (MMF) PO BID or IV every 12 hours on days 0-27.</description>
          </group>
          <group group_id="O2">
            <title>Primary - Reg B (TBI Alone)</title>
            <description>NONMYELOABLATIVE PREPARATIVE REGIMEN: Patients will undergo low-dose total body irradiation (TBI) on day 0.&#xD;
TRANSPLANT: Patients undergo donor PBSC transplant on day 0.&#xD;
POST-GRAFTING IMMUNOSUPPRESSION: Patients receive CSP PO twice daily (BID) on days -3 to 56 with taper to day 180. Patients also receive mycophenolate mofetil (MMF) PO BID or IV every 12 hours on days 0-27.</description>
          </group>
          <group group_id="O3">
            <title>Adjunct</title>
            <description>NONMYELOABLATIVE PREPARATIVE REGIMEN: The preparative regimen and immunosuppression after transplant will be according to respective protocol or treatment plan.&#xD;
POST-GRAFTING IMMUNOSUPPRESSION: Patients receive CSP PO twice daily (BID) on days -3 to 56 with taper to day 180. Patients also receive mycophenolate mofetil (MMF) PO BID or IV every 12 hours on days 0-27.</description>
          </group>
        </group_list>
        <measure>
          <title>Number of Patients With Grades II-IV Acute Graft-versus-host-disease (GVHD)</title>
          <description>Number of patients who developed acute GVHD post allogeneic transplant.&#xD;
aGVHD Stages&#xD;
Skin:&#xD;
a maculopapular eruption involving &lt; 25% BSA&#xD;
a maculopapular eruption involving 25 - 50% BSA&#xD;
generalized erythroderma&#xD;
generalized erythroderma w/ bullous formation and often w/ desquamation&#xD;
Liver:&#xD;
bilirubin 2.0 - 3.0 mg/100 mL&#xD;
bilirubin 3 - 5.9 mg/100 mL&#xD;
bilirubin 6 - 14.9 mg/100 mL&#xD;
bilirubin &gt; 15 mg/100 mL&#xD;
Gut:&#xD;
Diarrhea is graded 1 - 4 in severity. Nausea and vomiting and/or anorexia caused by GVHD is assigned as 1 in severity. The severity of gut involvement is assigned to the most severe involvement noted. Patients with visible bloody diarrhea are at least stage 2 gut and grade 3 overall.&#xD;
aGVHD Grades Grade II: Stage 1 - 2 skin w/ no gut/liver involvement Grade III: Stage 2 - 4 gut involvement and/or stage 2 - 4 liver involvement Grade IV: Pattern and severity of GVHD similar to grade 3 w/ extreme constitutional symptoms or death</description>
          <population>One subject on Reg A aborted transplant during conditioning due to donor related medical issue and subsequently went on to transplant on a different study. This subject was counted towards accrual but not evaluated with respect to outcome measures.</population>
          <units>Participants</units>
          <param>Count of Participants</param>
          <analyzed_list>
            <analyzed>
              <units>Participants</units>
              <scope>Measure</scope>
              <count_list>
                <count group_id="O1" value="29"/>
                <count group_id="O2" value="5"/>
                <count group_id="O3" value="12"/>
              </count_list>
            </analyzed>
          </analyzed_list>
          <class_list>
            <class>
              <category_list>
                <category>
                  <measurement_list>
                    <measurement group_id="O1" value="15"/>
                    <measurement group_id="O2" value="2"/>
                    <measurement group_id="O3" value="6"/>
                  </measurement_list>
                </category>
              </category_list>
            </class>
          </class_list>
        </measure>
      </outcome>
      <outcome>
        <type>Secondary</type>
        <title>Number of Patients Requiring Secondary Systemic Immunosuppressive Therapy</title>
        <description>Number of patients requiring systemic immunosuppressive therapy other than those used for prophylaxis and initial therapy.</description>
        <time_frame>1 Year post-transplant</time_frame>
        <population>One subject on Reg A aborted transplant during conditioning due to donor related medical issue and subsequently went on to transplant on a different study. This subject was counted towards accrual but not evaluated with respect to outcome measures.</population>
        <group_list>
          <group group_id="O1">
            <title>Primary - Reg A (Flu/TBI)</title>
            <description>NONMYELOABLATIVE PREPARATIVE REGIMEN: Patients receive fludarabine phosphate intravenously (IV) on days -4 to -2 (except for patients who had prior autologous HCT or equivalent high-dose therapy without HCT) and undergo low-dose total body irradiation (TBI) on day 0.&#xD;
TRANSPLANT: Patients undergo donor PBSC transplant on day 0.&#xD;
POST-GRAFTING IMMUNOSUPPRESSION: Patients receive CSP PO twice daily (BID) on days -3 to 56 with taper to day 180. Patients also receive mycophenolate mofetil (MMF) PO BID or IV every 12 hours on days 0-27.</description>
          </group>
          <group group_id="O2">
            <title>Primary - Reg B (TBI Alone)</title>
            <description>NONMYELOABLATIVE PREPARATIVE REGIMEN: Patients will undergo low-dose total body irradiation (TBI) on day 0.&#xD;
TRANSPLANT: Patients undergo donor PBSC transplant on day 0.&#xD;
POST-GRAFTING IMMUNOSUPPRESSION: Patients receive CSP PO twice daily (BID) on days -3 to 56 with taper to day 180. Patients also receive mycophenolate mofetil (MMF) PO BID or IV every 12 hours on days 0-27.</description>
          </group>
          <group group_id="O3">
            <title>Adjunct</title>
            <description>NONMYELOABLATIVE PREPARATIVE REGIMEN: The preparative regimen and immunosuppression after transplant will be according to respective protocol or treatment plan.&#xD;
POST-GRAFTING IMMUNOSUPPRESSION: Patients receive CSP PO twice daily (BID) on days -3 to 56 with taper to day 180. Patients also receive mycophenolate mofetil (MMF) PO BID or IV every 12 hours on days 0-27.</description>
          </group>
        </group_list>
        <measure>
          <title>Number of Patients Requiring Secondary Systemic Immunosuppressive Therapy</title>
          <description>Number of patients requiring systemic immunosuppressive therapy other than those used for prophylaxis and initial therapy.</description>
          <population>One subject on Reg A aborted transplant during conditioning due to donor related medical issue and subsequently went on to transplant on a different study. This subject was counted towards accrual but not evaluated with respect to outcome measures.</population>
          <units>Participants</units>
          <param>Count of Participants</param>
          <analyzed_list>
            <analyzed>
              <units>Participants</units>
              <scope>Measure</scope>
              <count_list>
                <count group_id="O1" value="29"/>
                <count group_id="O2" value="5"/>
                <count group_id="O3" value="12"/>
              </count_list>
            </analyzed>
          </analyzed_list>
          <class_list>
            <class>
              <category_list>
                <category>
                  <measurement_list>
                    <measurement group_id="O1" value="23"/>
                    <measurement group_id="O2" value="3"/>
                    <measurement group_id="O3" value="4"/>
                  </measurement_list>
                </category>
              </category_list>
            </class>
          </class_list>
        </measure>
      </outcome>
      <outcome>
        <type>Secondary</type>
        <title>Number of Patients With Chronic Extensive GVHD</title>
        <description>Number of patients who developed chronic extensive GVHD post-transplant. The diagnosis of chronic GVHD requires at least one manifestation that is distinctive for chronic GVHD as opposed to acute GVHD. In all cases, infection and others causes must be ruled out in the differential diagnosis of chronic GVHD. Patients were evaluated as described in the National Institutes of Health (NIH) consensus project guidelines.</description>
        <time_frame>1 Year post-transplant</time_frame>
        <population>One subject on Reg A aborted transplant during conditioning due to donor related medical issue and subsequently went on to transplant on a different study. This subject was counted towards accrual but not evaluated with respect to outcome measures.</population>
        <group_list>
          <group group_id="O1">
            <title>Primary - Reg A (Flu/TBI)</title>
            <description>NONMYELOABLATIVE PREPARATIVE REGIMEN: Patients receive fludarabine phosphate intravenously (IV) on days -4 to -2 (except for patients who had prior autologous HCT or equivalent high-dose therapy without HCT) and undergo low-dose total body irradiation (TBI) on day 0.&#xD;
TRANSPLANT: Patients undergo donor PBSC transplant on day 0.&#xD;
POST-GRAFTING IMMUNOSUPPRESSION: Patients receive CSP PO twice daily (BID) on days -3 to 56 with taper to day 180. Patients also receive mycophenolate mofetil (MMF) PO BID or IV every 12 hours on days 0-27.</description>
          </group>
          <group group_id="O2">
            <title>Primary - Reg B (TBI Alone)</title>
            <description>NONMYELOABLATIVE PREPARATIVE REGIMEN: Patients will undergo low-dose total body irradiation (TBI) on day 0.&#xD;
TRANSPLANT: Patients undergo donor PBSC transplant on day 0.&#xD;
POST-GRAFTING IMMUNOSUPPRESSION: Patients receive CSP PO twice daily (BID) on days -3 to 56 with taper to day 180. Patients also receive mycophenolate mofetil (MMF) PO BID or IV every 12 hours on days 0-27.</description>
          </group>
          <group group_id="O3">
            <title>Adjunct</title>
            <description>NONMYELOABLATIVE PREPARATIVE REGIMEN: The preparative regimen and immunosuppression after transplant will be according to respective protocol or treatment plan.&#xD;
POST-GRAFTING IMMUNOSUPPRESSION: Patients receive CSP PO twice daily (BID) on days -3 to 56 with taper to day 180. Patients also receive mycophenolate mofetil (MMF) PO BID or IV every 12 hours on days 0-27.</description>
          </group>
        </group_list>
        <measure>
          <title>Number of Patients With Chronic Extensive GVHD</title>
          <description>Number of patients who developed chronic extensive GVHD post-transplant. The diagnosis of chronic GVHD requires at least one manifestation that is distinctive for chronic GVHD as opposed to acute GVHD. In all cases, infection and others causes must be ruled out in the differential diagnosis of chronic GVHD. Patients were evaluated as described in the National Institutes of Health (NIH) consensus project guidelines.</description>
          <population>One subject on Reg A aborted transplant during conditioning due to donor related medical issue and subsequently went on to transplant on a different study. This subject was counted towards accrual but not evaluated with respect to outcome measures.</population>
          <units>Participants</units>
          <param>Count of Participants</param>
          <analyzed_list>
            <analyzed>
              <units>Participants</units>
              <scope>Measure</scope>
              <count_list>
                <count group_id="O1" value="29"/>
                <count group_id="O2" value="5"/>
                <count group_id="O3" value="12"/>
              </count_list>
            </analyzed>
          </analyzed_list>
          <class_list>
            <class>
              <category_list>
                <category>
                  <measurement_list>
                    <measurement group_id="O1" value="8"/>
                    <measurement group_id="O2" value="1"/>
                    <measurement group_id="O3" value="5"/>
                  </measurement_list>
                </category>
              </category_list>
            </class>
          </class_list>
        </measure>
      </outcome>
      <outcome>
        <type>Secondary</type>
        <title>Number of Patients With Recurrent or Progressive Malignancy</title>
        <description>CML New cytogenetic abnormality and/or development of accelerated phase or blast crisis. The criteria for accelerated phase will be defined as unexplained fever greater than 38.3°C, new clonal cytogenetic abnormalities in addition to a single Ph-positive chromosome, marrow blasts and promyelocytes &gt;20%.&#xD;
AML, ALL, MDS &gt;5% marrow blasts by morphologic or flow cytometric, or appearance of extramedullary disease.&#xD;
CLL ≥1 of: Physical exam/Imaging studies (nodes, liver, and/or spleen) ≥50% increase or new, circulating lymphocytes by morphology and/or flow cytometry ≥50% increase, and lymph node biopsy w/ Richter's transformation.&#xD;
NHL &gt;25% increase in the sum of the products of the perpendicular diameters of marker lesions, or the appearance of new lesions.&#xD;
MM&#xD;
≥100% increase of the serum myeloma protein from its lowest level, or reappearance of myeloma peaks that had disappeared w/ treatment; or definite increase in the size or number of plasmacytomas or lytic bone lesions.</description>
        <time_frame>1 Year post-transplant</time_frame>
        <population>One subject on Reg A aborted transplant during conditioning due to donor related medical issue and subsequently went on to transplant on a different study. This subject was counted towards accrual but not evaluated with respect to outcome measures.</population>
        <group_list>
          <group group_id="O1">
            <title>Primary - Reg A (Flu/TBI)</title>
            <description>NONMYELOABLATIVE PREPARATIVE REGIMEN: Patients receive fludarabine phosphate intravenously (IV) on days -4 to -2 (except for patients who had prior autologous HCT or equivalent high-dose therapy without HCT) and undergo low-dose total body irradiation (TBI) on day 0.&#xD;
TRANSPLANT: Patients undergo donor PBSC transplant on day 0.&#xD;
POST-GRAFTING IMMUNOSUPPRESSION: Patients receive CSP PO twice daily (BID) on days -3 to 56 with taper to day 180. Patients also receive mycophenolate mofetil (MMF) PO BID or IV every 12 hours on days 0-27.</description>
          </group>
          <group group_id="O2">
            <title>Primary - Reg B (TBI Alone)</title>
            <description>NONMYELOABLATIVE PREPARATIVE REGIMEN: Patients will undergo low-dose total body irradiation (TBI) on day 0.&#xD;
TRANSPLANT: Patients undergo donor PBSC transplant on day 0.&#xD;
POST-GRAFTING IMMUNOSUPPRESSION: Patients receive CSP PO twice daily (BID) on days -3 to 56 with taper to day 180. Patients also receive mycophenolate mofetil (MMF) PO BID or IV every 12 hours on days 0-27.</description>
          </group>
          <group group_id="O3">
            <title>Adjunct</title>
            <description>NONMYELOABLATIVE PREPARATIVE REGIMEN: The preparative regimen and immunosuppression after transplant will be according to respective protocol or treatment plan.&#xD;
POST-GRAFTING IMMUNOSUPPRESSION: Patients receive CSP PO twice daily (BID) on days -3 to 56 with taper to day 180. Patients also receive mycophenolate mofetil (MMF) PO BID or IV every 12 hours on days 0-27.</description>
          </group>
        </group_list>
        <measure>
          <title>Number of Patients With Recurrent or Progressive Malignancy</title>
          <description>CML New cytogenetic abnormality and/or development of accelerated phase or blast crisis. The criteria for accelerated phase will be defined as unexplained fever greater than 38.3°C, new clonal cytogenetic abnormalities in addition to a single Ph-positive chromosome, marrow blasts and promyelocytes &gt;20%.&#xD;
AML, ALL, MDS &gt;5% marrow blasts by morphologic or flow cytometric, or appearance of extramedullary disease.&#xD;
CLL ≥1 of: Physical exam/Imaging studies (nodes, liver, and/or spleen) ≥50% increase or new, circulating lymphocytes by morphology and/or flow cytometry ≥50% increase, and lymph node biopsy w/ Richter's transformation.&#xD;
NHL &gt;25% increase in the sum of the products of the perpendicular diameters of marker lesions, or the appearance of new lesions.&#xD;
MM&#xD;
≥100% increase of the serum myeloma protein from its lowest level, or reappearance of myeloma peaks that had disappeared w/ treatment; or definite increase in the size or number of plasmacytomas or lytic bone lesions.</description>
          <population>One subject on Reg A aborted transplant during conditioning due to donor related medical issue and subsequently went on to transplant on a different study. This subject was counted towards accrual but not evaluated with respect to outcome measures.</population>
          <units>Participants</units>
          <param>Count of Participants</param>
          <analyzed_list>
            <analyzed>
              <units>Participants</units>
              <scope>Measure</scope>
              <count_list>
                <count group_id="O1" value="29"/>
                <count group_id="O2" value="5"/>
                <count group_id="O3" value="12"/>
              </count_list>
            </analyzed>
          </analyzed_list>
          <class_list>
            <class>
              <category_list>
                <category>
                  <measurement_list>
                    <measurement group_id="O1" value="7"/>
                    <measurement group_id="O2" value="4"/>
                    <measurement group_id="O3" value="3"/>
                  </measurement_list>
                </category>
              </category_list>
            </class>
          </class_list>
        </measure>
      </outcome>
      <outcome>
        <type>Secondary</type>
        <title>Number of Non-relapse Mortalities</title>
        <description>Number of patients who died without relapsed/progressive disease.</description>
        <time_frame>1 Year post-transplant</time_frame>
        <population>One subject on Reg A aborted transplant during conditioning due to donor related medical issue and subsequently went on to transplant on a different study. This subject was counted towards accrual but not evaluated with respect to outcome measures.</population>
        <group_list>
          <group group_id="O1">
            <title>Primary - Reg A (Flu/TBI)</title>
            <description>NONMYELOABLATIVE PREPARATIVE REGIMEN: Patients receive fludarabine phosphate intravenously (IV) on days -4 to -2 (except for patients who had prior autologous HCT or equivalent high-dose therapy without HCT) and undergo low-dose total body irradiation (TBI) on day 0.&#xD;
TRANSPLANT: Patients undergo donor PBSC transplant on day 0.&#xD;
POST-GRAFTING IMMUNOSUPPRESSION: Patients receive CSP PO twice daily (BID) on days -3 to 56 with taper to day 180. Patients also receive mycophenolate mofetil (MMF) PO BID or IV every 12 hours on days 0-27.</description>
          </group>
          <group group_id="O2">
            <title>Primary - Reg B (TBI Alone)</title>
            <description>NONMYELOABLATIVE PREPARATIVE REGIMEN: Patients will undergo low-dose total body irradiation (TBI) on day 0.&#xD;
TRANSPLANT: Patients undergo donor PBSC transplant on day 0.&#xD;
POST-GRAFTING IMMUNOSUPPRESSION: Patients receive CSP PO twice daily (BID) on days -3 to 56 with taper to day 180. Patients also receive mycophenolate mofetil (MMF) PO BID or IV every 12 hours on days 0-27.</description>
          </group>
          <group group_id="O3">
            <title>Adjunct</title>
            <description>NONMYELOABLATIVE PREPARATIVE REGIMEN: The preparative regimen and immunosuppression after transplant will be according to respective protocol or treatment plan.&#xD;
POST-GRAFTING IMMUNOSUPPRESSION: Patients receive CSP PO twice daily (BID) on days -3 to 56 with taper to day 180. Patients also receive mycophenolate mofetil (MMF) PO BID or IV every 12 hours on days 0-27.</description>
          </group>
        </group_list>
        <measure>
          <title>Number of Non-relapse Mortalities</title>
          <description>Number of patients who died without relapsed/progressive disease.</description>
          <population>One subject on Reg A aborted transplant during conditioning due to donor related medical issue and subsequently went on to transplant on a different study. This subject was counted towards accrual but not evaluated with respect to outcome measures.</population>
          <units>Participants</units>
          <param>Count of Participants</param>
          <analyzed_list>
            <analyzed>
              <units>Participants</units>
              <scope>Measure</scope>
              <count_list>
                <count group_id="O1" value="29"/>
                <count group_id="O2" value="5"/>
                <count group_id="O3" value="12"/>
              </count_list>
            </analyzed>
          </analyzed_list>
          <class_list>
            <class>
              <category_list>
                <category>
                  <measurement_list>
                    <measurement group_id="O1" value="4"/>
                    <measurement group_id="O2" value="1"/>
                    <measurement group_id="O3" value="0"/>
                  </measurement_list>
                </category>
              </category_list>
            </class>
          </class_list>
        </measure>
      </outcome>
      <outcome>
        <type>Secondary</type>
        <title>Number of Patients Surviving Overall</title>
        <description>Number of patients surviving overall post-transplant</description>
        <time_frame>1 Year post-transplant</time_frame>
        <population>One subject on Reg A aborted transplant during conditioning due to donor related medical issue and subsequently went on to transplant on a different study. This subject was counted towards accrual but not evaluated with respect to outcome measures.</population>
        <group_list>
          <group group_id="O1">
            <title>Primary - Reg A (Flu/TBI)</title>
            <description>NONMYELOABLATIVE PREPARATIVE REGIMEN: Patients receive fludarabine phosphate intravenously (IV) on days -4 to -2 (except for patients who had prior autologous HCT or equivalent high-dose therapy without HCT) and undergo low-dose total body irradiation (TBI) on day 0.&#xD;
TRANSPLANT: Patients undergo donor PBSC transplant on day 0.&#xD;
POST-GRAFTING IMMUNOSUPPRESSION: Patients receive CSP PO twice daily (BID) on days -3 to 56 with taper to day 180. Patients also receive mycophenolate mofetil (MMF) PO BID or IV every 12 hours on days 0-27.</description>
          </group>
          <group group_id="O2">
            <title>Primary - Reg B (TBI Alone)</title>
            <description>NONMYELOABLATIVE PREPARATIVE REGIMEN: Patients will undergo low-dose total body irradiation (TBI) on day 0.&#xD;
TRANSPLANT: Patients undergo donor PBSC transplant on day 0.&#xD;
POST-GRAFTING IMMUNOSUPPRESSION: Patients receive CSP PO twice daily (BID) on days -3 to 56 with taper to day 180. Patients also receive mycophenolate mofetil (MMF) PO BID or IV every 12 hours on days 0-27.</description>
          </group>
          <group group_id="O3">
            <title>Adjunct</title>
            <description>NONMYELOABLATIVE PREPARATIVE REGIMEN: The preparative regimen and immunosuppression after transplant will be according to respective protocol or treatment plan.&#xD;
POST-GRAFTING IMMUNOSUPPRESSION: Patients receive CSP PO twice daily (BID) on days -3 to 56 with taper to day 180. Patients also receive mycophenolate mofetil (MMF) PO BID or IV every 12 hours on days 0-27.</description>
          </group>
        </group_list>
        <measure>
          <title>Number of Patients Surviving Overall</title>
          <description>Number of patients surviving overall post-transplant</description>
          <population>One subject on Reg A aborted transplant during conditioning due to donor related medical issue and subsequently went on to transplant on a different study. This subject was counted towards accrual but not evaluated with respect to outcome measures.</population>
          <units>Participants</units>
          <param>Count of Participants</param>
          <analyzed_list>
            <analyzed>
              <units>Participants</units>
              <scope>Measure</scope>
              <count_list>
                <count group_id="O1" value="29"/>
                <count group_id="O2" value="5"/>
                <count group_id="O3" value="12"/>
              </count_list>
            </analyzed>
          </analyzed_list>
          <class_list>
            <class>
              <category_list>
                <category>
                  <measurement_list>
                    <measurement group_id="O1" value="21"/>
                    <measurement group_id="O2" value="3"/>
                    <measurement group_id="O3" value="9"/>
                  </measurement_list>
                </category>
              </category_list>
            </class>
          </class_list>
        </measure>
      </outcome>
      <outcome>
        <type>Secondary</type>
        <title>Number of Donors Discontinuing Atorvastatin Due to Toxicity</title>
        <description>The number of donors who prematurely discontinue atorvastatin therapy due to toxicity. Donors will be assessed for the following events:&#xD;
Musculoskeletal and connective tissue disorders: grade 2-5&#xD;
Hepatobiliary disorders: grade 2-5&#xD;
Other unexpected events thought related to the use of atorvastatin; grade 2-5&#xD;
In cases where the NCI criteria do not apply, intensity will be defined as:&#xD;
Mild: awareness of symptom or sign, but easily tolerated&#xD;
Moderate: discomfort is enough to cause interference with normal activities&#xD;
Severe: inability to perform normal daily activities&#xD;
Life threatening: immediate risk of death from the reaction as it occurred</description>
        <time_frame>Prior to stem cell collection</time_frame>
        <group_list>
          <group group_id="O1">
            <title>Primary - Reg A (Flu/TBI)</title>
            <description>NONMYELOABLATIVE PREPARATIVE REGIMEN: Patients receive fludarabine phosphate intravenously (IV) on days -4 to -2 (except for patients who had prior autologous HCT or equivalent high-dose therapy without HCT) and undergo low-dose total body irradiation (TBI) on day 0.&#xD;
TRANSPLANT: Patients undergo donor PBSC transplant on day 0.&#xD;
POST-GRAFTING IMMUNOSUPPRESSION: Patients receive CSP PO twice daily (BID) on days -3 to 56 with taper to day 180. Patients also receive mycophenolate mofetil (MMF) PO BID or IV every 12 hours on days 0-27.</description>
          </group>
          <group group_id="O2">
            <title>Primary - Reg B (TBI Alone)</title>
            <description>NONMYELOABLATIVE PREPARATIVE REGIMEN: Patients will undergo low-dose total body irradiation (TBI) on day 0.&#xD;
TRANSPLANT: Patients undergo donor PBSC transplant on day 0.&#xD;
POST-GRAFTING IMMUNOSUPPRESSION: Patients receive CSP PO twice daily (BID) on days -3 to 56 with taper to day 180. Patients also receive mycophenolate mofetil (MMF) PO BID or IV every 12 hours on days 0-27.</description>
          </group>
          <group group_id="O3">
            <title>Adjunct</title>
            <description>NONMYELOABLATIVE PREPARATIVE REGIMEN: The preparative regimen and immunosuppression after transplant will be according to respective protocol or treatment plan.&#xD;
POST-GRAFTING IMMUNOSUPPRESSION: Patients receive CSP PO twice daily (BID) on days -3 to 56 with taper to day 180. Patients also receive mycophenolate mofetil (MMF) PO BID or IV every 12 hours on days 0-27.</description>
          </group>
        </group_list>
        <measure>
          <title>Number of Donors Discontinuing Atorvastatin Due to Toxicity</title>
          <description>The number of donors who prematurely discontinue atorvastatin therapy due to toxicity. Donors will be assessed for the following events:&#xD;
Musculoskeletal and connective tissue disorders: grade 2-5&#xD;
Hepatobiliary disorders: grade 2-5&#xD;
Other unexpected events thought related to the use of atorvastatin; grade 2-5&#xD;
In cases where the NCI criteria do not apply, intensity will be defined as:&#xD;
Mild: awareness of symptom or sign, but easily tolerated&#xD;
Moderate: discomfort is enough to cause interference with normal activities&#xD;
Severe: inability to perform normal daily activities&#xD;
Life threatening: immediate risk of death from the reaction as it occurred</description>
          <units>Participants</units>
          <param>Count of Participants</param>
          <analyzed_list>
            <analyzed>
              <units>Participants</units>
              <scope>Measure</scope>
              <count_list>
                <count group_id="O1" value="30"/>
                <count group_id="O2" value="5"/>
                <count group_id="O3" value="12"/>
              </count_list>
            </analyzed>
          </analyzed_list>
          <class_list>
            <class>
              <category_list>
                <category>
                  <measurement_list>
                    <measurement group_id="O1" value="2"/>
                    <measurement group_id="O2" value="0"/>
                    <measurement group_id="O3" value="1"/>
                  </measurement_list>
                </category>
              </category_list>
            </class>
          </class_list>
        </measure>
      </outcome>
    </outcome_list>

    <reported_events>
      <time_frame>AEs: Conditioning through Day 100; SAEs: Conditioning through Day 200; All-Cause Mortality: Conditioning through 1 Year.</time_frame>
      <group_list>
        <group group_id="E1">
          <title>Primary - Reg A (Flu/TBI)</title>
          <description>NONMYELOABLATIVE PREPARATIVE REGIMEN: Patients receive fludarabine phosphate intravenously (IV) on days -4 to -2 (except for patients who had prior autologous HCT or equivalent high-dose therapy without HCT) and undergo low-dose total body irradiation (TBI) on day 0.&#xD;
TRANSPLANT: Patients undergo donor PBSC transplant on day 0.&#xD;
POST-GRAFTING IMMUNOSUPPRESSION: Patients receive CSP PO twice daily (BID) on days -3 to 56 with taper to day 180. Patients also receive mycophenolate mofetil (MMF) PO BID or IV every 12 hours on days 0-27.</description>
        </group>
        <group group_id="E2">
          <title>Primary - Reg B (TBI Alone)</title>
          <description>NONMYELOABLATIVE PREPARATIVE REGIMEN: Patients will undergo low-dose total body irradiation (TBI) on day 0.&#xD;
TRANSPLANT: Patients undergo donor PBSC transplant on day 0.&#xD;
POST-GRAFTING IMMUNOSUPPRESSION: Patients receive CSP PO twice daily (BID) on days -3 to 56 with taper to day 180. Patients also receive mycophenolate mofetil (MMF) PO BID or IV every 12 hours on days 0-27.</description>
        </group>
        <group group_id="E3">
          <title>Adjunct</title>
          <description>NONMYELOABLATIVE PREPARATIVE REGIMEN: The preparative regimen and immunosuppression after transplant will be according to respective protocol or treatment plan.&#xD;
POST-GRAFTING IMMUNOSUPPRESSION: Patients receive CSP PO twice daily (BID) on days -3 to 56 with taper to day 180. Patients also receive mycophenolate mofetil (MMF) PO BID or IV every 12 hours on days 0-27.</description>
        </group>
      </group_list>
      <serious_events>
        <default_assessment>Systematic Assessment</default_assessment>
        <category_list>
          <category>
            <title>Total</title>
            <event_list>
              <event>
                <sub_title>Total, all-cause mortality</sub_title>
                <counts group_id="E1" subjects_affected="8" subjects_at_risk="29"/>
                <counts group_id="E2" subjects_affected="2" subjects_at_risk="5"/>
                <counts group_id="E3" subjects_affected="3" subjects_at_risk="12"/>
              </event>
              <event>
                <sub_title>Total, serious adverse events</sub_title>
                <counts group_id="E1" subjects_affected="1" subjects_at_risk="29"/>
                <counts group_id="E2" subjects_affected="0" subjects_at_risk="5"/>
                <counts group_id="E3" subjects_affected="0" subjects_at_risk="12"/>
              </event>
            </event_list>
          </category>
          <category>
            <title>Gastrointestinal disorders</title>
            <event_list>
              <event>
                <sub_title>Duodenal ulcer</sub_title>
                <counts group_id="E1" events="1" subjects_affected="1" subjects_at_risk="29"/>
                <counts group_id="E2" events="0" subjects_affected="0" subjects_at_risk="5"/>
                <counts group_id="E3" events="0" subjects_affected="0" subjects_at_risk="12"/>
              </event>
            </event_list>
          </category>
        </category_list>
      </serious_events>
      <other_events>
        <frequency_threshold>0</frequency_threshold>
        <default_assessment>Systematic Assessment</default_assessment>
        <category_list>
          <category>
            <title>Total</title>
            <event_list>
              <event>
                <sub_title>Total, other adverse events</sub_title>
                <counts group_id="E1" subjects_affected="6" subjects_at_risk="29"/>
                <counts group_id="E2" subjects_affected="1" subjects_at_risk="5"/>
                <counts group_id="E3" subjects_affected="2" subjects_at_risk="12"/>
              </event>
            </event_list>
          </category>
          <category>
            <title>Blood and lymphatic system disorders</title>
            <event_list>
              <event>
                <sub_title>Febrile neutropenia</sub_title>
                <counts group_id="E1" events="1" subjects_affected="1" subjects_at_risk="29"/>
                <counts group_id="E2" events="0" subjects_affected="0" subjects_at_risk="5"/>
                <counts group_id="E3" events="0" subjects_affected="0" subjects_at_risk="12"/>
              </event>
            </event_list>
          </category>
          <category>
            <title>Gastrointestinal disorders</title>
            <event_list>
              <event>
                <sub_title>Nausea</sub_title>
                <counts group_id="E1" events="0" subjects_affected="0" subjects_at_risk="29"/>
                <counts group_id="E2" events="0" subjects_affected="0" subjects_at_risk="5"/>
                <counts group_id="E3" events="1" subjects_affected="1" subjects_at_risk="12"/>
              </event>
              <event>
                <sub_title>Vomiting</sub_title>
                <counts group_id="E1" events="0" subjects_affected="0" subjects_at_risk="29"/>
                <counts group_id="E2" events="0" subjects_affected="0" subjects_at_risk="5"/>
                <counts group_id="E3" events="1" subjects_affected="1" subjects_at_risk="12"/>
              </event>
            </event_list>
          </category>
          <category>
            <title>General disorders</title>
            <event_list>
              <event>
                <sub_title>Non-cardiac chest pain</sub_title>
                <counts group_id="E1" events="0" subjects_affected="0" subjects_at_risk="29"/>
                <counts group_id="E2" events="0" subjects_affected="0" subjects_at_risk="5"/>
                <counts group_id="E3" events="1" subjects_affected="1" subjects_at_risk="12"/>
              </event>
            </event_list>
          </category>
          <category>
            <title>Immune system disorders</title>
            <event_list>
              <event>
                <sub_title>Allergic reaction</sub_title>
                <counts group_id="E1" events="1" subjects_affected="1" subjects_at_risk="29"/>
                <counts group_id="E2" events="0" subjects_affected="0" subjects_at_risk="5"/>
                <counts group_id="E3" events="0" subjects_affected="0" subjects_at_risk="12"/>
              </event>
            </event_list>
          </category>
          <category>
            <title>Infections and infestations</title>
            <event_list>
              <event>
                <sub_title>Lung infection</sub_title>
                <counts group_id="E1" events="1" subjects_affected="1" subjects_at_risk="29"/>
                <counts group_id="E2" events="0" subjects_affected="0" subjects_at_risk="5"/>
                <counts group_id="E3" events="0" subjects_affected="0" subjects_at_risk="12"/>
              </event>
            </event_list>
          </category>
          <category>
            <title>Investigations</title>
            <event_list>
              <event>
                <sub_title>Blood bilirubin increased</sub_title>
                <counts group_id="E1" events="0" subjects_affected="0" subjects_at_risk="29"/>
                <counts group_id="E2" events="1" subjects_affected="1" subjects_at_risk="5"/>
                <counts group_id="E3" events="0" subjects_affected="0" subjects_at_risk="12"/>
              </event>
              <event>
                <sub_title>Creatinine increased</sub_title>
                <counts group_id="E1" events="1" subjects_affected="1" subjects_at_risk="29"/>
                <counts group_id="E2" events="0" subjects_affected="0" subjects_at_risk="5"/>
                <counts group_id="E3" events="0" subjects_affected="0" subjects_at_risk="12"/>
              </event>
            </event_list>
          </category>
          <category>
            <title>Metabolism and nutrition disorders</title>
            <event_list>
              <event>
                <sub_title>Hypertriglyceridemia</sub_title>
                <counts group_id="E1" events="1" subjects_affected="1" subjects_at_risk="29"/>
                <counts group_id="E2" events="0" subjects_affected="0" subjects_at_risk="5"/>
                <counts group_id="E3" events="0" subjects_affected="0" subjects_at_risk="12"/>
              </event>
              <event>
                <sub_title>Hypophosphatemia</sub_title>
                <counts group_id="E1" events="0" subjects_affected="0" subjects_at_risk="29"/>
                <counts group_id="E2" events="0" subjects_affected="0" subjects_at_risk="5"/>
                <counts group_id="E3" events="1" subjects_affected="1" subjects_at_risk="12"/>
              </event>
            </event_list>
          </category>
          <category>
            <title>Nervous system disorders</title>
            <event_list>
              <event>
                <sub_title>Leukoencephalopathy</sub_title>
                <counts group_id="E1" events="1" subjects_affected="1" subjects_at_risk="29"/>
                <counts group_id="E2" events="0" subjects_affected="0" subjects_at_risk="5"/>
                <counts group_id="E3" events="0" subjects_affected="0" subjects_at_risk="12"/>
              </event>
            </event_list>
          </category>
          <category>
            <title>Psychiatric disorders</title>
            <event_list>
              <event>
                <sub_title>Delirium</sub_title>
                <counts group_id="E1" events="1" subjects_affected="1" subjects_at_risk="29"/>
                <counts group_id="E2" events="0" subjects_affected="0" subjects_at_risk="5"/>
                <counts group_id="E3" events="0" subjects_affected="0" subjects_at_risk="12"/>
              </event>
            </event_list>
          </category>
          <category>
            <title>Renal and urinary disorders</title>
            <event_list>
              <event>
                <sub_title>Acute kidney injury</sub_title>
                <counts group_id="E1" events="1" subjects_affected="1" subjects_at_risk="29"/>
                <counts group_id="E2" events="0" subjects_affected="0" subjects_at_risk="5"/>
                <counts group_id="E3" events="0" subjects_affected="0" subjects_at_risk="12"/>
              </event>
            </event_list>
          </category>
          <category>
            <title>Respiratory, thoracic and mediastinal disorders</title>
            <event_list>
              <event>
                <sub_title>Pleural effusion</sub_title>
                <counts group_id="E1" events="1" subjects_affected="1" subjects_at_risk="29"/>
                <counts group_id="E2" events="0" subjects_affected="0" subjects_at_risk="5"/>
                <counts group_id="E3" events="0" subjects_affected="0" subjects_at_risk="12"/>
              </event>
              <event>
                <sub_title>Pneumothorax</sub_title>
                <counts group_id="E1" events="1" subjects_affected="1" subjects_at_risk="29"/>
                <counts group_id="E2" events="0" subjects_affected="0" subjects_at_risk="5"/>
                <counts group_id="E3" events="0" subjects_affected="0" subjects_at_risk="12"/>
              </event>
            </event_list>
          </category>
          <category>
            <title>Vascular disorders</title>
            <event_list>
              <event>
                <sub_title>Hypertension</sub_title>
                <counts group_id="E1" events="1" subjects_affected="1" subjects_at_risk="29"/>
                <counts group_id="E2" events="0" subjects_affected="0" subjects_at_risk="5"/>
                <counts group_id="E3" events="0" subjects_affected="0" subjects_at_risk="12"/>
              </event>
              <event>
                <sub_title>Thromboembolic event</sub_title>
                <counts group_id="E1" events="1" subjects_affected="1" subjects_at_risk="29"/>
                <counts group_id="E2" events="0" subjects_affected="0" subjects_at_risk="5"/>
                <counts group_id="E3" events="0" subjects_affected="0" subjects_at_risk="12"/>
              </event>
            </event_list>
          </category>
        </category_list>
      </other_events>
    </reported_events>

    <certain_agreements>
      <pi_employee>All Principal Investigators ARE employed by the organization sponsoring the study.</pi_employee>
      <restrictive_agreement>There is NOT an agreement between Principal Investigators and the Sponsor (or its agents) that restricts the PI's rights to discuss or publish trial results after the trial is completed. </restrictive_agreement>
    </certain_agreements>
    <point_of_contact>
      <name_or_title>Dr. Marco Mielcarek</name_or_title>
      <organization>Fred Hutchinson Cancer Research Center</organization>
      <phone>(206) 667-2827</phone>
      <email>mmielcar@fredhutch.org</email>
    </point_of_contact>
  </clinical_results>
</clinical_study>

