<?xml version="1.0" encoding="UTF-8"?>
<clinical_study rank="81">
  <!-- This xml conforms to an XML Schema at:
    https://clinicaltrials.gov/ct2/html/images/info/public.xsd -->
  <required_header>
    <download_date>ClinicalTrials.gov processed this data on May 11, 2021</download_date>
    <link_text>Link to the current ClinicalTrials.gov record.</link_text>
    <url>https://clinicaltrials.gov/show/NCT00462787</url>
  </required_header>
  <id_info>
    <org_study_id>07-012</org_study_id>
    <secondary_id>MSKCC-07012</secondary_id>
    <nct_id>NCT00462787</nct_id>
  </id_info>
  <brief_title>Combination Chemotherapy in Treating Young Patients With Relapsed or Refractory Acute Leukemia</brief_title>
  <official_title>A Phase I Dose Escalation Trial of Clofarabine in Addition to Topotecan, Vinorelbine, Thiotepa, and Dexamethasone in Pediatric Patients With Relapsed or Refractory Acute Leukemia</official_title>
  <sponsors>
    <lead_sponsor>
      <agency>Memorial Sloan Kettering Cancer Center</agency>
      <agency_class>Other</agency_class>
    </lead_sponsor>
    <collaborator>
      <agency>National Cancer Institute (NCI)</agency>
      <agency_class>NIH</agency_class>
    </collaborator>
  </sponsors>
  <source>Memorial Sloan Kettering Cancer Center</source>
  <brief_summary>
    <textblock>
      RATIONALE: Drugs used in chemotherapy, such as clofarabine, topotecan, vinorelbine, thiotepa,&#xD;
      and dexamethasone, work in different ways to stop the growth of cancer cells, either by&#xD;
      killing the cells or by stopping them from dividing. Giving more than one drug (combination&#xD;
      chemotherapy) may kill more cancer cells.&#xD;
&#xD;
      PURPOSE: This phase I trial is studying the side effects and best dose of clofarabine when&#xD;
      given together with topotecan, vinorelbine, thiotepa, and dexamethasone in treating young&#xD;
      patients with relapsed or refractory acute leukemia.&#xD;
    </textblock>
  </brief_summary>
  <detailed_description>
    <textblock>
      OBJECTIVES:&#xD;
&#xD;
        -  Determine the maximum tolerated dose of clofarabine when administered in combination&#xD;
           with topotecan hydrochloride, vinorelbine ditartrate, thiotepa, and dexamethasone in&#xD;
           young patients with relapsed or refractory acute leukemia.&#xD;
&#xD;
        -  Evaluate the antileukemic potential of this regimen in these patients.&#xD;
&#xD;
        -  Evaluate the incidence and severity of treatment-related morbidity and mortality in&#xD;
           patients treated with this regimen.&#xD;
&#xD;
        -  Develop a new reinduction treatment regimen that will result in a patient clinical&#xD;
           response with as little residual disease as possible to permit a bone marrow&#xD;
           transplantation while in subsequent remission; maintain the response long enough to&#xD;
           identify an appropriate stem cell donor; and permit the patient to undergo a stem cell&#xD;
           transplantation free of infections and without vital organ dysfunction.&#xD;
&#xD;
      OUTLINE: This is a nonrandomized, prospective, dose-escalation study of clofarabine.&#xD;
&#xD;
      Patients receive topotecan hydrochloride IV continuously over 120 hours on days 0-4;&#xD;
      vinorelbine ditartrate over 6-10 minutes on days 0, 7, and 14; thiotepa IV over 4 hours on&#xD;
      day 2; clofarabine IV over 2 hours on days 3-7; and oral or IV dexamethasone 3 times daily on&#xD;
      days 3 and 7-13 and then on day 3 only thereafter. Patients also receive filgrastim (G-CSF)&#xD;
      subcutaneously once daily beginning on day 8 and continuing until blood counts recover.&#xD;
      Treatment repeats every 21 days in the absence of disease progression or unacceptable&#xD;
      toxicity.&#xD;
&#xD;
      Cohorts of 3-6 patients receive escalating doses of clofarabine until the maximum tolerated&#xD;
      dose (MTD) is determined. The MTD is defined as the dose at which 2 of 6 patients experience&#xD;
      dose-limiting toxicity OR the dose preceding that at which 2 of 3 patients experience&#xD;
      dose-limiting toxicity. At least 6 patients are treated at the MTD.&#xD;
&#xD;
      After completion of study treatment, patients are followed once a week for 4 weeks, twice a&#xD;
      month for 6 months, and then once a month for 2 years.&#xD;
&#xD;
      PROJECTED ACCRUAL: A total of 23 patients will be accrued for this study.&#xD;
    </textblock>
  </detailed_description>
  <overall_status>Completed</overall_status>
  <start_date>April 2007</start_date>
  <completion_date type="Actual">November 2013</completion_date>
  <primary_completion_date type="Actual">November 2013</primary_completion_date>
  <phase>Phase 1</phase>
  <study_type>Interventional</study_type>
  <has_expanded_access>No</has_expanded_access>
  <study_design_info>
    <allocation>N/A</allocation>
    <intervention_model>Single Group Assignment</intervention_model>
    <primary_purpose>Treatment</primary_purpose>
    <masking>None (Open Label)</masking>
  </study_design_info>
  <primary_outcome>
    <measure>Maximum tolerated dose of clofarabine</measure>
    <time_frame>2 years</time_frame>
  </primary_outcome>
  <primary_outcome>
    <measure>Overall survival</measure>
    <time_frame>2 years</time_frame>
  </primary_outcome>
  <primary_outcome>
    <measure>Progression-free survival</measure>
    <time_frame>2 years</time_frame>
  </primary_outcome>
  <number_of_arms>1</number_of_arms>
  <enrollment type="Actual">23</enrollment>
  <condition>Leukemia</condition>
  <arm_group>
    <arm_group_label>Clofarabine</arm_group_label>
    <arm_group_type>Experimental</arm_group_type>
    <description>This is a single arm phase I clinical trial to assess safety (morbidity and mortality) of a novel leukemia re-induction regimen. The first component of this trial is a phase I dose escalation study to determine the maximum tolerated dose (MTD) of the novel agent Clofarabine, when used in combination with topotecan, vinorelbine, thiotepa and dexamethasone. A total of three dose levels will be explored in this study.</description>
  </arm_group>
  <intervention>
    <intervention_type>Biological</intervention_type>
    <intervention_name>filgrastim</intervention_name>
    <arm_group_label>Clofarabine</arm_group_label>
  </intervention>
  <intervention>
    <intervention_type>Drug</intervention_type>
    <intervention_name>clofarabine</intervention_name>
    <arm_group_label>Clofarabine</arm_group_label>
  </intervention>
  <intervention>
    <intervention_type>Drug</intervention_type>
    <intervention_name>dexamethasone</intervention_name>
    <arm_group_label>Clofarabine</arm_group_label>
  </intervention>
  <intervention>
    <intervention_type>Drug</intervention_type>
    <intervention_name>thiotepa</intervention_name>
    <arm_group_label>Clofarabine</arm_group_label>
  </intervention>
  <intervention>
    <intervention_type>Drug</intervention_type>
    <intervention_name>topotecan hydrochloride</intervention_name>
    <arm_group_label>Clofarabine</arm_group_label>
  </intervention>
  <intervention>
    <intervention_type>Drug</intervention_type>
    <intervention_name>vinorelbine tartrate</intervention_name>
    <arm_group_label>Clofarabine</arm_group_label>
  </intervention>
  <eligibility>
    <criteria>
      <textblock>
        DISEASE CHARACTERISTICS:&#xD;
&#xD;
          -  Must have 1 of the following diagnoses:&#xD;
&#xD;
               -  Acute lymphoblastic leukemia (ALL) meeting 1 of the following criteria:&#xD;
&#xD;
                    -  Refractory to initial induction with two or more standard regimens&#xD;
&#xD;
                    -  Relapsed &lt; 24 months after first complete response on a high-risk protocol&#xD;
                       OR refractory to one standard reinduction regimen&#xD;
&#xD;
                    -  Second or greater relapse&#xD;
&#xD;
               -  Acute myeloid leukemia, acute biphenotypic leukemia, or acute undifferentiated&#xD;
                  leukemia meeting 1 of the following criteria:&#xD;
&#xD;
                    -  Refractory to initial induction&#xD;
&#xD;
                    -  First or greater relapse&#xD;
&#xD;
          -  Must have &gt; 20% bone marrow blasts, or evidence of recurrent disease at an&#xD;
             extramedullary site&#xD;
&#xD;
          -  No symptomatic CNS disease&#xD;
&#xD;
               -  Patients with asymptomatic CNS disease are eligible with the approval of the&#xD;
                  principal investigator&#xD;
&#xD;
        PATIENT CHARACTERISTICS:&#xD;
&#xD;
          -  Karnofsky performance status (PS) 70-100% OR Lansky PS 70-100%&#xD;
&#xD;
          -  AST and ALT &lt; 4 times upper limit of normal&#xD;
&#xD;
          -  Bilirubin &lt; 2.0 mg/dL (unless liver involvement)&#xD;
&#xD;
          -  Creatinine within normal range for age OR creatinine clearance &gt; 60 mL/min/1.73 m^2&#xD;
&#xD;
          -  Adequate cardiac function (either asymptomatic with no prior risk factors, or if&#xD;
             symptomatic, left ventricular ejection fraction &gt; 50% at rest)&#xD;
&#xD;
          -  Not pregnant or nursing&#xD;
&#xD;
          -  Negative pregnancy test&#xD;
&#xD;
          -  Fertile patients must use effective contraception&#xD;
&#xD;
          -  No active uncontrolled viral, bacterial, or fungal infection&#xD;
&#xD;
        PRIOR CONCURRENT THERAPY:&#xD;
&#xD;
          -  See Disease Characteristics&#xD;
&#xD;
          -  No prior clofarabine&#xD;
&#xD;
          -  More than 2 weeks since prior systemic chemotherapy&#xD;
&#xD;
               -  At least 7 days since prior chemotherapy for patients with rapidly progressive&#xD;
                  disease and recovered&#xD;
      </textblock>
    </criteria>
    <gender>All</gender>
    <minimum_age>N/A</minimum_age>
    <maximum_age>28 Years</maximum_age>
    <healthy_volunteers>No</healthy_volunteers>
  </eligibility>
  <overall_official>
    <last_name>Peter G. Steinherz, MD</last_name>
    <role>Principal Investigator</role>
    <affiliation>Memorial Sloan Kettering Cancer Center</affiliation>
  </overall_official>
  <overall_official>
    <last_name>Neerav Shukla, MD</last_name>
    <role>Principal Investigator</role>
    <affiliation>Memorial Sloan Kettering Cancer Center</affiliation>
  </overall_official>
  <location>
    <facility>
      <name>Memorial Sloan-Kettering Cancer Center</name>
      <address>
        <city>New York</city>
        <state>New York</state>
        <zip>10065</zip>
        <country>United States</country>
      </address>
    </facility>
  </location>
  <location_countries>
    <country>United States</country>
  </location_countries>
  <verification_date>November 2013</verification_date>
  <study_first_submitted>April 18, 2007</study_first_submitted>
  <study_first_submitted_qc>April 18, 2007</study_first_submitted_qc>
  <study_first_posted type="Estimate">April 19, 2007</study_first_posted>
  <last_update_submitted>November 13, 2013</last_update_submitted>
  <last_update_submitted_qc>November 13, 2013</last_update_submitted_qc>
  <last_update_posted type="Estimate">November 14, 2013</last_update_posted>
  <responsible_party>
    <responsible_party_type>Sponsor</responsible_party_type>
  </responsible_party>
  <keyword>acute undifferentiated leukemia</keyword>
  <keyword>recurrent childhood acute lymphoblastic leukemia</keyword>
  <keyword>recurrent childhood acute myeloid leukemia</keyword>
  <keyword>recurrent adult acute lymphoblastic leukemia</keyword>
  <keyword>recurrent adult acute myeloid leukemia</keyword>
  <condition_browse>
    <!-- CAUTION:  The following MeSH terms are assigned with an imperfect algorithm            -->
    <mesh_term>Leukemia</mesh_term>
  </condition_browse>
  <intervention_browse>
    <!-- CAUTION:  The following MeSH terms are assigned with an imperfect algorithm            -->
    <mesh_term>Dexamethasone</mesh_term>
    <mesh_term>Topotecan</mesh_term>
    <mesh_term>Vinorelbine</mesh_term>
    <mesh_term>Thiotepa</mesh_term>
    <mesh_term>Clofarabine</mesh_term>
  </intervention_browse>
  <!-- Results have not yet been posted for this study                                          -->
</clinical_study>

