<?xml version="1.0" encoding="UTF-8"?>
<clinical_study rank="187">
  <!-- This xml conforms to an XML Schema at:
    https://clinicaltrials.gov/ct2/html/images/info/public.xsd -->
  <required_header>
    <download_date>ClinicalTrials.gov processed this data on May 11, 2021</download_date>
    <link_text>Link to the current ClinicalTrials.gov record.</link_text>
    <url>https://clinicaltrials.gov/show/NCT00322101</url>
  </required_header>
  <id_info>
    <org_study_id>1992.00</org_study_id>
    <secondary_id>NCI-2010-00737</secondary_id>
    <secondary_id>P01CA078902</secondary_id>
    <secondary_id>K23HL084054</secondary_id>
    <secondary_id>P01CA018029</secondary_id>
    <secondary_id>P01HL036444</secondary_id>
    <nct_id>NCT00322101</nct_id>
  </id_info>
  <brief_title>Low-Dose or High-Dose Conditioning Followed by Peripheral Blood Stem Cell Transplant in Treating Patients With Myelodysplastic Syndrome or Acute Myelogenous Leukemia</brief_title>
  <official_title>A Multi-center Phase III Study Comparing Myeloablative to Nonmyeloablative Transplant Conditioning in Patients With Myelodysplastic Syndrome or Acute Myelogenous Leukemia</official_title>
  <sponsors>
    <lead_sponsor>
      <agency>Fred Hutchinson Cancer Research Center</agency>
      <agency_class>Other</agency_class>
    </lead_sponsor>
    <collaborator>
      <agency>National Cancer Institute (NCI)</agency>
      <agency_class>NIH</agency_class>
    </collaborator>
    <collaborator>
      <agency>National Heart, Lung, and Blood Institute (NHLBI)</agency>
      <agency_class>NIH</agency_class>
    </collaborator>
  </sponsors>
  <source>Fred Hutchinson Cancer Research Center</source>
  <oversight_info>
    <has_dmc>Yes</has_dmc>
  </oversight_info>
  <brief_summary>
    <textblock>
      RATIONALE: Giving chemotherapy, such as fludarabine phosphate, busulfan, and&#xD;
      cyclophosphamide, and total-body radiation therapy before a donor peripheral stem cell&#xD;
      transplant helps stop the growth of cancer cells. It may also stop the patient's immune&#xD;
      system from rejecting the donor's stem cells. When the healthy stem cells from a donor are&#xD;
      infused into the patient they may help the patient's bone marrow make stem cells, red blood&#xD;
      cells, white blood cells, and platelets. It is not yet known whether low-dose chemotherapy&#xD;
      and total-body radiation therapy is more effective than high-dose chemotherapy in treating&#xD;
      patients with myelodysplastic syndrome or acute myeloid leukemia.&#xD;
&#xD;
      PURPOSE: This phase III trial is studying low-dose conditioning to see how well it works&#xD;
      compared to high-dose conditioning followed by peripheral blood stem cell transplant in&#xD;
      treating patients with myelodysplastic syndromes or acute myeloid leukemia&#xD;
    </textblock>
  </brief_summary>
  <detailed_description>
    <textblock>
      OBJECTIVES:&#xD;
&#xD;
      I. Determine whether the conditioning intensity affects outcomes after HCT in patients with&#xD;
      MDS or AML who have &lt; 5% marrow myeloblasts at the time of HCT.&#xD;
&#xD;
      OUTLINE: Patients are randomized to 1 of 2 treatment arms.&#xD;
&#xD;
      Arm I (Nonmyeloablative regimen):&#xD;
&#xD;
      CONDITIONING: Patients receive fludarabine phosphate IV on days -4 to -2 and undergo low-dose&#xD;
      total-body irradiation on day 0.&#xD;
&#xD;
      TRANSPLANTATION: Patients undergo allogeneic peripheral blood stem cell (PBSC) infusion on&#xD;
      day 0.&#xD;
&#xD;
      GRAFT-VS-HOST DISEASE PROPHYLAXIS: Patients receive cyclosporine every 12 hours on days -3 to&#xD;
      57 with taper on days 57-177 or cyclosporine every 12 hours on days -3 to 100 with taper on&#xD;
      days 101-177. Patients also receive oral mycophenolate mofetil every 12 hours on days 0-27 or&#xD;
      every 8 hours on days 0-40 with taper on days 41-96.&#xD;
&#xD;
      Arm II (Myeloablative regimen):&#xD;
&#xD;
      CONDITIONING: Patients are assigned to 1 of 2 treatment groups.&#xD;
&#xD;
      Group A: Patients receive fludarabine IV once daily and oral busulfan four times daily or&#xD;
      busulfan IV over 3 hours on days -5 to -2.&#xD;
&#xD;
      Group B: Patients receive cyclophosphamide IV over 1-2 hours on days -3 and -2 and oral&#xD;
      busulfan four times daily or busulfan IV over 3 hours on days -7 to -4.&#xD;
&#xD;
      TRANSPLANTATION: Patients undergo PBSC infusion on day 0.&#xD;
&#xD;
      GRAFT-VS-HOST DISEASE PROPHYLAXIS: Patients receive tacrolimus IV continuously or orally&#xD;
      every 12 hours on days -1 to 56 and taper on days 57-200. Patients also receive methotrexate&#xD;
      IV on days 1, 3, 6, and 11.&#xD;
&#xD;
      Treatment in both arms continues in the absence of disease progression or unacceptable&#xD;
      toxicity.&#xD;
&#xD;
      After completion of study treatment, patients are followed up periodically.&#xD;
    </textblock>
  </detailed_description>
  <overall_status>Completed</overall_status>
  <start_date>January 2006</start_date>
  <completion_date type="Actual">October 2014</completion_date>
  <primary_completion_date type="Actual">April 2012</primary_completion_date>
  <phase>Phase 3</phase>
  <study_type>Interventional</study_type>
  <has_expanded_access>No</has_expanded_access>
  <study_design_info>
    <allocation>Randomized</allocation>
    <intervention_model>Parallel Assignment</intervention_model>
    <primary_purpose>Treatment</primary_purpose>
    <masking>None (Open Label)</masking>
  </study_design_info>
  <primary_outcome>
    <measure>Overall Survival</measure>
    <time_frame>At 2 years</time_frame>
  </primary_outcome>
  <secondary_outcome>
    <measure>Progression-free Survival</measure>
    <time_frame>After stem cell infusion to date of last follow up.</time_frame>
    <description>IWG criteria was used to determine disease progression</description>
  </secondary_outcome>
  <secondary_outcome>
    <measure>Non-relapse Mortality</measure>
    <time_frame>At 100 days</time_frame>
  </secondary_outcome>
  <secondary_outcome>
    <measure>Donor Cell Engraftment</measure>
    <time_frame>After stem cell infusion to day 28</time_frame>
    <description>Chimerism analysis was performed in patients who recieved nonmyeloablative tranplsnat. In this group the definition of engraftment was a CD3 count greater than 50%. In the myeloablative group, engraftment was defined as an absolute neutrophil count greater than 50%.</description>
  </secondary_outcome>
  <secondary_outcome>
    <measure>Incidence of Disease Progression/Relapse</measure>
    <time_frame>After stem cell infusion to date of last follow up.</time_frame>
    <description>Disease progression/relapse was defined by IWG criteria</description>
  </secondary_outcome>
  <secondary_outcome>
    <measure>Incidence and Severity of Acute and Chronic Graft-vs-host Disease</measure>
    <time_frame>After transplantation</time_frame>
  </secondary_outcome>
  <number_of_arms>2</number_of_arms>
  <enrollment type="Actual">25</enrollment>
  <condition>Acute Myeloid Leukemia With Multilineage Dysplasia Following Myelodysplastic Syndrome</condition>
  <condition>Acute Myeloid Leukemia/Transient Myeloproliferative Disorder</condition>
  <condition>Adult Acute Myeloid Leukemia in Remission</condition>
  <condition>Adult Acute Myeloid Leukemia With 11q23 (MLL) Abnormalities</condition>
  <condition>Adult Acute Myeloid Leukemia With Del(5q)</condition>
  <condition>Adult Acute Myeloid Leukemia With Inv(16)(p13;q22)</condition>
  <condition>Adult Acute Myeloid Leukemia With t(15;17)(q22;q12)</condition>
  <condition>Adult Acute Myeloid Leukemia With t(16;16)(p13;q22)</condition>
  <condition>Adult Acute Myeloid Leukemia With t(8;21)(q22;q22)</condition>
  <condition>Childhood Acute Myeloid Leukemia in Remission</condition>
  <condition>Childhood Myelodysplastic Syndromes</condition>
  <condition>de Novo Myelodysplastic Syndromes</condition>
  <condition>Myelodysplastic Syndrome With Isolated Del(5q)</condition>
  <condition>Myelodysplastic/Myeloproliferative Neoplasm, Unclassifiable</condition>
  <condition>Previously Treated Myelodysplastic Syndromes</condition>
  <condition>Recurrent Adult Acute Myeloid Leukemia</condition>
  <condition>Recurrent Childhood Acute Myeloid Leukemia</condition>
  <condition>Secondary Acute Myeloid Leukemia</condition>
  <condition>Secondary Myelodysplastic Syndromes</condition>
  <arm_group>
    <arm_group_label>Arm I (Nonmyeloablative regimen)</arm_group_label>
    <arm_group_type>Experimental</arm_group_type>
    <description>CONDITIONING: Patients receive fludarabine phosphate IV on days -4 to -2 and undergo low-dose total-body irradiation on day 0.&#xD;
TRANSPLANTATION: Patients undergo allogeneic peripheral blood stem cell (PBSC) infusion on day 0.&#xD;
GRAFT-VS-HOST DISEASE PROPHYLAXIS: Patients receive cyclosporine every 12 hours on days -3 to 57 with taper on days 57-177 or cyclosporine every 12 hours on days -3 to 100 with taper on days 101-177. Patients also receive oral mycophenolate mofetil every 12 hours on days 0-27 or every 8 hours on days 0-40 with taper on days 41-96.</description>
  </arm_group>
  <arm_group>
    <arm_group_label>Arm II (Myeloablative regimen)</arm_group_label>
    <arm_group_type>Experimental</arm_group_type>
    <description>CONDITIONING: Patients are assigned to 1 of 2 treatment groups.&#xD;
Group A: Patients receive fludarabine IV once daily and oral busulfan four times daily or busulfan IV over 3 hours on days -5 to -2.&#xD;
Group B: Patients receive cyclophosphamide IV over 1-2 hours on days -3 and -2 and oral busulfan four times daily or busulfan IV over 3 hours on days -7 to -4.&#xD;
TRANSPLANTATION: Patients undergo PBSC infusion on day 0.&#xD;
GRAFT-VS-HOST DISEASE PROPHYLAXIS: Patients receive tacrolimus IV continuously or orally every 12 hours on days -1 to 56 and taper on days 57-200. Patients also receive methotrexate IV on days 1, 3, 6, and 11.</description>
  </arm_group>
  <intervention>
    <intervention_type>Radiation</intervention_type>
    <intervention_name>total-body irradiation</intervention_name>
    <description>Radiation</description>
    <arm_group_label>Arm I (Nonmyeloablative regimen)</arm_group_label>
    <other_name>TBI</other_name>
  </intervention>
  <intervention>
    <intervention_type>Procedure</intervention_type>
    <intervention_name>allogeneic hematopoietic stem cell transplantation</intervention_name>
    <description>Undergo allogeneic transplantation</description>
    <arm_group_label>Arm II (Myeloablative regimen)</arm_group_label>
  </intervention>
  <intervention>
    <intervention_type>Drug</intervention_type>
    <intervention_name>cyclophosphamide</intervention_name>
    <description>Given IV</description>
    <arm_group_label>Arm II (Myeloablative regimen)</arm_group_label>
    <other_name>CPM</other_name>
    <other_name>CTX</other_name>
    <other_name>Cytoxan</other_name>
    <other_name>Endoxan</other_name>
    <other_name>Endoxana</other_name>
  </intervention>
  <intervention>
    <intervention_type>Drug</intervention_type>
    <intervention_name>mycophenolate mofetil</intervention_name>
    <description>Given orally</description>
    <arm_group_label>Arm I (Nonmyeloablative regimen)</arm_group_label>
    <other_name>Cellcept</other_name>
    <other_name>MMF</other_name>
  </intervention>
  <intervention>
    <intervention_type>Drug</intervention_type>
    <intervention_name>busulfan</intervention_name>
    <description>Given IV or orally</description>
    <arm_group_label>Arm II (Myeloablative regimen)</arm_group_label>
    <other_name>BSF</other_name>
    <other_name>BU</other_name>
    <other_name>Misulfan</other_name>
    <other_name>Mitosan</other_name>
    <other_name>Myeloleukon</other_name>
  </intervention>
  <intervention>
    <intervention_type>Drug</intervention_type>
    <intervention_name>cyclosporine</intervention_name>
    <description>Given IV or orally</description>
    <arm_group_label>Arm I (Nonmyeloablative regimen)</arm_group_label>
    <other_name>ciclosporin</other_name>
    <other_name>cyclosporin</other_name>
    <other_name>cyclosporin A</other_name>
    <other_name>CYSP</other_name>
    <other_name>Sandimmune</other_name>
  </intervention>
  <intervention>
    <intervention_type>Drug</intervention_type>
    <intervention_name>fludarabine phosphate</intervention_name>
    <description>Given IV</description>
    <arm_group_label>Arm I (Nonmyeloablative regimen)</arm_group_label>
    <arm_group_label>Arm II (Myeloablative regimen)</arm_group_label>
    <other_name>2-F-ara-AMP</other_name>
    <other_name>Beneflur</other_name>
    <other_name>Fludara</other_name>
  </intervention>
  <intervention>
    <intervention_type>Procedure</intervention_type>
    <intervention_name>peripheral blood stem cell transplantation</intervention_name>
    <description>Undergo transplantation</description>
    <arm_group_label>Arm I (Nonmyeloablative regimen)</arm_group_label>
    <arm_group_label>Arm II (Myeloablative regimen)</arm_group_label>
    <other_name>PBPC transplantation</other_name>
    <other_name>PBSC transplantation</other_name>
    <other_name>peripheral blood progenitor cell transplantation</other_name>
    <other_name>transplantation, peripheral blood stem cell</other_name>
  </intervention>
  <intervention>
    <intervention_type>Procedure</intervention_type>
    <intervention_name>nonmyeloablative allogeneic hematopoietic stem cell transplantation</intervention_name>
    <description>Undergo allogeneic transplantation</description>
    <arm_group_label>Arm I (Nonmyeloablative regimen)</arm_group_label>
  </intervention>
  <intervention>
    <intervention_type>Other</intervention_type>
    <intervention_name>laboratory biomarker analysis</intervention_name>
    <description>Correlative studies</description>
    <arm_group_label>Arm I (Nonmyeloablative regimen)</arm_group_label>
    <arm_group_label>Arm II (Myeloablative regimen)</arm_group_label>
  </intervention>
  <intervention>
    <intervention_type>Genetic</intervention_type>
    <intervention_name>cytogenetic analysis</intervention_name>
    <description>Correlative studies</description>
    <arm_group_label>Arm I (Nonmyeloablative regimen)</arm_group_label>
  </intervention>
  <intervention>
    <intervention_type>Other</intervention_type>
    <intervention_name>flow cytometry</intervention_name>
    <description>Correlative studies</description>
    <arm_group_label>Arm I (Nonmyeloablative regimen)</arm_group_label>
    <arm_group_label>Arm II (Myeloablative regimen)</arm_group_label>
  </intervention>
  <intervention>
    <intervention_type>Genetic</intervention_type>
    <intervention_name>fluorescence in situ hybridization</intervention_name>
    <description>Correlative studies</description>
    <arm_group_label>Arm I (Nonmyeloablative regimen)</arm_group_label>
    <arm_group_label>Arm II (Myeloablative regimen)</arm_group_label>
    <other_name>fluorescence in situ hybridization (FISH)</other_name>
  </intervention>
  <intervention>
    <intervention_type>Other</intervention_type>
    <intervention_name>pharmacological study</intervention_name>
    <description>Correlative studies</description>
    <arm_group_label>Arm I (Nonmyeloablative regimen)</arm_group_label>
    <arm_group_label>Arm II (Myeloablative regimen)</arm_group_label>
    <other_name>pharmacological studies</other_name>
  </intervention>
  <intervention>
    <intervention_type>Genetic</intervention_type>
    <intervention_name>polymorphism analysis</intervention_name>
    <description>Correlative studies</description>
    <arm_group_label>Arm I (Nonmyeloablative regimen)</arm_group_label>
    <arm_group_label>Arm II (Myeloablative regimen)</arm_group_label>
  </intervention>
  <intervention>
    <intervention_type>Drug</intervention_type>
    <intervention_name>tacrolimus</intervention_name>
    <description>Given IV or orally</description>
    <arm_group_label>Arm II (Myeloablative regimen)</arm_group_label>
    <other_name>FK 506</other_name>
    <other_name>Prograf</other_name>
  </intervention>
  <intervention>
    <intervention_type>Drug</intervention_type>
    <intervention_name>methotrexate</intervention_name>
    <description>Given IV</description>
    <arm_group_label>Arm II (Myeloablative regimen)</arm_group_label>
    <other_name>amethopterin</other_name>
    <other_name>Folex</other_name>
    <other_name>methylaminopterin</other_name>
    <other_name>Mexate</other_name>
    <other_name>MTX</other_name>
  </intervention>
  <eligibility>
    <criteria>
      <textblock>
        Inclusion Criteria:&#xD;
&#xD;
          -  Myelodysplastic syndrome (MDS) or transformed acute myelogenous leukemia (transformed&#xD;
             from MDS)&#xD;
&#xD;
          -  De novo acute myelogenous leukemia (AML) beyond first remission&#xD;
&#xD;
          -  Intermediate or high risk de novo AML in first complete response (at FHCRC unrelated&#xD;
             donor recipients only)&#xD;
&#xD;
          -  Chemotherapy required prior to HCT for all patients:&#xD;
&#xD;
          -  A) Interval between start of a cycle of cytoreductive chemotherapy and infusion of&#xD;
             donor stem cells must be at least 30 days; chemotherapy received for disease&#xD;
             maintenance will be allowed during this time period&#xD;
&#xD;
          -  B) All patients must have &lt; 5% myeloblasts based on marrow morphology performed within&#xD;
             21 days prior to start of conditioning regimen and at least 3-4 weeks after the start&#xD;
             of pre-transplant cytoreductive chemotherapy&#xD;
&#xD;
          -  C) All patients must have no circulating peripheral blood myeloblasts present based on&#xD;
             morphologic analysis&#xD;
&#xD;
          -  Age 65 years or under for patients with related donors; age 60 years or under for&#xD;
             patients with unrelated donors&#xD;
&#xD;
          -  HCT-Specific Comorbidity Index Score (HCT-CI) &lt; 3&#xD;
&#xD;
          -  Related donor (age &gt; 12 years, nonsyngeneic) or unrelated donor, HLA phenotypically or&#xD;
             genotypically identical at the allele level at A,B,C,DRQ1, and CBQ1&#xD;
&#xD;
          -  DONOR: Related or unrelated donors who are genotypically or phenotypically matched by&#xD;
             high resolution HLA typing (HLA-A, B, C, DRB1, and DQB1); class 1 single allele&#xD;
             mismatch allowed&#xD;
&#xD;
          -  DONOR: Patient and donor pairs homozygous at a mismatched allele in the graft&#xD;
             rejection vector are considered a two-allele mismatch, i.e., the patient is A*0101 and&#xD;
             the donor is A*0201, and this type of mismatch is not allowed&#xD;
&#xD;
          -  DONOR: A positive anti-donor cytotoxic crossmatch or flow cytometric assay is an&#xD;
             absolute donor exclusion at FHCRC/SCCA&#xD;
&#xD;
          -  DONOR: Age &gt;= 12 years&#xD;
&#xD;
          -  DONOR: Donors must consent to PBSC mobilization with G-CSF and leukaphereses; bone&#xD;
             marrow as a source of stem cells will not be allowed&#xD;
&#xD;
          -  DONOR: Donor must have adequate veins for leukaphereses or agree to placement of&#xD;
             central venous catheter (femoral, subclavian)&#xD;
&#xD;
        Exclusion Criteria:&#xD;
&#xD;
          -  HIV seropositivity&#xD;
&#xD;
          -  Fungal infections with radiographic progression after appropriate therapy for greater&#xD;
             than one month&#xD;
&#xD;
          -  Organ dysfunction&#xD;
&#xD;
          -  Symptomatic coronary artery disease or ejection fraction &lt; 35%&#xD;
&#xD;
          -  DLCO &lt; 65%, FEV1 &lt; 65% or receiving supplementary continuous oxygen&#xD;
&#xD;
          -  Liver function abnormalities: Patients with clinical or laboratory evidence of liver&#xD;
             disease will be evaluated for the cause of liver disease, its clinical severity in&#xD;
             terms of liver function, histology, and the degree of portal hypertension; patients&#xD;
             with fulminant liver failure, cirrhosis with evidence of portal hypertension or&#xD;
             bridging fibrosis, alcoholic hepatitis, esophageal varices, a history of bleeding&#xD;
             esophageal varices, hepatic encephalopathy, uncorrectable hepatic synthetic&#xD;
             dysfunction evidenced by prolongation of the prothrombin time, ascites related to&#xD;
             portal hypertension, bacterial or fungal liver abscess, biliary obstruction, chronic&#xD;
             viral hepatitis with total serum bilirubin &gt; 3 mg/dL, and symptomatic biliary disease&#xD;
             will be excluded&#xD;
&#xD;
          -  Karnofsky Performance Score &lt; 70&#xD;
&#xD;
          -  Lansky-Play Performance Score &lt; 70 for pediatric patients&#xD;
&#xD;
          -  Life expectancy severely limited (&lt; 2 years) by disease other than MDS/AML&#xD;
&#xD;
          -  Fertile men and women unwilling to use contraceptive techniques during and for 12&#xD;
             months following treatment&#xD;
&#xD;
          -  Patients with active non-hematological malignancies except:&#xD;
&#xD;
          -  A) Patients with follicular or low grade lymphoma will be eligible as long as they&#xD;
             have not and do not require active treatment for control of their disease&#xD;
&#xD;
          -  B) Patients with localized non-melanoma skin malignancies&#xD;
&#xD;
          -  Patients with poorly controlled hypertension who are unable to have blood pressure&#xD;
             stabilized below 150/90 mm Hg on standard medication&#xD;
&#xD;
          -  Females who are pregnant or breastfeeding&#xD;
&#xD;
          -  Patients with systemic, uncontrolled infections&#xD;
&#xD;
          -  Active CNS disease as identified by positive CSF cytospin&#xD;
&#xD;
          -  DONOR: Identical twin&#xD;
&#xD;
          -  DONOR: Age &lt; 12 years&#xD;
&#xD;
          -  DONOR: Pregnancy&#xD;
&#xD;
          -  DONOR: HIV seropositivity&#xD;
&#xD;
          -  DONOR: Inability to achieve adequate venous access&#xD;
&#xD;
          -  DONOR: Known adverse reaction to G-CSF&#xD;
      </textblock>
    </criteria>
    <gender>All</gender>
    <minimum_age>N/A</minimum_age>
    <maximum_age>65 Years</maximum_age>
    <healthy_volunteers>No</healthy_volunteers>
  </eligibility>
  <overall_official>
    <last_name>Bart Scott</last_name>
    <role>Principal Investigator</role>
    <affiliation>Fred Hutchinson Cancer Research Center/University of Washington Cancer Consortium</affiliation>
  </overall_official>
  <location>
    <facility>
      <name>HealthOne Presbyterian St. Lukes Medical Center</name>
      <address>
        <city>Denver</city>
        <state>Colorado</state>
        <country>United States</country>
      </address>
    </facility>
  </location>
  <location>
    <facility>
      <name>Emory University</name>
      <address>
        <city>Altanta</city>
        <state>Georgia</state>
        <zip>30322</zip>
        <country>United States</country>
      </address>
    </facility>
  </location>
  <location>
    <facility>
      <name>Weill Cornell University</name>
      <address>
        <city>New York</city>
        <state>New York</state>
        <zip>10021</zip>
        <country>United States</country>
      </address>
    </facility>
  </location>
  <location>
    <facility>
      <name>University of Utah</name>
      <address>
        <city>Salt Lake City</city>
        <state>Utah</state>
        <zip>84112</zip>
        <country>United States</country>
      </address>
    </facility>
  </location>
  <location>
    <facility>
      <name>Veterans Administration Center-Seattle</name>
      <address>
        <city>Seattle</city>
        <state>Washington</state>
        <zip>98108</zip>
        <country>United States</country>
      </address>
    </facility>
  </location>
  <location>
    <facility>
      <name>Fred Hutchinson Cancer Research Center/University of Washington Cancer Consortium</name>
      <address>
        <city>Seattle</city>
        <state>Washington</state>
        <zip>98109</zip>
        <country>United States</country>
      </address>
    </facility>
  </location>
  <location>
    <facility>
      <name>Medical College Wisconsin</name>
      <address>
        <city>Milwaukee</city>
        <state>Wisconsin</state>
        <country>United States</country>
      </address>
    </facility>
  </location>
  <location>
    <facility>
      <name>Technical University Dresden</name>
      <address>
        <city>Dresden</city>
        <state>Saxony</state>
        <zip>01307</zip>
        <country>Germany</country>
      </address>
    </facility>
  </location>
  <location_countries>
    <country>Germany</country>
    <country>United States</country>
  </location_countries>
  <verification_date>October 2014</verification_date>
  <study_first_submitted>May 2, 2006</study_first_submitted>
  <study_first_submitted_qc>May 2, 2006</study_first_submitted_qc>
  <study_first_posted type="Estimate">May 4, 2006</study_first_posted>
  <results_first_submitted>April 4, 2013</results_first_submitted>
  <results_first_submitted_qc>August 21, 2013</results_first_submitted_qc>
  <results_first_posted type="Estimate">October 28, 2013</results_first_posted>
  <last_update_submitted>October 23, 2014</last_update_submitted>
  <last_update_submitted_qc>October 23, 2014</last_update_submitted_qc>
  <last_update_posted type="Estimate">October 31, 2014</last_update_posted>
  <responsible_party>
    <responsible_party_type>Sponsor</responsible_party_type>
  </responsible_party>
  <condition_browse>
    <!-- CAUTION:  The following MeSH terms are assigned with an imperfect algorithm            -->
    <mesh_term>Leukemia</mesh_term>
    <mesh_term>Leukemia, Myeloid</mesh_term>
    <mesh_term>Leukemia, Myeloid, Acute</mesh_term>
    <mesh_term>Preleukemia</mesh_term>
    <mesh_term>Neoplasm Metastasis</mesh_term>
    <mesh_term>Myelodysplastic Syndromes</mesh_term>
    <mesh_term>Myeloproliferative Disorders</mesh_term>
    <mesh_term>Myelodysplastic-Myeloproliferative Diseases</mesh_term>
    <mesh_term>Syndrome</mesh_term>
  </condition_browse>
  <intervention_browse>
    <!-- CAUTION:  The following MeSH terms are assigned with an imperfect algorithm            -->
    <mesh_term>Cyclosporine</mesh_term>
    <mesh_term>Mycophenolic Acid</mesh_term>
    <mesh_term>Cyclophosphamide</mesh_term>
    <mesh_term>Busulfan</mesh_term>
    <mesh_term>Methotrexate</mesh_term>
    <mesh_term>Fludarabine</mesh_term>
    <mesh_term>Fludarabine phosphate</mesh_term>
    <mesh_term>Tacrolimus</mesh_term>
    <mesh_term>Cyclosporins</mesh_term>
  </intervention_browse>

  <clinical_results>

    <participant_flow>
      <recruitment_details>Patients were recruited from medical clinics while being evaluated for stem cell transplantation</recruitment_details>
      <group_list>
        <group group_id="P1">
          <title>Arm I (Nonmyeloablative Regimen)</title>
          <description>CONDITIONING: Patients receive fludarabine phosphate IV on days -4 to -2 and undergo low-dose total-body irradiation on day 0.&#xD;
TRANSPLANTATION: Patients undergo allogeneic peripheral blood stem cell (PBSC) infusion on day 0.&#xD;
GRAFT-VS-HOST DISEASE PROPHYLAXIS: Patients receive cyclosporine every 12 hours on days -3 to 57 with taper on days 57-177 or cyclosporine every 12 hours on days -3 to 100 with taper on days 101-177. Patients also receive oral mycophenolate mofetil every 12 hours on days 0-27 or every 8 hours on days 0-40 with taper on days 41-96.</description>
        </group>
        <group group_id="P2">
          <title>Arm II (Myeloablative Regimen)</title>
          <description>CONDITIONING: Patients are assigned to 1 of 2 treatment groups.&#xD;
Group A: Patients receive fludarabine IV once daily and oral busulfan four times daily or busulfan IV over 3 hours on days -5 to -2.&#xD;
Group B: Patients receive cyclophosphamide IV over 1-2 hours on days -3 and -2 and oral busulfan four times daily or busulfan IV over 3 hours on days -7 to -4.&#xD;
TRANSPLANTATION: Patients undergo PBSC infusion on day 0.&#xD;
GRAFT-VS-HOST DISEASE PROPHYLAXIS: Patients receive tacrolimus IV continuously or orally every 12 hours on days -1 to 56 and taper on days 57-200. Patients also receive methotrexate IV on days 1, 3, 6, and 11.</description>
        </group>
      </group_list>
      <period_list>
        <period>
          <title>Overall Study</title>
          <milestone_list>
            <milestone>
              <title>STARTED</title>
              <participants_list>
                <participants group_id="P1" count="14"/>
                <participants group_id="P2" count="11"/>
              </participants_list>
            </milestone>
            <milestone>
              <title>COMPLETED</title>
              <participants_list>
                <participants group_id="P1" count="14"/>
                <participants group_id="P2" count="11"/>
              </participants_list>
            </milestone>
            <milestone>
              <title>NOT COMPLETED</title>
              <participants_list>
                <participants group_id="P1" count="0"/>
                <participants group_id="P2" count="0"/>
              </participants_list>
            </milestone>
          </milestone_list>
        </period>
      </period_list>
    </participant_flow>

    <baseline>
      <group_list>
        <group group_id="B1">
          <title>Arm I (Nonmyeloablative Regimen)</title>
          <description>CONDITIONING: Patients receive fludarabine phosphate IV on days -4 to -2 and undergo low-dose total-body irradiation on day 0.&#xD;
TRANSPLANTATION: Patients undergo allogeneic peripheral blood stem cell (PBSC) infusion on day 0.&#xD;
GRAFT-VS-HOST DISEASE PROPHYLAXIS: Patients receive cyclosporine every 12 hours on days -3 to 57 with taper on days 57-177 or cyclosporine every 12 hours on days -3 to 100 with taper on days 101-177. Patients also receive oral mycophenolate mofetil every 12 hours on days 0-27 or every 8 hours on days 0-40 with taper on days 41-96.</description>
        </group>
        <group group_id="B2">
          <title>Arm II (Myeloablative Regimen)</title>
          <description>CONDITIONING: Patients are assigned to 1 of 2 treatment groups.&#xD;
Group A: Patients receive fludarabine IV once daily and oral busulfan four times daily or busulfan IV over 3 hours on days -5 to -2.&#xD;
Group B: Patients receive cyclophosphamide IV over 1-2 hours on days -3 and -2 and oral busulfan four times daily or busulfan IV over 3 hours on days -7 to -4.&#xD;
TRANSPLANTATION: Patients undergo PBSC infusion on day 0.&#xD;
GRAFT-VS-HOST DISEASE PROPHYLAXIS: Patients receive tacrolimus IV continuously or orally every 12 hours on days -1 to 56 and taper on days 57-200. Patients also receive methotrexate IV on days 1, 3, 6, and 11.</description>
        </group>
        <group group_id="B3">
          <title>Total</title>
          <description>Total of all reporting groups</description>
        </group>
      </group_list>
      <analyzed_list>
        <analyzed>
          <units>Participants</units>
          <scope>Overall</scope>
          <count_list>
            <count group_id="B1" value="14"/>
            <count group_id="B2" value="11"/>
            <count group_id="B3" value="25"/>
          </count_list>
        </analyzed>
      </analyzed_list>
      <measure_list>
        <measure>
          <title>Age</title>
          <units>Participants</units>
          <param>Count of Participants</param>
          <class_list>
            <class>
              <category_list>
                <category>
                  <title>&lt;=18 years</title>
                  <measurement_list>
                    <measurement group_id="B1" value="0"/>
                    <measurement group_id="B2" value="0"/>
                    <measurement group_id="B3" value="0"/>
                  </measurement_list>
                </category>
                <category>
                  <title>Between 18 and 65 years</title>
                  <measurement_list>
                    <measurement group_id="B1" value="14"/>
                    <measurement group_id="B2" value="11"/>
                    <measurement group_id="B3" value="25"/>
                  </measurement_list>
                </category>
                <category>
                  <title>&gt;=65 years</title>
                  <measurement_list>
                    <measurement group_id="B1" value="0"/>
                    <measurement group_id="B2" value="0"/>
                    <measurement group_id="B3" value="0"/>
                  </measurement_list>
                </category>
              </category_list>
            </class>
          </class_list>
        </measure>
        <measure>
          <title>Age</title>
          <units>years</units>
          <param>Mean</param>
          <dispersion>Standard Deviation</dispersion>
          <class_list>
            <class>
              <category_list>
                <category>
                  <measurement_list>
                    <measurement group_id="B1" value="51.47" spread="9.49"/>
                    <measurement group_id="B2" value="52.82" spread="5.78"/>
                    <measurement group_id="B3" value="52.2" spread="7.94"/>
                  </measurement_list>
                </category>
              </category_list>
            </class>
          </class_list>
        </measure>
        <measure>
          <title>Sex: Female, Male</title>
          <units>Participants</units>
          <param>Count of Participants</param>
          <class_list>
            <class>
              <category_list>
                <category>
                  <title>Female</title>
                  <measurement_list>
                    <measurement group_id="B1" value="8"/>
                    <measurement group_id="B2" value="3"/>
                    <measurement group_id="B3" value="11"/>
                  </measurement_list>
                </category>
                <category>
                  <title>Male</title>
                  <measurement_list>
                    <measurement group_id="B1" value="6"/>
                    <measurement group_id="B2" value="8"/>
                    <measurement group_id="B3" value="14"/>
                  </measurement_list>
                </category>
              </category_list>
            </class>
          </class_list>
        </measure>
        <measure>
          <title>Region of Enrollment</title>
          <units>participants</units>
          <param>Number</param>
          <class_list>
            <class>
              <title>United States</title>
              <category_list>
                <category>
                  <measurement_list>
                    <measurement group_id="B1" value="8"/>
                    <measurement group_id="B2" value="7"/>
                    <measurement group_id="B3" value="15"/>
                  </measurement_list>
                </category>
              </category_list>
            </class>
            <class>
              <title>Germany</title>
              <category_list>
                <category>
                  <measurement_list>
                    <measurement group_id="B1" value="6"/>
                    <measurement group_id="B2" value="4"/>
                    <measurement group_id="B3" value="10"/>
                  </measurement_list>
                </category>
              </category_list>
            </class>
          </class_list>
        </measure>
      </measure_list>
    </baseline>

    <outcome_list>
      <outcome>
        <type>Primary</type>
        <title>Overall Survival</title>
        <time_frame>At 2 years</time_frame>
        <population>2 patients in the nonmyeloablative arm did not receive transplant due to relapse and withdrawal of consent</population>
        <group_list>
          <group group_id="O1">
            <title>Arm I (Nonmyeloablative Regimen)</title>
            <description>CONDITIONING: Patients receive fludarabine phosphate IV on days -4 to -2 and undergo low-dose total-body irradiation on day 0.&#xD;
TRANSPLANTATION: Patients undergo allogeneic peripheral blood stem cell (PBSC) infusion on day 0.&#xD;
GRAFT-VS-HOST DISEASE PROPHYLAXIS: Patients receive cyclosporine every 12 hours on days -3 to 57 with taper on days 57-177 or cyclosporine every 12 hours on days -3 to 100 with taper on days 101-177. Patients also receive oral mycophenolate mofetil every 12 hours on days 0-27 or every 8 hours on days 0-40 with taper on days 41-96.</description>
          </group>
          <group group_id="O2">
            <title>Arm II (Myeloablative Regimen)</title>
            <description>CONDITIONING: Patients are assigned to 1 of 2 treatment groups.&#xD;
Group A: Patients receive fludarabine IV once daily and oral busulfan four times daily or busulfan IV over 3 hours on days -5 to -2.&#xD;
Group B: Patients receive cyclophosphamide IV over 1-2 hours on days -3 and -2 and oral busulfan four times daily or busulfan IV over 3 hours on days -7 to -4.&#xD;
TRANSPLANTATION: Patients undergo PBSC infusion on day 0.&#xD;
GRAFT-VS-HOST DISEASE PROPHYLAXIS: Patients receive tacrolimus IV continuously or orally every 12 hours on days -1 to 56 and taper on days 57-200. Patients also receive methotrexate IV on days 1, 3, 6, and 11.</description>
          </group>
        </group_list>
        <measure>
          <title>Overall Survival</title>
          <population>2 patients in the nonmyeloablative arm did not receive transplant due to relapse and withdrawal of consent</population>
          <units>participants</units>
          <param>Number</param>
          <analyzed_list>
            <analyzed>
              <units>Participants</units>
              <scope>Measure</scope>
              <count_list>
                <count group_id="O1" value="12"/>
                <count group_id="O2" value="11"/>
              </count_list>
            </analyzed>
          </analyzed_list>
          <class_list>
            <class>
              <category_list>
                <category>
                  <measurement_list>
                    <measurement group_id="O1" value="6"/>
                    <measurement group_id="O2" value="6"/>
                  </measurement_list>
                </category>
              </category_list>
            </class>
          </class_list>
        </measure>
      </outcome>
      <outcome>
        <type>Secondary</type>
        <title>Progression-free Survival</title>
        <description>IWG criteria was used to determine disease progression</description>
        <time_frame>After stem cell infusion to date of last follow up.</time_frame>
        <population>2 patients in the nonmyeloablative arm did not receive a transplant due to relapse and withdrawal of consent</population>
        <group_list>
          <group group_id="O1">
            <title>Arm I (Nonmyeloablative Regimen)</title>
            <description>CONDITIONING: Patients receive fludarabine phosphate IV on days -4 to -2 and undergo low-dose total-body irradiation on day 0.&#xD;
TRANSPLANTATION: Patients undergo allogeneic peripheral blood stem cell (PBSC) infusion on day 0.&#xD;
GRAFT-VS-HOST DISEASE PROPHYLAXIS: Patients receive cyclosporine every 12 hours on days -3 to 57 with taper on days 57-177 or cyclosporine every 12 hours on days -3 to 100 with taper on days 101-177. Patients also receive oral mycophenolate mofetil every 12 hours on days 0-27 or every 8 hours on days 0-40 with taper on days 41-96.</description>
          </group>
          <group group_id="O2">
            <title>Arm II (Myeloablative Regimen)</title>
            <description>CONDITIONING: Patients are assigned to 1 of 2 treatment groups.&#xD;
Group A: Patients receive fludarabine IV once daily and oral busulfan four times daily or busulfan IV over 3 hours on days -5 to -2.&#xD;
Group B: Patients receive cyclophosphamide IV over 1-2 hours on days -3 and -2 and oral busulfan four times daily or busulfan IV over 3 hours on days -7 to -4.&#xD;
TRANSPLANTATION: Patients undergo PBSC infusion on day 0.&#xD;
GRAFT-VS-HOST DISEASE PROPHYLAXIS: Patients receive tacrolimus IV continuously or orally every 12 hours on days -1 to 56 and taper on days 57-200. Patients also receive methotrexate IV on days 1, 3, 6, and 11.</description>
          </group>
        </group_list>
        <measure>
          <title>Progression-free Survival</title>
          <description>IWG criteria was used to determine disease progression</description>
          <population>2 patients in the nonmyeloablative arm did not receive a transplant due to relapse and withdrawal of consent</population>
          <units>participants</units>
          <param>Number</param>
          <analyzed_list>
            <analyzed>
              <units>Participants</units>
              <scope>Measure</scope>
              <count_list>
                <count group_id="O1" value="12"/>
                <count group_id="O2" value="11"/>
              </count_list>
            </analyzed>
          </analyzed_list>
          <class_list>
            <class>
              <category_list>
                <category>
                  <measurement_list>
                    <measurement group_id="O1" value="7"/>
                    <measurement group_id="O2" value="5"/>
                  </measurement_list>
                </category>
              </category_list>
            </class>
          </class_list>
        </measure>
      </outcome>
      <outcome>
        <type>Secondary</type>
        <title>Non-relapse Mortality</title>
        <time_frame>At 100 days</time_frame>
        <population>2 patients in the nonmyeloablative arm did not receive transplant due to relapse and withdrawal of consent</population>
        <group_list>
          <group group_id="O1">
            <title>Arm I (Nonmyeloablative Regimen)</title>
            <description>CONDITIONING: Patients receive fludarabine phosphate IV on days -4 to -2 and undergo low-dose total-body irradiation on day 0.&#xD;
TRANSPLANTATION: Patients undergo allogeneic peripheral blood stem cell (PBSC) infusion on day 0.&#xD;
GRAFT-VS-HOST DISEASE PROPHYLAXIS: Patients receive cyclosporine every 12 hours on days -3 to 57 with taper on days 57-177 or cyclosporine every 12 hours on days -3 to 100 with taper on days 101-177. Patients also receive oral mycophenolate mofetil every 12 hours on days 0-27 or every 8 hours on days 0-40 with taper on days 41-96.</description>
          </group>
          <group group_id="O2">
            <title>Arm II (Myeloablative Regimen)</title>
            <description>CONDITIONING: Patients are assigned to 1 of 2 treatment groups.&#xD;
Group A: Patients receive fludarabine IV once daily and oral busulfan four times daily or busulfan IV over 3 hours on days -5 to -2.&#xD;
Group B: Patients receive cyclophosphamide IV over 1-2 hours on days -3 and -2 and oral busulfan four times daily or busulfan IV over 3 hours on days -7 to -4.&#xD;
TRANSPLANTATION: Patients undergo PBSC infusion on day 0.&#xD;
GRAFT-VS-HOST DISEASE PROPHYLAXIS: Patients receive tacrolimus IV continuously or orally every 12 hours on days -1 to 56 and taper on days 57-200. Patients also receive methotrexate IV on days 1, 3, 6, and 11.</description>
          </group>
        </group_list>
        <measure>
          <title>Non-relapse Mortality</title>
          <population>2 patients in the nonmyeloablative arm did not receive transplant due to relapse and withdrawal of consent</population>
          <units>participants</units>
          <param>Number</param>
          <analyzed_list>
            <analyzed>
              <units>Participants</units>
              <scope>Measure</scope>
              <count_list>
                <count group_id="O1" value="12"/>
                <count group_id="O2" value="11"/>
              </count_list>
            </analyzed>
          </analyzed_list>
          <class_list>
            <class>
              <category_list>
                <category>
                  <measurement_list>
                    <measurement group_id="O1" value="0"/>
                    <measurement group_id="O2" value="0"/>
                  </measurement_list>
                </category>
              </category_list>
            </class>
          </class_list>
        </measure>
      </outcome>
      <outcome>
        <type>Secondary</type>
        <title>Donor Cell Engraftment</title>
        <description>Chimerism analysis was performed in patients who recieved nonmyeloablative tranplsnat. In this group the definition of engraftment was a CD3 count greater than 50%. In the myeloablative group, engraftment was defined as an absolute neutrophil count greater than 50%.</description>
        <time_frame>After stem cell infusion to day 28</time_frame>
        <population>2 patients who were randomized to receive nonmyeloablative conditioning did not undergo transplant due to relapse and withdrawal of consent</population>
        <group_list>
          <group group_id="O1">
            <title>Arm I (Nonmyeloablative Regimen)</title>
            <description>CONDITIONING: Patients receive fludarabine phosphate IV on days -4 to -2 and undergo low-dose total-body irradiation on day 0.&#xD;
TRANSPLANTATION: Patients undergo allogeneic peripheral blood stem cell (PBSC) infusion on day 0.&#xD;
GRAFT-VS-HOST DISEASE PROPHYLAXIS: Patients receive cyclosporine every 12 hours on days -3 to 57 with taper on days 57-177 or cyclosporine every 12 hours on days -3 to 100 with taper on days 101-177. Patients also receive oral mycophenolate mofetil every 12 hours on days 0-27 or every 8 hours on days 0-40 with taper on days 41-96.</description>
          </group>
          <group group_id="O2">
            <title>Arm II (Myeloablative Regimen)</title>
            <description>CONDITIONING: Patients are assigned to 1 of 2 treatment groups.&#xD;
Group A: Patients receive fludarabine IV once daily and oral busulfan four times daily or busulfan IV over 3 hours on days -5 to -2.&#xD;
Group B: Patients receive cyclophosphamide IV over 1-2 hours on days -3 and -2 and oral busulfan four times daily or busulfan IV over 3 hours on days -7 to -4.&#xD;
TRANSPLANTATION: Patients undergo PBSC infusion on day 0.&#xD;
GRAFT-VS-HOST DISEASE PROPHYLAXIS: Patients receive tacrolimus IV continuously or orally every 12 hours on days -1 to 56 and taper on days 57-200. Patients also receive methotrexate IV on days 1, 3, 6, and 11.</description>
          </group>
        </group_list>
        <measure>
          <title>Donor Cell Engraftment</title>
          <description>Chimerism analysis was performed in patients who recieved nonmyeloablative tranplsnat. In this group the definition of engraftment was a CD3 count greater than 50%. In the myeloablative group, engraftment was defined as an absolute neutrophil count greater than 50%.</description>
          <population>2 patients who were randomized to receive nonmyeloablative conditioning did not undergo transplant due to relapse and withdrawal of consent</population>
          <units>participants</units>
          <param>Number</param>
          <analyzed_list>
            <analyzed>
              <units>Participants</units>
              <scope>Measure</scope>
              <count_list>
                <count group_id="O1" value="12"/>
                <count group_id="O2" value="11"/>
              </count_list>
            </analyzed>
          </analyzed_list>
          <class_list>
            <class>
              <category_list>
                <category>
                  <measurement_list>
                    <measurement group_id="O1" value="11"/>
                    <measurement group_id="O2" value="11"/>
                  </measurement_list>
                </category>
              </category_list>
            </class>
          </class_list>
        </measure>
      </outcome>
      <outcome>
        <type>Secondary</type>
        <title>Incidence of Disease Progression/Relapse</title>
        <description>Disease progression/relapse was defined by IWG criteria</description>
        <time_frame>After stem cell infusion to date of last follow up.</time_frame>
        <group_list>
          <group group_id="O1">
            <title>Arm I (Nonmyeloablative Regimen)</title>
            <description>CONDITIONING: Patients receive fludarabine phosphate IV on days -4 to -2 and undergo low-dose total-body irradiation on day 0.&#xD;
TRANSPLANTATION: Patients undergo allogeneic peripheral blood stem cell (PBSC) infusion on day 0.&#xD;
GRAFT-VS-HOST DISEASE PROPHYLAXIS: Patients receive cyclosporine every 12 hours on days -3 to 57 with taper on days 57-177 or cyclosporine every 12 hours on days -3 to 100 with taper on days 101-177. Patients also receive oral mycophenolate mofetil every 12 hours on days 0-27 or every 8 hours on days 0-40 with taper on days 41-96.</description>
          </group>
          <group group_id="O2">
            <title>Arm II (Myeloablative Regimen)</title>
            <description>CONDITIONING: Patients are assigned to 1 of 2 treatment groups.&#xD;
Group A: Patients receive fludarabine IV once daily and oral busulfan four times daily or busulfan IV over 3 hours on days -5 to -2.&#xD;
Group B: Patients receive cyclophosphamide IV over 1-2 hours on days -3 and -2 and oral busulfan four times daily or busulfan IV over 3 hours on days -7 to -4.&#xD;
TRANSPLANTATION: Patients undergo PBSC infusion on day 0.&#xD;
GRAFT-VS-HOST DISEASE PROPHYLAXIS: Patients receive tacrolimus IV continuously or orally every 12 hours on days -1 to 56 and taper on days 57-200. Patients also receive methotrexate IV on days 1, 3, 6, and 11.</description>
          </group>
        </group_list>
        <measure>
          <title>Incidence of Disease Progression/Relapse</title>
          <description>Disease progression/relapse was defined by IWG criteria</description>
          <units>participants</units>
          <param>Number</param>
          <analyzed_list>
            <analyzed>
              <units>Participants</units>
              <scope>Measure</scope>
              <count_list>
                <count group_id="O1" value="12"/>
                <count group_id="O2" value="11"/>
              </count_list>
            </analyzed>
          </analyzed_list>
          <class_list>
            <class>
              <category_list>
                <category>
                  <measurement_list>
                    <measurement group_id="O1" value="7"/>
                    <measurement group_id="O2" value="2"/>
                  </measurement_list>
                </category>
              </category_list>
            </class>
          </class_list>
        </measure>
      </outcome>
      <outcome>
        <type>Secondary</type>
        <title>Incidence and Severity of Acute and Chronic Graft-vs-host Disease</title>
        <time_frame>After transplantation</time_frame>
        <group_list>
          <group group_id="O1">
            <title>Arm I (Nonmyeloablative Regimen)</title>
            <description>CONDITIONING: Patients receive fludarabine phosphate IV on days -4 to -2 and undergo low-dose total-body irradiation on day 0.&#xD;
TRANSPLANTATION: Patients undergo allogeneic peripheral blood stem cell (PBSC) infusion on day 0.&#xD;
GRAFT-VS-HOST DISEASE PROPHYLAXIS: Patients receive cyclosporine every 12 hours on days -3 to 57 with taper on days 57-177 or cyclosporine every 12 hours on days -3 to 100 with taper on days 101-177. Patients also receive oral mycophenolate mofetil every 12 hours on days 0-27 or every 8 hours on days 0-40 with taper on days 41-96.</description>
          </group>
          <group group_id="O2">
            <title>Arm II (Myeloablative Regimen)</title>
            <description>CONDITIONING: Patients are assigned to 1 of 2 treatment groups.&#xD;
Group A: Patients receive fludarabine IV once daily and oral busulfan four times daily or busulfan IV over 3 hours on days -5 to -2.&#xD;
Group B: Patients receive cyclophosphamide IV over 1-2 hours on days -3 and -2 and oral busulfan four times daily or busulfan IV over 3 hours on days -7 to -4.&#xD;
TRANSPLANTATION: Patients undergo PBSC infusion on day 0.&#xD;
GRAFT-VS-HOST DISEASE PROPHYLAXIS: Patients receive tacrolimus IV continuously or orally every 12 hours on days -1 to 56 and taper on days 57-200. Patients also receive methotrexate IV on days 1, 3, 6, and 11.</description>
          </group>
        </group_list>
        <measure>
          <title>Incidence and Severity of Acute and Chronic Graft-vs-host Disease</title>
          <units>participants</units>
          <param>Number</param>
          <analyzed_list>
            <analyzed>
              <units>Participants</units>
              <scope>Measure</scope>
              <count_list>
                <count group_id="O1" value="12"/>
                <count group_id="O2" value="11"/>
              </count_list>
            </analyzed>
          </analyzed_list>
          <class_list>
            <class>
              <category_list>
                <category>
                  <measurement_list>
                    <measurement group_id="O1" value="1"/>
                    <measurement group_id="O2" value="4"/>
                  </measurement_list>
                </category>
              </category_list>
            </class>
          </class_list>
        </measure>
      </outcome>
    </outcome_list>

    <reported_events>
      <group_list>
        <group group_id="E1">
          <title>Arm I (Nonmyeloablative Regimen)</title>
          <description>CONDITIONING: Patients receive fludarabine phosphate IV on days -4 to -2 and undergo low-dose total-body irradiation on day 0.&#xD;
TRANSPLANTATION: Patients undergo allogeneic peripheral blood stem cell (PBSC) infusion on day 0.&#xD;
GRAFT-VS-HOST DISEASE PROPHYLAXIS: Patients receive cyclosporine every 12 hours on days -3 to 57 with taper on days 57-177 or cyclosporine every 12 hours on days -3 to 100 with taper on days 101-177. Patients also receive oral mycophenolate mofetil every 12 hours on days 0-27 or every 8 hours on days 0-40 with taper on days 41-96.</description>
        </group>
        <group group_id="E2">
          <title>Arm II (Myeloablative Regimen)</title>
          <description>CONDITIONING: Patients are assigned to 1 of 2 treatment groups.&#xD;
Group A: Patients receive fludarabine IV once daily and oral busulfan four times daily or busulfan IV over 3 hours on days -5 to -2.&#xD;
Group B: Patients receive cyclophosphamide IV over 1-2 hours on days -3 and -2 and oral busulfan four times daily or busulfan IV over 3 hours on days -7 to -4.&#xD;
TRANSPLANTATION: Patients undergo PBSC infusion on day 0.&#xD;
GRAFT-VS-HOST DISEASE PROPHYLAXIS: Patients receive tacrolimus IV continuously or orally every 12 hours on days -1 to 56 and taper on days 57-200. Patients also receive methotrexate IV on days 1, 3, 6, and 11.</description>
        </group>
      </group_list>
      <serious_events>
        <category_list>
          <category>
            <title>Total</title>
            <event_list>
              <event>
                <sub_title>Total, serious adverse events</sub_title>
                <counts group_id="E1" subjects_affected="3" subjects_at_risk="12"/>
                <counts group_id="E2" subjects_affected="4" subjects_at_risk="11"/>
              </event>
            </event_list>
          </category>
          <category>
            <title>Blood and lymphatic system disorders</title>
            <event_list>
              <event>
                <sub_title>Thrombotic Microangiopathy</sub_title>
                <counts group_id="E1" events="0" subjects_affected="0" subjects_at_risk="12"/>
                <counts group_id="E2" events="1" subjects_affected="1" subjects_at_risk="11"/>
              </event>
            </event_list>
          </category>
          <category>
            <title>Cardiac disorders</title>
            <event_list>
              <event>
                <sub_title>tachycardia and hypotenstion</sub_title>
                <counts group_id="E1" events="1" subjects_affected="1" subjects_at_risk="12"/>
                <counts group_id="E2" events="0" subjects_affected="0" subjects_at_risk="11"/>
              </event>
            </event_list>
          </category>
          <category>
            <title>Gastrointestinal disorders</title>
            <event_list>
              <event>
                <sub_title>severe diarrhea due to gut GVHD</sub_title>
                <counts group_id="E1" events="2" subjects_affected="2" subjects_at_risk="12"/>
                <counts group_id="E2" events="2" subjects_affected="2" subjects_at_risk="11"/>
              </event>
              <event>
                <sub_title>Mucositis</sub_title>
                <counts group_id="E1" events="0" subjects_affected="0" subjects_at_risk="12"/>
                <counts group_id="E2" events="1" subjects_affected="1" subjects_at_risk="11"/>
              </event>
            </event_list>
          </category>
        </category_list>
      </serious_events>
      <other_events>
        <frequency_threshold>5</frequency_threshold>
        <category_list>
          <category>
            <title>Total</title>
            <event_list>
              <event>
                <sub_title>Total, other adverse events</sub_title>
                <counts group_id="E1" subjects_affected="12" subjects_at_risk="12"/>
                <counts group_id="E2" subjects_affected="11" subjects_at_risk="11"/>
              </event>
            </event_list>
          </category>
          <category>
            <title>Gastrointestinal disorders</title>
            <event_list>
              <event>
                <sub_title>Mucositis</sub_title>
                <counts group_id="E1" events="0" subjects_affected="0" subjects_at_risk="12"/>
                <counts group_id="E2" events="6" subjects_affected="6" subjects_at_risk="11"/>
              </event>
            </event_list>
          </category>
          <category>
            <title>Infections and infestations</title>
            <event_list>
              <event>
                <sub_title>Infection</sub_title>
                <counts group_id="E1" events="12" subjects_affected="12" subjects_at_risk="12"/>
                <counts group_id="E2" events="5" subjects_affected="5" subjects_at_risk="11"/>
              </event>
            </event_list>
          </category>
        </category_list>
      </other_events>
    </reported_events>

    <certain_agreements>
      <pi_employee>All Principal Investigators ARE employed by the organization sponsoring the study.</pi_employee>
      <restrictive_agreement>There is NOT an agreement between Principal Investigators and the Sponsor (or its agents) that restricts the PI's rights to discuss or publish trial results after the trial is completed. </restrictive_agreement>
    </certain_agreements>
    <point_of_contact>
      <name_or_title>Bart Lee Scott</name_or_title>
      <organization>Fred Hutchinson Cancer Research Center</organization>
      <phone>206-667-1990</phone>
      <email>bscott@fhcrc.org</email>
    </point_of_contact>
  </clinical_results>
</clinical_study>

