<?xml version="1.0" encoding="UTF-8"?>
<clinical_study rank="82">
  <!-- This xml conforms to an XML Schema at:
    https://clinicaltrials.gov/ct2/html/images/info/public.xsd -->
  <required_header>
    <download_date>ClinicalTrials.gov processed this data on May 11, 2021</download_date>
    <link_text>Link to the current ClinicalTrials.gov record.</link_text>
    <url>https://clinicaltrials.gov/show/NCT00119366</url>
  </required_header>
  <id_info>
    <org_study_id>1809.00</org_study_id>
    <secondary_id>NCI-2010-00234</secondary_id>
    <secondary_id>1809.00</secondary_id>
    <secondary_id>P30CA015704</secondary_id>
    <nct_id>NCT00119366</nct_id>
  </id_info>
  <brief_title>Iodine I 131 Monoclonal Antibody BC8, Fludarabine Phosphate, Total Body Irradiation, and Donor Stem Cell Transplant Followed by Cyclosporine and Mycophenolate Mofetil in Treating Patients With Advanced Acute Myeloid Leukemia or Myelodysplastic Syndrome</brief_title>
  <official_title>A Phase II Trial Combining Radiolabeled BC8 (Anti-CD45) Antibody With Fludarabine and Low Dose TBI Followed by Related or Unrelated PBSC Infusion and Post-Transplant Immunosuppression for Patients With Advanced AML or High Risk Myelodysplastic Syndrome</official_title>
  <sponsors>
    <lead_sponsor>
      <agency>Fred Hutchinson Cancer Research Center</agency>
      <agency_class>Other</agency_class>
    </lead_sponsor>
    <collaborator>
      <agency>National Cancer Institute (NCI)</agency>
      <agency_class>NIH</agency_class>
    </collaborator>
  </sponsors>
  <source>Fred Hutchinson Cancer Research Center</source>
  <oversight_info>
    <has_dmc>No</has_dmc>
  </oversight_info>
  <brief_summary>
    <textblock>
      This phase II trial studies the side effects and best dose of iodine I 131 monoclonal&#xD;
      antibody BC8 when given together with fludarabine phosphate, total-body irradiation, and&#xD;
      donor stem cell transplant followed by cyclosporine and mycophenolate mofetil in treating&#xD;
      patients with acute myeloid leukemia or myelodysplastic syndrome that has spread to other&#xD;
      places in the body and usually cannot be cured or controlled with treatment. Giving&#xD;
      chemotherapy drugs, such as fludarabine phosphate, and total-body irradiation before a donor&#xD;
      peripheral blood stem cell transplant helps stop the growth of cancer or abnormal cells and&#xD;
      helps stop the patient's immune system from rejecting the donor's stem cells. Also,&#xD;
      radiolabeled monoclonal antibodies, such as iodine I 131 monoclonal antibody BC8, can find&#xD;
      cancer cells and carry cancer-killing substances to them without harming normal cells. When&#xD;
      the healthy stem cells from a donor are infused into the patient they may help the patient's&#xD;
      bone marrow make stem cells, red blood cells, white blood cells, and platelets. Sometimes the&#xD;
      transplanted cells from a donor can make an immune response against the body's normal cells.&#xD;
      Giving fludarabine phosphate and total-body irradiation before the transplant together with&#xD;
      cyclosporine and mycophenolate mofetil after the transplant may stop this from happening.&#xD;
      Giving a radiolabeled monoclonal antibody together with donor stem cell transplant,&#xD;
      cyclosporine, and mycophenolate mofetil may be an effective treatment for advanced acute&#xD;
      myeloid leukemia or myelodysplastic syndromes.&#xD;
    </textblock>
  </brief_summary>
  <detailed_description>
    <textblock>
      PRIMARY OBJECTIVES:&#xD;
&#xD;
      I. To evaluate the maximum tolerated dose (MTD) and the transplant-related mortality (TRM)&#xD;
      and toxicity of delivering 131I-BC8 (iodine I 131 monoclonal antibody BC8) (anti-cluster of&#xD;
      differentiation [CD]45 antibody) at a starting dose of 22 Gy to the normal organ receiving&#xD;
      the highest dose in combination with the non-myeloablative regimen of fludarabine&#xD;
      (fludarabine phosphate) (FLU), 2 Gy total body irradiation (TBI), cyclosporine (CSP),&#xD;
      mycophenolate mofetil (MMF), and human leukocyte antigen (HLA)-matched related or unrelated&#xD;
      allogeneic hematopoietic stem cell transplant (HSCT) in patients 16 to 50 years old who have&#xD;
      advanced acute myeloid leukemia (AML) or high risk myelodysplastic syndrome (MDS).&#xD;
&#xD;
      II. To estimate rates of donor chimerism resulting from this combined preparative regimen and&#xD;
      to correlate level of donor chimerism with estimated radiation doses delivered to&#xD;
      hematopoietic tissues via antibody.&#xD;
&#xD;
      III. To determine rates of disease relapse, graft vs. host disease, and 2-year disease-free&#xD;
      survival in patients receiving 131I-BC8 antibody combined with FLU, 2 Gy TBI, CSP, MMF, and&#xD;
      HLA-matched related or unrelated allogeneic HSCT.&#xD;
&#xD;
      OUTLINE: This is a dose-escalation study of iodine I 131 monoclonal antibody BC8.&#xD;
&#xD;
      RADIOIMMUNOTHERAPY: Patients receive therapeutic iodine I 131 monoclonal antibody BC8&#xD;
      intravenously (IV) on day -12.&#xD;
&#xD;
      CONDITIONING: Patients receive fludarabine phosphate IV on days -4 to -2 and undergo TBI on&#xD;
      day 0.&#xD;
&#xD;
      TRANSPLANTATION: After completion of TBI, patients undergo allogeneic peripheral blood stem&#xD;
      cell (PBSC) transplant on day 0.&#xD;
&#xD;
      IMMUNOSUPPRESSION: Patients with a matched related donor receive cyclosporine IV or orally&#xD;
      (PO) twice daily (BID) on days -3 to 56 followed by a taper to day 180 in the absence of&#xD;
      graft-versus-host disease. Beginning 4-6 hours after PBSC transplant, these patients also&#xD;
      receive mycophenolate mofetil PO BID on days 0 to 27. Patients with a matched unrelated donor&#xD;
      receive cyclosporine IV or PO BID on days -3 to 100 followed by a taper to day 180. Beginning&#xD;
      4-6 hours after PBSC transplant, these patients also receive mycophenolate mofetil PO thrice&#xD;
      daily (TID) on days 0 to 40 followed by a taper to day 96.&#xD;
&#xD;
      After completion of study treatment, patients are followed up at 6, 9, 12, 18, and 24 months&#xD;
      and then annually thereafter.&#xD;
    </textblock>
  </detailed_description>
  <overall_status>Completed</overall_status>
  <start_date>May 2003</start_date>
  <completion_date type="Actual">May 8, 2019</completion_date>
  <primary_completion_date type="Actual">August 2014</primary_completion_date>
  <phase>Phase 2</phase>
  <study_type>Interventional</study_type>
  <has_expanded_access>No</has_expanded_access>
  <study_design_info>
    <allocation>N/A</allocation>
    <intervention_model>Single Group Assignment</intervention_model>
    <primary_purpose>Treatment</primary_purpose>
    <masking>None (Open Label)</masking>
  </study_design_info>
  <primary_outcome>
    <measure>Incidence of dose-limiting toxicities to determine MTD of radiation delivered to normal organ by iodine I 131 monoclonal antibody BC8</measure>
    <time_frame>Up to 100 days post-transplant</time_frame>
    <description>Escalation by 2 Gy increments will occur until a patient experiences a grade III/IV regimen-related toxicity (Bearman) or dose-limiting toxicity (DLT), at which point the second stage will begin at the next lower dose level. Estimated to be the dose that is associated with a toxicity rate of 25%.</description>
  </primary_outcome>
  <secondary_outcome>
    <measure>Rates of transplant-related mortality for patients receiving iodine I 131 monoclonal antibody BC8 when combined with 2 Gy TBI + CSP/MMF</measure>
    <time_frame>Up to 100 days post-transplant</time_frame>
    <description>Descriptive statistics will be reported.</description>
  </secondary_outcome>
  <secondary_outcome>
    <measure>Disease response in patients receiving iodine I 131 monoclonal antibody BC8 combined with fludarabine phosphate, 2 Gy TBI, CSP, MMR and HLA-matched related or unrelated allogeneic HSCT</measure>
    <time_frame>Up to 11 years</time_frame>
  </secondary_outcome>
  <secondary_outcome>
    <measure>Disease-free survival in patients receiving iodine I 131 monoclonal antibody BC8 combined with fludarabine phosphate, 2 Gy TBI, CSP, MMR and HLA-matched related or unrelated allogeneic HSCT</measure>
    <time_frame>Up to 2 years</time_frame>
    <description>Kaplan-Meier estimates will be determined.</description>
  </secondary_outcome>
  <secondary_outcome>
    <measure>Rates of donor chimerism and graft-versus-host disease</measure>
    <time_frame>Days 28, 56, and 84</time_frame>
    <description>Variable number tandem repeat (VNTR) analysis or fluorescent in situ hybridization (FISH) studies will be used to quantitate chimerism. 95% confidence intervals will be reported.</description>
  </secondary_outcome>
  <number_of_arms>1</number_of_arms>
  <enrollment type="Actual">15</enrollment>
  <condition>Adult Acute Myeloid Leukemia With 11q23 (MLL) Abnormalities</condition>
  <condition>Adult Acute Myeloid Leukemia With Del(5q)</condition>
  <condition>Adult Acute Myeloid Leukemia With Inv(16)(p13;q22)</condition>
  <condition>Adult Acute Myeloid Leukemia With t(15;17)(q22;q12)</condition>
  <condition>Adult Acute Myeloid Leukemia With t(16;16)(p13;q22)</condition>
  <condition>Adult Acute Myeloid Leukemia With t(8;21)(q22;q22)</condition>
  <condition>Childhood Myelodysplastic Syndromes</condition>
  <condition>Chronic Myelomonocytic Leukemia</condition>
  <condition>Previously Treated Myelodysplastic Syndromes</condition>
  <condition>Recurrent Adult Acute Myeloid Leukemia</condition>
  <condition>Recurrent Childhood Acute Myeloid Leukemia</condition>
  <condition>Refractory Anemia With Excess Blasts</condition>
  <condition>Refractory Anemia With Excess Blasts in Transformation</condition>
  <condition>Refractory Anemia With Ringed Sideroblasts</condition>
  <condition>Refractory Cytopenia With Multilineage Dysplasia</condition>
  <condition>Secondary Acute Myeloid Leukemia</condition>
  <condition>Secondary Myelodysplastic Syndromes</condition>
  <arm_group>
    <arm_group_label>Treatment (radiolabeled monoclonal antibody, TBI, chemo, PBSC)</arm_group_label>
    <arm_group_type>Experimental</arm_group_type>
    <description>RADIOIMMUNOTHERAPY: Patients receive therapeutic iodine I 131 monoclonal antibody BC8 IV on day -12.&#xD;
CONDITIONING: Patients receive fludarabine phosphate IV on days -4 to -2 and undergo TBI on day 0.&#xD;
TRANSPLANTATION: After completion of TBI, patients undergo allogeneic PBSC transplant on day 0.&#xD;
IMMUNOSUPPRESSION: Patients with a matched related donor receive cyclosporine IV or PO BID on days -3 to 56 followed by a taper to day 180 in the absence of graft-versus-host disease. Beginning 4-6 hours after PBSC transplant, these patients also receive mycophenolate mofetil PO 2 BID on days 0 to 27. Patients with a matched unrelated donor receive cyclosporine IV or PO BID on days -3 to 100 followed by a taper to day 180. Beginning 4-6 hours after PBSC transplant, these patients also receive mycophenolate mofetil PO TID on days 0 to 40 followed by a taper to day 96.</description>
  </arm_group>
  <intervention>
    <intervention_type>Radiation</intervention_type>
    <intervention_name>iodine I 131 monoclonal antibody BC8</intervention_name>
    <description>Given IV</description>
    <arm_group_label>Treatment (radiolabeled monoclonal antibody, TBI, chemo, PBSC)</arm_group_label>
    <other_name>I 131 MOAB BC8</other_name>
    <other_name>I 131 Monoclonal Antibody BC8</other_name>
    <other_name>iodine I 131 MOAB BC8</other_name>
  </intervention>
  <intervention>
    <intervention_type>Drug</intervention_type>
    <intervention_name>fludarabine phosphate</intervention_name>
    <description>Given IV</description>
    <arm_group_label>Treatment (radiolabeled monoclonal antibody, TBI, chemo, PBSC)</arm_group_label>
    <other_name>2-F-ara-AMP</other_name>
    <other_name>Beneflur</other_name>
    <other_name>Fludara</other_name>
  </intervention>
  <intervention>
    <intervention_type>Radiation</intervention_type>
    <intervention_name>total-body irradiation</intervention_name>
    <description>Undergo TBI</description>
    <arm_group_label>Treatment (radiolabeled monoclonal antibody, TBI, chemo, PBSC)</arm_group_label>
    <other_name>TBI</other_name>
  </intervention>
  <intervention>
    <intervention_type>Procedure</intervention_type>
    <intervention_name>allogeneic hematopoietic stem cell transplantation</intervention_name>
    <description>Undergo PBSC transplantation</description>
    <arm_group_label>Treatment (radiolabeled monoclonal antibody, TBI, chemo, PBSC)</arm_group_label>
  </intervention>
  <intervention>
    <intervention_type>Procedure</intervention_type>
    <intervention_name>peripheral blood stem cell transplantation</intervention_name>
    <description>Undergo PBSC transplantation</description>
    <arm_group_label>Treatment (radiolabeled monoclonal antibody, TBI, chemo, PBSC)</arm_group_label>
    <other_name>PBPC transplantation</other_name>
    <other_name>PBSC transplantation</other_name>
    <other_name>peripheral blood progenitor cell transplantation</other_name>
    <other_name>transplantation, peripheral blood stem cell</other_name>
  </intervention>
  <intervention>
    <intervention_type>Drug</intervention_type>
    <intervention_name>cyclosporine</intervention_name>
    <description>Given IV or PO</description>
    <arm_group_label>Treatment (radiolabeled monoclonal antibody, TBI, chemo, PBSC)</arm_group_label>
    <other_name>ciclosporin</other_name>
    <other_name>cyclosporin</other_name>
    <other_name>cyclosporin A</other_name>
    <other_name>CYSP</other_name>
    <other_name>Sandimmune</other_name>
  </intervention>
  <intervention>
    <intervention_type>Drug</intervention_type>
    <intervention_name>mycophenolate mofetil</intervention_name>
    <description>Given PO</description>
    <arm_group_label>Treatment (radiolabeled monoclonal antibody, TBI, chemo, PBSC)</arm_group_label>
    <other_name>Cellcept</other_name>
    <other_name>MMF</other_name>
  </intervention>
  <intervention>
    <intervention_type>Other</intervention_type>
    <intervention_name>laboratory biomarker analysis</intervention_name>
    <description>Correlative studies</description>
    <arm_group_label>Treatment (radiolabeled monoclonal antibody, TBI, chemo, PBSC)</arm_group_label>
  </intervention>
  <eligibility>
    <criteria>
      <textblock>
        Inclusion Criteria:&#xD;
&#xD;
          -  Patients with advanced AML defined as beyond first remission, primary refractory&#xD;
             disease, or evolved from myelodysplastic or myeloproliferative syndromes; or patients&#xD;
             with MDS expressed as refractory anemia with excess blasts (RAEB), refractory anemia&#xD;
             with excess blasts in transformation (RAEBT), refractory cytopenia with multilineage&#xD;
             dysplasia (RCMD), RCMD with ringed sideroblasts (RCMD-RS), or chronic myelomonocytic&#xD;
             leukemia (CMML)&#xD;
&#xD;
          -  Patients not in remission must have CD45-expressing leukemic blasts or myelodysplastic&#xD;
             cells; patients in remission do not require phenotyping and may have leukemia&#xD;
             previously documented to be CD45 negative (because in remission patients, virtually&#xD;
             all antibody binding is to non-malignant cells which make up &gt;= 95% of nucleated cells&#xD;
             in the marrow)&#xD;
&#xD;
          -  Patients should have a circulating blast count of less than 10,000/mm^3 (control with&#xD;
             hydroxyurea or similar agent is allowed)&#xD;
&#xD;
          -  Patients must have an estimated creatinine clearance greater than 50/ml per minute&#xD;
             (serum creatinine value must be within 28 days prior to registration)&#xD;
&#xD;
          -  Bilirubin &lt; 2 times the upper limit of normal&#xD;
&#xD;
          -  Aspartate aminotransferase (AST) and alanine aminotransferase (ALT) &lt; 2 times the&#xD;
             upper limit of normal&#xD;
&#xD;
          -  Karnofsky score &gt;= 70 or Eastern Cooperative Oncology Group (ECOG) =&lt; 2&#xD;
&#xD;
          -  Patients must have an expected survival of &gt; 60 days and must be free of active&#xD;
             infection&#xD;
&#xD;
          -  Patients must have an HLA-identical sibling donor or an HLA-matched unrelated donor&#xD;
             who meets standard Seattle Cancer Care Alliance (SCCA) and/or National Marrow Donor&#xD;
             Program (NMDP) or other donor center criteria for peripheral blood stem cell (PBSC)&#xD;
             donation; related donors should be matched by molecular methods at the intermediate&#xD;
             resolution level at HLA-A, B, C, and developmentally regulated RNA binding protein 1&#xD;
             (DRB1) according to Fred Hutchinson Cancer Research Center (FHCRC) Standard Practice&#xD;
             Guidelines and to the allele level at DQB1; unrelated donors should be identified&#xD;
             using matching criteria that follows the FHCRC Standard Practice Guidelines limiting&#xD;
             the study to eligible donors that are allele matched for HLA-A, B, C, DRB1, and DQB1&#xD;
             (grade 1), and accepting up to one allele mismatch as per Standard Practice grade 2.1&#xD;
             for HLA-A, B, or C&#xD;
&#xD;
          -  DONOR: Donors must meet HLA matching criteria as well as standard SCCA and/or NMDP or&#xD;
             other donor center criteria for PBSC donation&#xD;
&#xD;
        Exclusion Criteria:&#xD;
&#xD;
          -  Circulating antibody against mouse immunoglobulin (human anti-mouse antibody [HAMA])&#xD;
&#xD;
          -  Prior radiation to maximally tolerated levels to any normal organ&#xD;
&#xD;
          -  Patients may not have symptomatic coronary artery disease and may not be on cardiac&#xD;
             medications for anti-arrhythmic or inotropic effects&#xD;
&#xD;
          -  Inability to understand or give an informed consent&#xD;
&#xD;
          -  Patients who are seropositive for human immunodeficiency virus (HIV)&#xD;
&#xD;
          -  Perceived inability to tolerate diagnostic or therapeutic procedures, particularly&#xD;
             treatment in radiation isolation&#xD;
&#xD;
          -  Patients who have previously undergone autologous or allogeneic HSCT&#xD;
      </textblock>
    </criteria>
    <gender>All</gender>
    <minimum_age>16 Years</minimum_age>
    <maximum_age>50 Years</maximum_age>
    <healthy_volunteers>No</healthy_volunteers>
  </eligibility>
  <overall_official>
    <last_name>Johnnie Orozco</last_name>
    <role>Principal Investigator</role>
    <affiliation>Fred Hutchinson Cancer Research Center/University of Washington Cancer Consortium</affiliation>
  </overall_official>
  <location>
    <facility>
      <name>Fred Hutchinson Cancer Research Center/University of Washington Cancer Consortium</name>
      <address>
        <city>Seattle</city>
        <state>Washington</state>
        <zip>98109</zip>
        <country>United States</country>
      </address>
    </facility>
  </location>
  <location_countries>
    <country>United States</country>
  </location_countries>
  <verification_date>June 2019</verification_date>
  <study_first_submitted>July 12, 2005</study_first_submitted>
  <study_first_submitted_qc>July 12, 2005</study_first_submitted_qc>
  <study_first_posted type="Estimate">July 13, 2005</study_first_posted>
  <disposition_first_submitted>April 13, 2017</disposition_first_submitted>
  <disposition_first_submitted_qc>April 13, 2017</disposition_first_submitted_qc>
  <disposition_first_posted type="Actual">April 18, 2017</disposition_first_posted>
  <last_update_submitted>June 1, 2019</last_update_submitted>
  <last_update_submitted_qc>June 1, 2019</last_update_submitted_qc>
  <last_update_posted type="Actual">June 5, 2019</last_update_posted>
  <responsible_party>
    <responsible_party_type>Principal Investigator</responsible_party_type>
    <investigator_affiliation>Fred Hutchinson Cancer Research Center</investigator_affiliation>
    <investigator_full_name>Johnnie Orozco</investigator_full_name>
    <investigator_title>Principal Investigator</investigator_title>
  </responsible_party>
  <condition_browse>
    <!-- CAUTION:  The following MeSH terms are assigned with an imperfect algorithm            -->
    <mesh_term>Leukemia</mesh_term>
    <mesh_term>Leukemia, Myeloid</mesh_term>
    <mesh_term>Leukemia, Myeloid, Acute</mesh_term>
    <mesh_term>Preleukemia</mesh_term>
    <mesh_term>Neoplasm Metastasis</mesh_term>
    <mesh_term>Leukemia, Myelomonocytic, Chronic</mesh_term>
    <mesh_term>Leukemia, Myelomonocytic, Juvenile</mesh_term>
    <mesh_term>Anemia</mesh_term>
    <mesh_term>Myelodysplastic Syndromes</mesh_term>
    <mesh_term>Anemia, Refractory</mesh_term>
    <mesh_term>Anemia, Refractory, with Excess of Blasts</mesh_term>
    <mesh_term>Syndrome</mesh_term>
  </condition_browse>
  <intervention_browse>
    <!-- CAUTION:  The following MeSH terms are assigned with an imperfect algorithm            -->
    <mesh_term>Iodine</mesh_term>
    <mesh_term>Cyclosporine</mesh_term>
    <mesh_term>Mycophenolic Acid</mesh_term>
    <mesh_term>Antineoplastic Agents, Immunological</mesh_term>
    <mesh_term>Fludarabine</mesh_term>
    <mesh_term>Fludarabine phosphate</mesh_term>
    <mesh_term>Antibodies</mesh_term>
    <mesh_term>Immunoglobulins</mesh_term>
    <mesh_term>Antibodies, Monoclonal</mesh_term>
    <mesh_term>Cyclosporins</mesh_term>
  </intervention_browse>
  <!-- Results have not yet been posted, but a results disposition has been submitted           -->
</clinical_study>

