<?xml version="1.0" encoding="UTF-8"?>
<clinical_study rank="93">
  <!-- This xml conforms to an XML Schema at:
    https://clinicaltrials.gov/ct2/html/images/info/public.xsd -->
  <required_header>
    <download_date>ClinicalTrials.gov processed this data on May 11, 2021</download_date>
    <link_text>Link to the current ClinicalTrials.gov record.</link_text>
    <url>https://clinicaltrials.gov/show/NCT00003073</url>
  </required_header>
  <id_info>
    <org_study_id>CDR0000065754</org_study_id>
    <secondary_id>SKYEPHARMA-96-002</secondary_id>
    <secondary_id>DTC-96-002</secondary_id>
    <secondary_id>NCI-V97-1336</secondary_id>
    <nct_id>NCT00003073</nct_id>
  </id_info>
  <brief_title>Chemotherapy in Treating Young Patients With Recurrent or Refractory Meningeal Leukemia, Lymphoma, or Solid Tumors</brief_title>
  <official_title>A Phase I Dose Escalation Study of Intrathecal DepoFoam Encapsulated Cytarabine (DTC 101) in Pediatric Patients With Advanced Meningeal Malignancies</official_title>
  <sponsors>
    <lead_sponsor>
      <agency>Pacira Pharmaceuticals, Inc</agency>
      <agency_class>Industry</agency_class>
    </lead_sponsor>
  </sponsors>
  <source>National Cancer Institute (NCI)</source>
  <brief_summary>
    <textblock>
      RATIONALE: Drugs used in chemotherapy use different ways to stop tumor cells from dividing so&#xD;
      they stop growing or die.&#xD;
&#xD;
      PURPOSE: Phase I trial to study the effectiveness of liposomal cytarabine in treating young&#xD;
      patients who have recurrent or refractory meningeal leukemia, lymphoma, or solid tumors.&#xD;
    </textblock>
  </brief_summary>
  <detailed_description>
    <textblock>
      OBJECTIVES: I. Determine the qualitative or quantitative toxic effects and tolerability of&#xD;
      liposomal cytarabine (Depofoam encapsulated cytarabine; DTC 101) in pediatric patients with&#xD;
      recurrent or refractory meningeal malignancies. II. Define a safe dose of DTC 101 in these&#xD;
      patients for future clinical studies. III. Determine the plasma and CSF pharmacokinetics of&#xD;
      DTC 101 in these patients.&#xD;
&#xD;
      OUTLINE: This is a dose escalation, multicenter study. Patients are placed in one of three&#xD;
      age-related strata: stratum 1, 3 to 21 years of age; stratum 2, at least 2 but less than 3&#xD;
      years of age; stratum 3, at least 1 but less than 2 years of age. Patients receive an&#xD;
      induction dose of intrathecal liposomal cytarabine (Depofoam encapsulated cytarabine; DTC&#xD;
      101) administered once every 2 weeks for 2 courses. Patients who have achieved a partial&#xD;
      response or received significant clinical benefit with stable disease may receive a third&#xD;
      induction dose of DTC 101, 2 weeks following the second dose. In the absence of progressive&#xD;
      disease, patients can proceed to consolidation therapy. During consolidation therapy,&#xD;
      intrathecal DTC 101 is administered once every 4 weeks for 2 courses, beginning 4 weeks after&#xD;
      the last induction dose. Patients experiencing a complete or significant response can proceed&#xD;
      to maintenance therapy. Patients receive a maintenance dose of intrathecal DTC 101 once every&#xD;
      8 weeks for a total of 6 doses, beginning 4 weeks after the second consolidation dose. At&#xD;
      least 3 patients are evaluated at each dose level. Dose escalation to the next level proceeds&#xD;
      when a minimum of 3 patients per cohort has successfully completed induction therapy and been&#xD;
      evaluated. Patients will be followed at 1, 2, 3, 6, 9, and 12 months post treatment, until&#xD;
      relapse or death.&#xD;
&#xD;
      PROJECTED ACCRUAL: A minimum of 12-15 patients will be accrued for each stratum over 18 to 24&#xD;
      months.&#xD;
    </textblock>
  </detailed_description>
  <overall_status>Unknown status</overall_status>
  <last_known_status>Active, not recruiting</last_known_status>
  <start_date>February 1997</start_date>
  <phase>Phase 1</phase>
  <study_type>Interventional</study_type>
  <has_expanded_access>No</has_expanded_access>
  <study_design_info>
    <primary_purpose>Treatment</primary_purpose>
  </study_design_info>
  <enrollment type="Anticipated">15</enrollment>
  <condition>Brain and Central Nervous System Tumors</condition>
  <condition>Leukemia</condition>
  <condition>Lymphoma</condition>
  <condition>Unspecified Childhood Solid Tumor, Protocol Specific</condition>
  <intervention>
    <intervention_type>Drug</intervention_type>
    <intervention_name>liposomal cytarabine</intervention_name>
  </intervention>
  <eligibility>
    <criteria>
      <textblock>
        DISEASE CHARACTERISTICS: Histologically proven recurrent or refractory leukemia, lymphoma,&#xD;
        or other solid tumor that has overt meningeal involvement Definition of meningeal disease:&#xD;
        Leukemia/lymphoma: CSF cell count at least 5/mm3 and evidence of blast cells on cytospin&#xD;
        preparation or cytology Solid tumors: Presence of tumor cells on cytospin preparation or&#xD;
        cytology OR evidence of meningeal disease on CT or MRI scan No bone marrow disease&#xD;
&#xD;
        PATIENT CHARACTERISTICS: Age: 1 to 21 Performance Status: ECOG 0-2 Life Expectancy: At&#xD;
        least 8 weeks Hematopoietic: Platelet count greater than 40,000/mm3 Hepatic: Bilirubin less&#xD;
        than 2.0 mg/dL ALT less than 5 times upper limit of normal Renal: Creatinine less than 1.5&#xD;
        mg/dL Other: Not pregnant or nursing Negative pregnancy test Effective contraceptive method&#xD;
        used by fertile patients No uncontrolled illness or infection (except for HIV positive&#xD;
        patients) No obstructive hydrocephalus or compartmentalization of the CSF flow&#xD;
&#xD;
        PRIOR CONCURRENT THERAPY: Biologic therapy: No acute toxic effects from prior immunotherapy&#xD;
        No prior allogeneic or autologous bone marrow transplantations within 3 months of study&#xD;
        Chemotherapy: No prior systemic CNS directed chemotherapy within 3 weeks of study No prior&#xD;
        nitrosourea within 6 weeks of study No prior intrathecal chemotherapy within 1 week of&#xD;
        study No acute toxic effects from prior chemotherapy No prior DTC 101 Concurrent systemic&#xD;
        chemotherapy for management of primary cancer allowed Concurrent dexamethasone with&#xD;
        systemic chemotherapy regimen allowed No concurrent chemotherapy for leptomeningeal disease&#xD;
        No concurrent high dose methotrexate, high dose cytarabine, mercaptopurine, thiotepa,&#xD;
        fluorouracil, and topotecan Endocrine therapy: Concurrent prednisone therapy with systemic&#xD;
        chemotherapy allowed Radiotherapy: No prior craniospinal irradiation within 8 weeks of&#xD;
        study No acute toxic effects from prior radiotherapy Concurrent local radiation therapy&#xD;
        allowed No concurrent whole brain or craniospinal radiotherapy Surgery: Not specified&#xD;
        Other: At least 2 weeks since investigational drugs and recovered No other concurrent&#xD;
        investigational drugs Concurrent antibiotic therapy allowed&#xD;
      </textblock>
    </criteria>
    <gender>All</gender>
    <minimum_age>1 Year</minimum_age>
    <maximum_age>21 Years</maximum_age>
    <healthy_volunteers>No</healthy_volunteers>
  </eligibility>
  <overall_official>
    <last_name>John E. Gait, MD</last_name>
    <role>Study Chair</role>
    <affiliation>Pacira Pharmaceuticals, Inc</affiliation>
  </overall_official>
  <location>
    <facility>
      <name>Children's Hospital Los Angeles</name>
      <address>
        <city>Los Angeles</city>
        <state>California</state>
        <zip>90027-0700</zip>
        <country>United States</country>
      </address>
    </facility>
  </location>
  <location>
    <facility>
      <name>Stanford University Medical Center</name>
      <address>
        <city>Stanford</city>
        <state>California</state>
        <zip>94305-5408</zip>
        <country>United States</country>
      </address>
    </facility>
  </location>
  <location>
    <facility>
      <name>University of Texas Southwestern Medical Center at Dallas</name>
      <address>
        <city>Dallas</city>
        <state>Texas</state>
        <zip>75235-8897</zip>
        <country>United States</country>
      </address>
    </facility>
  </location>
  <location>
    <facility>
      <name>Texas Children's Cancer Center</name>
      <address>
        <city>Houston</city>
        <state>Texas</state>
        <zip>77030-2399</zip>
        <country>United States</country>
      </address>
    </facility>
  </location>
  <location>
    <facility>
      <name>Children's Hospital and Regional Medical Center - Seattle</name>
      <address>
        <city>Seattle</city>
        <state>Washington</state>
        <zip>98105</zip>
        <country>United States</country>
      </address>
    </facility>
  </location>
  <location>
    <facility>
      <name>Alberta Children's Hospital</name>
      <address>
        <city>Calgary</city>
        <state>Alberta</state>
        <zip>T2T 5C7</zip>
        <country>Canada</country>
      </address>
    </facility>
  </location>
  <location_countries>
    <country>Canada</country>
    <country>United States</country>
  </location_countries>
  <verification_date>April 2002</verification_date>
  <study_first_submitted>November 1, 1999</study_first_submitted>
  <study_first_submitted_qc>February 5, 2004</study_first_submitted_qc>
  <study_first_posted type="Estimate">February 6, 2004</study_first_posted>
  <last_update_submitted>March 22, 2010</last_update_submitted>
  <last_update_submitted_qc>March 22, 2010</last_update_submitted_qc>
  <last_update_posted type="Estimate">March 23, 2010</last_update_posted>
  <keyword>recurrent childhood acute lymphoblastic leukemia</keyword>
  <keyword>recurrent childhood lymphoblastic lymphoma</keyword>
  <keyword>recurrent childhood acute myeloid leukemia</keyword>
  <keyword>childhood diffuse large cell lymphoma</keyword>
  <keyword>childhood immunoblastic large cell lymphoma</keyword>
  <keyword>unspecified childhood solid tumor, protocol specific</keyword>
  <keyword>recurrent/refractory childhood Hodgkin lymphoma</keyword>
  <keyword>leptomeningeal metastases</keyword>
  <keyword>recurrent childhood small noncleaved cell lymphoma</keyword>
  <keyword>recurrent childhood large cell lymphoma</keyword>
  <condition_browse>
    <!-- CAUTION:  The following MeSH terms are assigned with an imperfect algorithm            -->
    <mesh_term>Lymphoma</mesh_term>
    <mesh_term>Neoplasms</mesh_term>
    <mesh_term>Leukemia</mesh_term>
    <mesh_term>Nervous System Neoplasms</mesh_term>
    <mesh_term>Central Nervous System Neoplasms</mesh_term>
  </condition_browse>
  <intervention_browse>
    <!-- CAUTION:  The following MeSH terms are assigned with an imperfect algorithm            -->
    <mesh_term>Cytarabine</mesh_term>
  </intervention_browse>
  <!-- Results have not yet been posted for this study                                          -->
</clinical_study>

