<?xml version="1.0" encoding="UTF-8"?>
<clinical_study rank="6">
  <!-- This xml conforms to an XML Schema at:
    https://clinicaltrials.gov/ct2/html/images/info/public.xsd -->
  <required_header>
    <download_date>ClinicalTrials.gov processed this data on May 11, 2021</download_date>
    <link_text>Link to the current ClinicalTrials.gov record.</link_text>
    <url>https://clinicaltrials.gov/show/NCT02676323</url>
  </required_header>
  <id_info>
    <org_study_id>PANAML</org_study_id>
    <secondary_id>NCI-2016-00098</secondary_id>
    <nct_id>NCT02676323</nct_id>
  </id_info>
  <brief_title>Panobinostat With Fludarabine and Cytarabine for Treatment of Children With Acute Myeloid Leukemia or Myelodysplastic Syndrome</brief_title>
  <official_title>A Phase I and Dose Expansion Cohort Study of Panobinostat in Combination With Fludarabine and Cytarabine in Pediatric Patients With Refractory or Relapsed Acute Myeloid Leukemia or Myelodysplastic Syndrome</official_title>
  <sponsors>
    <lead_sponsor>
      <agency>St. Jude Children's Research Hospital</agency>
      <agency_class>Other</agency_class>
    </lead_sponsor>
  </sponsors>
  <source>St. Jude Children's Research Hospital</source>
  <oversight_info>
    <has_dmc>No</has_dmc>
    <is_fda_regulated_drug>Yes</is_fda_regulated_drug>
    <is_fda_regulated_device>No</is_fda_regulated_device>
  </oversight_info>
  <brief_summary>
    <textblock>
      Cancer is the uncontrolled growth of human cells. The growth of normal human cells is&#xD;
      controlled by multiple mechanisms. Panobinostat belongs to a class of chemotherapy drugs&#xD;
      called &quot;histone deacetylase (HDAC) inhibitors.&quot; HDAC inhibitors like panobinostat block&#xD;
      enzymes known as histone deacetylases, which stops cancer cells from dividing and causes them&#xD;
      to die. Fludarabine and cytarabine are chemotherapy drugs that are commonly used to treat&#xD;
      pediatric patients with refractory or relapsed acute myeloid leukemia (AML) or&#xD;
      myelodysplastic syndrome (MDS).&#xD;
&#xD;
      The purpose of this study is to test the safety of panobinostat and to find the highest dose&#xD;
      of panobinostat that can be given safely when it is combined with fludarabine and cytarabine.&#xD;
&#xD;
      This pilot study will be done in two parts: The goal of Part 1 of the study is to find the&#xD;
      highest tolerable dose of panobinostat that can be given to patients with AML or MDS, when it&#xD;
      is combined with fludarabine and cytarabine. Once that dose is determined, participants will&#xD;
      be enrolled on Part 2: Dose Expansion, to look at the effect of the&#xD;
      panobinostat/fludarabine/cytarabine combination in patients with leukemia/MDS.&#xD;
&#xD;
      PRIMARY OBJECTIVE:&#xD;
&#xD;
        -  Determine a tolerable dose of panobinostat when given in combination with fludarabine&#xD;
           and cytarabine in pediatric patients with relapsed or refractory AML or MDS.&#xD;
&#xD;
      SECONDARY OBJECTIVES:&#xD;
&#xD;
        -  Characterize the pharmacokinetics of panobinostat after the first dose and at&#xD;
           steady-state.&#xD;
&#xD;
        -  Estimate the overall response rate to the combination of panobinostat, fludarabine, and&#xD;
           cytarabine.&#xD;
    </textblock>
  </brief_summary>
  <detailed_description>
    <textblock>
      STUDY PART 1: Dose Escalation Cohort&#xD;
&#xD;
      During the dose escalation phase (Part 1), participants will receive one course of&#xD;
      panobinostat plus fludarabine and cytarabine. The starting dose of panobinostat will be 10&#xD;
      mg/m^2/dose, with 2 additional dose levels of 15 and 20, depending on tolerability. Each&#xD;
      course is 12 days&#xD;
&#xD;
      STUDY PART 2: Dose Expansion Cohort&#xD;
&#xD;
      The recommended phase 2 dose (RP2D) will be chosen based on the maximum tolerated dose (MTD)&#xD;
      and the totality of data obtained from study Part 1. Additional patients will be enrolled, if&#xD;
      needed, so that at least 6 patients are treated with the recommended RP2D to confirm the MTD&#xD;
      of panobinostat to be given in study Part 2.&#xD;
&#xD;
      After final MTD determination, 12 additional participants will be treated at this dose level&#xD;
      for further evaluation of tolerability and response, including more complete toxicity data&#xD;
      and estimation of the response rate to the combination of panobinostat, fludarabine, and&#xD;
      cytarabine.&#xD;
    </textblock>
  </detailed_description>
  <overall_status>Terminated</overall_status>
  <why_stopped>
    Slow accrual&#xD;
  </why_stopped>
  <start_date type="Actual">May 3, 2016</start_date>
  <completion_date type="Actual">April 9, 2018</completion_date>
  <primary_completion_date type="Actual">April 9, 2018</primary_completion_date>
  <phase>Phase 1</phase>
  <study_type>Interventional</study_type>
  <has_expanded_access>No</has_expanded_access>
  <study_design_info>
    <allocation>N/A</allocation>
    <intervention_model>Single Group Assignment</intervention_model>
    <primary_purpose>Treatment</primary_purpose>
    <masking>None (Open Label)</masking>
  </study_design_info>
  <primary_outcome>
    <measure>Maximum tolerated dose (MTD)</measure>
    <time_frame>Up to 56 days following first dose of panobinostat</time_frame>
    <description>Any participant who experiences non-hematologic dose-limiting toxicity (DLT) during the first 28 days after taking the initial dose of panobinostat and before receiving non-protocol therapy is considered evaluable for toxicity. Non-hematologic DLT includes any Grade 5 event and any Grade 3 or 4 event that is at least possibly related to panobinostat, unless the event is clearly due to extraneous causes or disease progression. Hematologic DLT includes failure to recover counts by Day 56 in the absence of persistent leukemia.&#xD;
Participants without DLTs who receive at least 5 of the 6 prescribed cycle I doses of panobinostat and can be followed for 28 days (56 days for evaluation of hematologic toxicity) after their initial dose of panobinostat are considered evaluable for toxicity. Participants who are not evaluable for toxicity will be replaced.&#xD;
The MTD is defined as the highest dose level at which six participants have been treated with at most one participant experiencing a DLT.</description>
  </primary_outcome>
  <secondary_outcome>
    <measure>Clearance (CL)</measure>
    <time_frame>From baseline pre-dose day 1 through 48 hours after panobinostat administration</time_frame>
    <description>Plasma samples will be analyzed via a validated method for plasma panobinostat concentration. Panobinostat concentration data will be analyzed in a non-linear mixed effects population pharmacokinetic (PK) model to determine the clearance.</description>
  </secondary_outcome>
  <secondary_outcome>
    <measure>Clearance (CL)</measure>
    <time_frame>On day 8 from pre-dose through 48 hours after panobinostat administration</time_frame>
    <description>Plasma samples will be analyzed via a validated method for plasma panobinostat concentration. Panobinostat concentration data will be analyzed in a non-linear mixed effects population pharmacokinetic (PK) model to determine the clearance.</description>
  </secondary_outcome>
  <secondary_outcome>
    <measure>Drug Absorption (ka)</measure>
    <time_frame>From baseline pre-dose day 1 through 48 hours after panobinostat administration</time_frame>
    <description>Plasma samples will be analyzed via a validated method for plasma panobinostat concentration. Panobinostat concentration data will be analyzed in a non-linear mixed effects population pharmacokinetic (PK) model to determine the drug absorption.</description>
  </secondary_outcome>
  <secondary_outcome>
    <measure>Drug Absorption (ka)</measure>
    <time_frame>On day 8 from pre-dose through 48 hours after panobinostat administration</time_frame>
    <description>Plasma samples will be analyzed via a validated method for plasma panobinostat concentration. Panobinostat concentration data will be analyzed in a non-linear mixed effects population pharmacokinetic (PK) model to determine the drug absorption.</description>
  </secondary_outcome>
  <secondary_outcome>
    <measure>Area under curve (AUC)</measure>
    <time_frame>From baseline pre-dose day 1 through 48 hours after panobinostat administration</time_frame>
    <description>Plasma samples will be analyzed via a validated method for plasma panobinostat concentration. Panobinostat concentration data will be analyzed in a non-linear mixed effects population pharmacokinetic (PK) model to determine the PK parameters. The AUC will be estimated based on the individual estimated PK.</description>
  </secondary_outcome>
  <secondary_outcome>
    <measure>Area under curve (AUC)</measure>
    <time_frame>On day 8 from pre-dose through 24 hours after panobinostat administration</time_frame>
    <description>Plasma samples will be analyzed via a validated method for plasma panobinostat concentration. Panobinostat concentration data will be analyzed in a non-linear mixed effects population pharmacokinetic (PK) model to determine the PK parameters. The AUC will be estimated based on the individual estimated PK.</description>
  </secondary_outcome>
  <secondary_outcome>
    <measure>Maximum concentration (Cmax)</measure>
    <time_frame>From baseline pre-dose day 1 through 48 hours after panobinostat administration</time_frame>
    <description>Plasma samples will be analyzed via a validated method for plasma panobinostat concentration. Panobinostat concentration data will be analyzed in a non-linear mixed effects population pharmacokinetic (PK) model to determine the PK parameters. The Cmax will be estimated based on the individual estimated PK.</description>
  </secondary_outcome>
  <secondary_outcome>
    <measure>Maximum concentration (Cmax)</measure>
    <time_frame>On day 8 from pre-dose through 24 hours after panobinostat administration</time_frame>
    <description>Plasma samples will be analyzed via a validated method for plasma panobinostat concentration. Panobinostat concentration data will be analyzed in a non-linear mixed effects population pharmacokinetic (PK) model to determine the PK parameters. The Cmax will be estimated based on the individual estimated PK.</description>
  </secondary_outcome>
  <secondary_outcome>
    <measure>Complete response (CR) rate</measure>
    <time_frame>Up to Day 42 after completion of therapy</time_frame>
    <description>Response will be based on blast percentage by flow cytometry. Blast percentages determined by morphology will be used in cases that are not evaluable by flow cytometry.&#xD;
The efficacy of the combination of panobinostat and chemotherapy, as measured by the CR rate will be assessed for patients enrolled at the MTD. The rate of CR will be presented as a point estimate with a 95% exact binomial confidence interval.</description>
  </secondary_outcome>
  <secondary_outcome>
    <measure>Overall response (OR) rate</measure>
    <time_frame>Up to Day 42 after completion of therapy</time_frame>
    <description>Response will be based on blast percentage by flow cytometry. Blast percentages determined by morphology will be used in cases that are not evaluable by flow cytometry.&#xD;
The efficacy of the combination of panobinostat and chemotherapy, as measured by the OR (CR + incomplete blood count recovery + partial response + therapeutic success) will be assessed for the patients enrolled at the MTD. The rate of OR will be presented as a point estimate with a 95% confidence interval.</description>
  </secondary_outcome>
  <number_of_arms>1</number_of_arms>
  <enrollment type="Actual">19</enrollment>
  <condition>Acute Myeloid Leukemia</condition>
  <condition>Myelodysplastic Syndrome</condition>
  <arm_group>
    <arm_group_label>Treatment</arm_group_label>
    <arm_group_type>Experimental</arm_group_type>
    <description>Participants will be given panobinostat in combination with fludarabine and cytarabine. Treatment consists of one course of therapy given over 12 days. Participants will also receive intrathecal triples and leucovorin</description>
  </arm_group>
  <intervention>
    <intervention_type>Drug</intervention_type>
    <intervention_name>Panobinostat</intervention_name>
    <description>Panobinostat will be given orally (PO) on days 1, 3, 5, 8, 10, and 12.</description>
    <arm_group_label>Treatment</arm_group_label>
    <other_name>LBH589</other_name>
  </intervention>
  <intervention>
    <intervention_type>Drug</intervention_type>
    <intervention_name>Fludarabine</intervention_name>
    <description>Fludarabine will be given intravenously (IV), 30 mg/m^2/dose over 30 minutes, daily for 5 days (days 8-12).</description>
    <arm_group_label>Treatment</arm_group_label>
    <other_name>Fludara®</other_name>
    <other_name>Fludarabine phosphate</other_name>
    <other_name>2-fluoro-ara-AMP</other_name>
  </intervention>
  <intervention>
    <intervention_type>Drug</intervention_type>
    <intervention_name>Cytarabine</intervention_name>
    <description>Cytarabine will be given IV, 2 gram/m^2/dose over 4 hours, daily for 5 days (days 8-12).</description>
    <arm_group_label>Treatment</arm_group_label>
    <other_name>Cytosine arabinoside</other_name>
    <other_name>Ara-C</other_name>
    <other_name>Cytosar®</other_name>
  </intervention>
  <intervention>
    <intervention_type>Drug</intervention_type>
    <intervention_name>Intrathecal Triples</intervention_name>
    <description>Given intrathecally (IT).</description>
    <arm_group_label>Treatment</arm_group_label>
    <other_name>ITMHA</other_name>
    <other_name>methotrexate/hydrocortisone/cytarabine</other_name>
  </intervention>
  <intervention>
    <intervention_type>Drug</intervention_type>
    <intervention_name>Leucovorin</intervention_name>
    <description>Leucovorin (5 mg/m^2/dose, max 5 mg) may be given PO or IV at 24 and 30 hours after each ITMHA.</description>
    <arm_group_label>Treatment</arm_group_label>
    <other_name>Leucovorin calcium</other_name>
    <other_name>Leucovorin rescue</other_name>
  </intervention>
  <eligibility>
    <criteria>
      <textblock>
        Inclusion Criteria:&#xD;
&#xD;
          -  Participants must have a diagnosis of AML or MDS and must have disease that has&#xD;
             relapsed or is refractory to chemotherapy, or that has relapsed after hematopoietic&#xD;
             stem cell transplantation (HSCT).&#xD;
&#xD;
               -  Refractory disease is defined as persistent disease after at least two courses of&#xD;
                  induction chemotherapy.&#xD;
&#xD;
               -  Patients with AML must have ≥ 5% leukemic blasts in the bone marrow or increasing&#xD;
                  levels of minimal residual disease (MRD) in the bone marrow as assessed by flow&#xD;
                  cytometry. If an adequate bone marrow sample cannot be obtained, patients may be&#xD;
                  enrolled if there is unequivocal evidence of leukemia in the peripheral blood.&#xD;
&#xD;
          -  Adequate organ function defined as the following:&#xD;
&#xD;
               -  Direct bilirubin ≤ 1.5 x institutional upper limit of normal (IULN)&#xD;
&#xD;
               -  AST (SGOT) and ALT (SGPT) ≤ 2.5 x ULN&#xD;
&#xD;
               -  Creatinine ≤ 1.5 x ULN for age&#xD;
&#xD;
               -  Serum albumin &gt; 3.0 g/dl&#xD;
&#xD;
               -  Left ventricular ejection fraction ≥ 40% or shortening fraction ≥ 25%.&#xD;
&#xD;
          -  Age ≤ 24 years&#xD;
&#xD;
          -  Patients must be able to swallow capsules&#xD;
&#xD;
          -  Performance status: Lansky ≥ 50 for patients who are ≤ 16 years old and Karnofsky ≥&#xD;
             50% for patients who are &gt; 16 years old.&#xD;
&#xD;
          -  Patients must have fully recovered from the acute effects of all prior therapy and&#xD;
             must meet the following criteria:&#xD;
&#xD;
               -  At least 14 days must have elapsed since the completion of myelosuppressive&#xD;
                  therapy&#xD;
&#xD;
               -  At least 24 hours must have elapsed since the completion of low-dose&#xD;
                  chemotherapy, such as hydroxyurea or low-dose cytarabine (up to 200 mg/m^2/day).&#xD;
&#xD;
               -  For patients who have received prior HSCT, there can be no evidence of GVHD and&#xD;
                  greater than 60 days must have elapsed since the HSCT. Patients cannot be&#xD;
                  receiving therapy, including steroids, for the treatment or prevention of GVHD.&#xD;
                  All such medications must be discontinued at least 24 hours prior to enrollment.&#xD;
&#xD;
          -  Body Surface Area: Because the smallest capsule size available for the panobinostat is&#xD;
             10 mg, the minimum BSA allowed for enrollment at Dose Level 1 to 0.85 m^2. The minimum&#xD;
             for Dose Level 2 is BSA=0.6 m^2 and the minimum for Dose Level 3 is BSA=0.42 m^2.&#xD;
&#xD;
        Exclusion Criteria:&#xD;
&#xD;
          -  Must not be pregnant or breastfeeding. Female patients who are sexually active and of&#xD;
             child-bearing potential must agree to use dual methods of contraception and have a&#xD;
             negative serum pregnancy test at screening, and male patients who are sexually active&#xD;
             must use an effective barrier method of contraception if sexually active with a female&#xD;
             of child-bearing potential. For both male and female patients who are sexually active,&#xD;
             effective methods of contraception must be used throughout the study and for three&#xD;
             months following the last dose. Abstinence is an acceptable form of contraception.&#xD;
&#xD;
          -  Patients with Down syndrome, acute promyelocytic leukemia, juvenile myelomonocytic&#xD;
             leukemia, Fanconi anemia, Kostmann syndrome, Shwachman syndrome, or other bone marrow&#xD;
             failure syndromes are not eligible.&#xD;
&#xD;
          -  Use of investigational agents within 30 days.&#xD;
&#xD;
          -  Any significant concurrent disease, illness, or psychiatric disorder that would&#xD;
             compromise patient safety or compliance, study participation, follow up, or&#xD;
             interpretation of study research.&#xD;
&#xD;
          -  Uncontrolled infection within one week of the first dose. Infections controlled on&#xD;
             concurrent anti-microbial agents are acceptable, and anti-microbial prophylaxis per&#xD;
             institutional guidelines are acceptable.&#xD;
&#xD;
          -  Known human immunodeficiency virus infection (pre-study testing not required).&#xD;
&#xD;
          -  Patient with diarrhea &gt; CTCAE grade 2. (CTCAE version 4.0)&#xD;
&#xD;
          -  Impaired cardiac function or clinically significant cardiac diseases, history of&#xD;
             arrhythmia (including ventricular fibrillation or torsade de pointes), bradycardia &lt;50&#xD;
             bpm, screening ECG with prolonged QTc (&gt; 450 msec), uncontrolled hypertension or any&#xD;
             history or presence of sustained ventricular tachyarrhythmia.&#xD;
&#xD;
          -  Impairment of GI function or GI disease that may significantly alter the absorption of&#xD;
             panobinostat.&#xD;
&#xD;
          -  Patients using medications that have a relative risk of prolonging the QT interval or&#xD;
             inducing torsade de pointes if treatment cannot be discontinued or switched to a&#xD;
             different medication prior to starting treatment. Granisetron may be administered, but&#xD;
             antiemetics associated with QT prolongation (e.g., ondansetron) are not allowed.&#xD;
      </textblock>
    </criteria>
    <gender>All</gender>
    <minimum_age>N/A</minimum_age>
    <maximum_age>24 Years</maximum_age>
    <healthy_volunteers>No</healthy_volunteers>
  </eligibility>
  <overall_official>
    <last_name>Jeffrey E. Rubnitz, MD,PhD</last_name>
    <role>Principal Investigator</role>
    <affiliation>St. Jude Children's Research Hospital</affiliation>
  </overall_official>
  <location>
    <facility>
      <name>Children's Hospital Los Angeles</name>
      <address>
        <city>Los Angeles</city>
        <state>California</state>
        <zip>90027</zip>
        <country>United States</country>
      </address>
    </facility>
  </location>
  <location>
    <facility>
      <name>Lucile Packard Children's Hospital Stanford University</name>
      <address>
        <city>Palo Alto</city>
        <state>California</state>
        <zip>94304</zip>
        <country>United States</country>
      </address>
    </facility>
  </location>
  <location>
    <facility>
      <name>Rady Children's Hospital and Health Center</name>
      <address>
        <city>San Diego</city>
        <state>California</state>
        <zip>92123</zip>
        <country>United States</country>
      </address>
    </facility>
  </location>
  <location>
    <facility>
      <name>Children's Hospital of Michigan</name>
      <address>
        <city>Detroit</city>
        <state>Michigan</state>
        <zip>48201</zip>
        <country>United States</country>
      </address>
    </facility>
  </location>
  <location>
    <facility>
      <name>St. Jude Children's Research Hospital</name>
      <address>
        <city>Memphis</city>
        <state>Tennessee</state>
        <zip>38105</zip>
        <country>United States</country>
      </address>
    </facility>
  </location>
  <location>
    <facility>
      <name>Cook Children's Medical Center</name>
      <address>
        <city>Fort Worth</city>
        <state>Texas</state>
        <zip>76104</zip>
        <country>United States</country>
      </address>
    </facility>
  </location>
  <location>
    <facility>
      <name>Seattle Children's Hospital</name>
      <address>
        <city>Seattle</city>
        <state>Washington</state>
        <zip>98105</zip>
        <country>United States</country>
      </address>
    </facility>
  </location>
  <location_countries>
    <country>United States</country>
  </location_countries>
  <link>
    <url>http://www.stjude.org</url>
    <description>St. Jude Children's Research Hospital</description>
  </link>
  <link>
    <url>http://www.stjude.org/protocols</url>
    <description>Clinical Trials Open at St. Jude</description>
  </link>
  <verification_date>November 2018</verification_date>
  <study_first_submitted>February 3, 2016</study_first_submitted>
  <study_first_submitted_qc>February 3, 2016</study_first_submitted_qc>
  <study_first_posted type="Estimate">February 8, 2016</study_first_posted>
  <last_update_submitted>November 9, 2018</last_update_submitted>
  <last_update_submitted_qc>November 9, 2018</last_update_submitted_qc>
  <last_update_posted type="Actual">November 14, 2018</last_update_posted>
  <responsible_party>
    <responsible_party_type>Sponsor</responsible_party_type>
  </responsible_party>
  <keyword>Maximum tolerated dose</keyword>
  <keyword>Childhood leukemia</keyword>
  <keyword>Hematological malignancies</keyword>
  <condition_browse>
    <!-- CAUTION:  The following MeSH terms are assigned with an imperfect algorithm            -->
    <mesh_term>Leukemia</mesh_term>
    <mesh_term>Leukemia, Myeloid</mesh_term>
    <mesh_term>Leukemia, Myeloid, Acute</mesh_term>
    <mesh_term>Preleukemia</mesh_term>
    <mesh_term>Myelodysplastic Syndromes</mesh_term>
    <mesh_term>Syndrome</mesh_term>
  </condition_browse>
  <intervention_browse>
    <!-- CAUTION:  The following MeSH terms are assigned with an imperfect algorithm            -->
    <mesh_term>Leucovorin</mesh_term>
    <mesh_term>Cytarabine</mesh_term>
    <mesh_term>Hydrocortisone</mesh_term>
    <mesh_term>Methotrexate</mesh_term>
    <mesh_term>Fludarabine phosphate</mesh_term>
    <mesh_term>Fludarabine</mesh_term>
    <mesh_term>Panobinostat</mesh_term>
    <mesh_term>Levoleucovorin</mesh_term>
  </intervention_browse>
  <!-- Results have not yet been posted for this study                                          -->
</clinical_study>

