<?xml version="1.0" encoding="UTF-8"?>
<clinical_study rank="159">
  <!-- This xml conforms to an XML Schema at:
    https://clinicaltrials.gov/ct2/html/images/info/public.xsd -->
  <required_header>
    <download_date>ClinicalTrials.gov processed this data on May 11, 2021</download_date>
    <link_text>Link to the current ClinicalTrials.gov record.</link_text>
    <url>https://clinicaltrials.gov/show/NCT00005593</url>
  </required_header>
  <id_info>
    <org_study_id>CWRU1998</org_study_id>
    <secondary_id>P30CA043703</secondary_id>
    <secondary_id>CWRU-1998</secondary_id>
    <secondary_id>CWRU-059812</secondary_id>
    <secondary_id>NCI-G00-1732</secondary_id>
    <nct_id>NCT00005593</nct_id>
  </id_info>
  <brief_title>Fludarabine, Carboplatin, and Topotecan in Treating Patients With Relapsed/Refractory Acute Leukemia or Advanced Myelodysplastic Syndrome</brief_title>
  <official_title>Phase I Study of Fludarabine, Carboplatin, and Topotecan for Patients With Relapsed/Refractory Acute Leukemia and Advanced Myelodysplastic Syndromes</official_title>
  <sponsors>
    <lead_sponsor>
      <agency>Case Comprehensive Cancer Center</agency>
      <agency_class>Other</agency_class>
    </lead_sponsor>
    <collaborator>
      <agency>National Cancer Institute (NCI)</agency>
      <agency_class>NIH</agency_class>
    </collaborator>
  </sponsors>
  <source>Case Comprehensive Cancer Center</source>
  <oversight_info>
    <has_dmc>Yes</has_dmc>
  </oversight_info>
  <brief_summary>
    <textblock>
      RATIONALE: Drugs used in chemotherapy use different ways to stop cancer cells from dividing&#xD;
      so they stop growing or die. Combining more than one drug may kill more cancer cells.&#xD;
&#xD;
      PURPOSE: Phase I trial to study the effectiveness of fludarabine, carboplatin, and topotecan&#xD;
      in treating patients who have relapsed or refractory acute leukemia or advanced&#xD;
      myelodysplastic syndrome.&#xD;
    </textblock>
  </brief_summary>
  <detailed_description>
    <textblock>
      OBJECTIVES: I. Determine the maximum tolerated dose of topotecan when administered with&#xD;
      carboplatin and fludarabine in patients with refractory or relapsed acute leukemia or&#xD;
      advanced myelodysplastic syndrome. II. Determine treatment related and dose limiting&#xD;
      toxicities of this regimen in these patients. III. Determine the antileukemia activity of&#xD;
      this regimen in these patients. IV. Correlate treatment related toxicities with steady state&#xD;
      levels of topotecan in these patients.&#xD;
&#xD;
      OUTLINE: This is a dose escalation study of topotecan. Patients receive carboplatin IV&#xD;
      continuously and fludarabine IV over 30 minutes on days 1-5, then topotecan IV continuously&#xD;
      on days 6-8. Patients with residual leukemia in the bone marrow at day 15 may receive a&#xD;
      second induction course. Patients who achieve partial or complete remission after 1-2&#xD;
      induction courses receive 1 consolidation course of fludarabine, carboplatin, and topotecan&#xD;
      beginning 4-8 weeks after recovery from induction therapy. Cohorts of 3-6 patients receive&#xD;
      escalating doses of topotecan until the maximum tolerated dose (MTD) is determined. The first&#xD;
      3 patients do not receive any topotecan. The MTD is defined as the dose at which no more than&#xD;
      2 of 6 patients experience dose limiting toxicity. Patients are followed monthly for 6&#xD;
      months.&#xD;
&#xD;
      PROJECTED ACCRUAL: A total of 6-15 patients will be accrued for this study within 15-21&#xD;
      months.&#xD;
    </textblock>
  </detailed_description>
  <overall_status>Completed</overall_status>
  <start_date>September 1998</start_date>
  <completion_date type="Actual">March 2003</completion_date>
  <primary_completion_date type="Actual">April 2002</primary_completion_date>
  <phase>Phase 1</phase>
  <study_type>Interventional</study_type>
  <has_expanded_access>No</has_expanded_access>
  <study_design_info>
    <allocation>N/A</allocation>
    <intervention_model>Single Group Assignment</intervention_model>
    <primary_purpose>Treatment</primary_purpose>
    <masking>None (Open Label)</masking>
  </study_design_info>
  <primary_outcome>
    <measure>Determine the maximum tolerated dose of topotecan when administered with carboplatin and fludarabine.</measure>
    <time_frame>Patients are followed monthly for 6 months.</time_frame>
  </primary_outcome>
  <enrollment type="Actual">31</enrollment>
  <condition>Leukemia</condition>
  <condition>Myelodysplastic Syndromes</condition>
  <intervention>
    <intervention_type>Drug</intervention_type>
    <intervention_name>carboplatin</intervention_name>
    <description>Patients receive carboplatin IV continuously over 30 minutes on days 1-5. Patients with residual leukemia in the bone marrow at day 15 may receive a second induction course. Patients who achieve partial or complete remission after 1-2 induction courses receive 1 consolidation course of fludarabine, carboplatin, and topotecan beginning 4-8 weeks after recovery from induction therapy.</description>
  </intervention>
  <intervention>
    <intervention_type>Drug</intervention_type>
    <intervention_name>fludarabine phosphate</intervention_name>
    <description>Patients receive fludarabine IV over 30 minutes on days 1-5. Patients with residual leukemia in the bone marrow at day 15 may receive a second induction course. Patients who achieve partial or complete remission after 1-2 induction courses receive 1 consolidation course of fludarabine, carboplatin, and topotecan beginning 4-8 weeks after recovery from induction therapy.</description>
  </intervention>
  <intervention>
    <intervention_type>Drug</intervention_type>
    <intervention_name>topotecan hydrochloride</intervention_name>
    <description>This is a dose escalation study of topotecan. Patients receive topotecan IV continuously on days 6-8. Patients with residual leukemia in the bone marrow at day 15 may receive a second induction course. Patients who achieve partial or complete remission after 1-2 induction courses receive 1 consolidation course of fludarabine, carboplatin, and topotecan beginning 4-8 weeks after recovery from induction therapy.</description>
  </intervention>
  <eligibility>
    <criteria>
      <textblock>
        DISEASE CHARACTERISTICS: Diagnosis of one of the following: Acute myelogenous leukemia&#xD;
        (M0-M7) M3 must have received tretinoin as part of induction or salvage chemotherapy No&#xD;
        greater than 2 prior intensive induction regimens Acute lymphocytic leukemia (L1 or L2) in&#xD;
        first or second relapse Circulating blasts in blood or greater than 5% blasts in bone&#xD;
        marrow No greater than 2 prior intensive induction regimens Chronic myelogenous leukemia in&#xD;
        myeloid or lymphoid blast crisis Initial diagnosis OR No greater than 2 prior intensive&#xD;
        induction regimens Acute myelogenous leukemia secondary to prior myelodysplastic syndrome&#xD;
        or prior cytotoxic therapy No greater than 2 prior intensive induction regimens&#xD;
        Myelodysplastic syndrome (must be neutropenic (absolute neutrophil count less than 500/mm3)&#xD;
        or platelet or red cell transfusion dependent) Refractory anemia with excess blasts (RAEB)&#xD;
        OR RAEB in transformation OR Chronic myelomonocytic leukemia Relapse after greater than 3&#xD;
        months since prior autologous stem cell transplant allowed No relapse after allogeneic bone&#xD;
        marrow transplant No active CNS leukemia&#xD;
&#xD;
        PATIENT CHARACTERISTICS: Age: 12 and over Performance status: ECOG 0-3 Life expectancy: At&#xD;
        least 4 weeks Hematopoietic: See Disease Characteristics Hepatic: Bilirubin no greater than&#xD;
        2.0 mg/dL AST and ALT less than 3 times upper limit of normal Renal: Creatinine clearance&#xD;
        at least 50 mL/min Cardiovascular: No symptomatic cardiac disease No active ischemic heart&#xD;
        disease No poorly controlled congestive heart failure No myocardial infarction within past&#xD;
        6 months Cardiac ejection fraction at least 40% Pulmonary: No symptomatic pulmonary disease&#xD;
        No symptomatic restrictive or obstructive lung disease Other: Not pregnant or nursing&#xD;
        Fertile patients must use effective contraception No active infections, unless receiving&#xD;
        antibiotics and clinically stable Fever caused by tumor allowed HIV negative No other&#xD;
        active malignant disease Curatively treated prior malignancies allowed No severe neurologic&#xD;
        disease&#xD;
&#xD;
        PRIOR CONCURRENT THERAPY: Biologic therapy: See Disease Characteristics At least 5 days&#xD;
        since prior hematopoietic growth factors Chemotherapy: See Disease Characteristics At least&#xD;
        24 hours since prior hydroxyurea At least 2 weeks since other prior cytotoxic anticancer&#xD;
        therapy Prior carboplatin, fludarabine, or topotecan allowed Endocrine therapy: Concurrent&#xD;
        corticosteroids allowed Radiotherapy: Not specified Surgery: Not specified&#xD;
      </textblock>
    </criteria>
    <gender>All</gender>
    <minimum_age>12 Years</minimum_age>
    <maximum_age>N/A</maximum_age>
    <healthy_volunteers>No</healthy_volunteers>
  </eligibility>
  <overall_official>
    <last_name>Brenda W. Cooper, MD</last_name>
    <role>Study Chair</role>
    <affiliation>Ireland Cancer Center at University Hospitals Case Medical Center, Case Comprehensive Cancer Center</affiliation>
  </overall_official>
  <location>
    <facility>
      <name>Ireland Cancer Center at University Hospitals Case Medical Center</name>
      <address>
        <city>Cleveland</city>
        <state>Ohio</state>
        <zip>44106-5065</zip>
        <country>United States</country>
      </address>
    </facility>
  </location>
  <location_countries>
    <country>United States</country>
  </location_countries>
  <results_reference>
    <citation>Cooper BW, Ksenich P, Koc O, et al.: A phase I and pharmacodynamic study of fludarabine, carboplatin, and topotecan (FCT) for relapsed/refractory acute leukemia (RAL) and advanced myelodysplastic syndromes (MDS). [Abstract] Proceedings of the American Society of Clinical Oncology 20: A-1207, 2001.</citation>
  </results_reference>
  <verification_date>June 2010</verification_date>
  <study_first_submitted>May 2, 2000</study_first_submitted>
  <study_first_submitted_qc>February 24, 2004</study_first_submitted_qc>
  <study_first_posted type="Estimate">February 25, 2004</study_first_posted>
  <last_update_submitted>June 9, 2010</last_update_submitted>
  <last_update_submitted_qc>June 9, 2010</last_update_submitted_qc>
  <last_update_posted type="Estimate">June 11, 2010</last_update_posted>
  <responsible_party>
    <name_title>Brenda W. Cooper, MD</name_title>
    <organization>Ireland Cancer Center at University Hospitals Case Medical Center, Case Comprehensive Cancer Center</organization>
  </responsible_party>
  <keyword>recurrent childhood acute lymphoblastic leukemia</keyword>
  <keyword>recurrent childhood acute myeloid leukemia</keyword>
  <keyword>recurrent adult acute myeloid leukemia</keyword>
  <keyword>recurrent adult acute lymphoblastic leukemia</keyword>
  <keyword>relapsing chronic myelogenous leukemia</keyword>
  <keyword>blastic phase chronic myelogenous leukemia</keyword>
  <keyword>L1 childhood acute lymphoblastic leukemia</keyword>
  <keyword>L2 childhood acute lymphoblastic leukemia</keyword>
  <keyword>L1 adult acute lymphoblastic leukemia</keyword>
  <keyword>L2 adult acute lymphoblastic leukemia</keyword>
  <keyword>adult acute erythroid leukemia (M6)</keyword>
  <keyword>adult acute myeloblastic leukemia without maturation (M1)</keyword>
  <keyword>adult acute myeloblastic leukemia with maturation (M2)</keyword>
  <keyword>adult acute promyelocytic leukemia (M3)</keyword>
  <keyword>adult acute myelomonocytic leukemia (M4)</keyword>
  <keyword>adult acute monoblastic leukemia (M5a)</keyword>
  <keyword>adult acute megakaryoblastic leukemia (M7)</keyword>
  <keyword>childhood acute myeloblastic leukemia without maturation (M1)</keyword>
  <keyword>childhood acute myeloblastic leukemia with maturation (M2)</keyword>
  <keyword>childhood acute promyelocytic leukemia (M3)</keyword>
  <keyword>childhood acute myelomonocytic leukemia (M4)</keyword>
  <keyword>childhood acute monoblastic leukemia (M5a)</keyword>
  <keyword>childhood acute monocytic leukemia (M5b)</keyword>
  <keyword>childhood acute erythroleukemia (M6)</keyword>
  <keyword>childhood acute megakaryocytic leukemia (M7)</keyword>
  <keyword>refractory anemia with excess blasts</keyword>
  <keyword>refractory anemia with excess blasts in transformation</keyword>
  <keyword>chronic myelomonocytic leukemia</keyword>
  <keyword>secondary acute myeloid leukemia</keyword>
  <keyword>adult acute monocytic leukemia (M5b)</keyword>
  <keyword>previously treated myelodysplastic syndromes</keyword>
  <keyword>secondary myelodysplastic syndromes</keyword>
  <keyword>adult acute minimally differentiated myeloid leukemia (M0)</keyword>
  <keyword>childhood acute minimally differentiated myeloid leukemia (M0)</keyword>
  <keyword>childhood myelodysplastic syndromes</keyword>
  <condition_browse>
    <!-- CAUTION:  The following MeSH terms are assigned with an imperfect algorithm            -->
    <mesh_term>Leukemia</mesh_term>
    <mesh_term>Preleukemia</mesh_term>
    <mesh_term>Myelodysplastic Syndromes</mesh_term>
    <mesh_term>Syndrome</mesh_term>
  </condition_browse>
  <intervention_browse>
    <!-- CAUTION:  The following MeSH terms are assigned with an imperfect algorithm            -->
    <mesh_term>Carboplatin</mesh_term>
    <mesh_term>Fludarabine</mesh_term>
    <mesh_term>Fludarabine phosphate</mesh_term>
    <mesh_term>Topotecan</mesh_term>
  </intervention_browse>
  <!-- Results have not yet been posted for this study                                          -->
</clinical_study>

