<?xml version="1.0" encoding="UTF-8"?>
<clinical_study rank="206">
  <!-- This xml conforms to an XML Schema at:
    https://clinicaltrials.gov/ct2/html/images/info/public.xsd -->
  <required_header>
    <download_date>ClinicalTrials.gov processed this data on May 11, 2021</download_date>
    <link_text>Link to the current ClinicalTrials.gov record.</link_text>
    <url>https://clinicaltrials.gov/show/NCT00004255</url>
  </required_header>
  <id_info>
    <org_study_id>CHIMERIC-HM01</org_study_id>
    <secondary_id>CDR0000067502</secondary_id>
    <secondary_id>WSU-10-02-99-M01-FB</secondary_id>
    <nct_id>NCT00004255</nct_id>
  </id_info>
  <brief_title>Treatment of Bone Marrow to Prevent Graft-Versus-Host Disease in Patients With Acute or Chronic Leukemia Undergoing Bone Marrow Transplantation</brief_title>
  <official_title>A Multi-Center, Open Label, Randomized, Active Controlled Phase II/III Clinical Trial to Evaluate the Safety and Efficacy of Processed Unrelated Bone Marrow in Patients With Acute or Chronic Leukemia</official_title>
  <sponsors>
    <lead_sponsor>
      <agency>Chimeric Therapies</agency>
      <agency_class>Industry</agency_class>
    </lead_sponsor>
  </sponsors>
  <source>National Cancer Institute (NCI)</source>
  <brief_summary>
    <textblock>
      RATIONALE: Bone marrow that has been treated to remove certain white blood cells may reduce&#xD;
      the chance of developing graft-versus-host disease following bone marrow transplantation.&#xD;
&#xD;
      PURPOSE: Randomized phase II/III trial to compare the effectiveness of treated bone marrow&#xD;
      with that of untreated bone marrow in preventing graft-versus-host disease in patients with&#xD;
      acute or chronic leukemia who are undergoing bone marrow transplantation.&#xD;
    </textblock>
  </brief_summary>
  <detailed_description>
    <textblock>
      OBJECTIVES:&#xD;
&#xD;
        -  Compare the efficacy of processed (cell depleted) vs unprocessed (conventional)&#xD;
           unrelated bone marrow transplantation in reducing grade III/IV acute graft vs host&#xD;
           disease (GVHD) in patients with acute or chronic leukemia or myelodysplastic syndromes.&#xD;
&#xD;
        -  Compare the safety of these regimens in these patients.&#xD;
&#xD;
        -  Compare the disease-free survival rate at 100 days and at 6 months in patients treated&#xD;
           with these regimens.&#xD;
&#xD;
        -  Compare the time to engraftment and percent engraftment in patients treated with these&#xD;
           regimens.&#xD;
&#xD;
        -  Compare the reduction rate of grade II or greater acute and chronic GVHD in patients&#xD;
           treated with these regimens.&#xD;
&#xD;
      OUTLINE: This is a randomized, open-label, multicenter study. Patients are stratified&#xD;
      according to degree of HLA matching and disease (chronic vs acute). Acute myelogenous&#xD;
      leukemia patients are further stratified according to prior myelodysplastic syndromes (yes vs&#xD;
      no). Patients are randomized to one of two bone marrow transplantation arms.&#xD;
&#xD;
      All patients receive a conditioning regimen comprising fludarabine IV on day -6,&#xD;
      cyclophosphamide IV on days -5 and -4, anti-thymocyte globulin IV on days -4 and -2, and&#xD;
      total body irradiation on days -3 to 0. Patients also receive methylprednisolone IV every 12&#xD;
      hours for 4 doses on days -2 to 0. Tacrolimus IV is administered continuously on day -1 and&#xD;
      continues either orally or IV for 6 months. Bone marrow is infused on day 0. Filgrastim&#xD;
      (G-CSF) is administered subcutaneously from day 0 until blood counts recover.&#xD;
&#xD;
        -  Arm I: Patients receive allogeneic bone marrow that has been processed to produce a&#xD;
           mononuclear cell preparation.&#xD;
&#xD;
        -  Arm II: Patients receive unprocessed allogeneic bone marrow. Patients are followed&#xD;
           weekly for 100 days and then at 6 months.&#xD;
&#xD;
      PROJECTED ACCRUAL: A total of 260 patients will be accrued for this study within 17 months.&#xD;
    </textblock>
  </detailed_description>
  <overall_status>Completed</overall_status>
  <start_date>March 2000</start_date>
  <completion_date type="Actual">May 2003</completion_date>
  <phase>Phase 2/Phase 3</phase>
  <study_type>Interventional</study_type>
  <has_expanded_access>No</has_expanded_access>
  <study_design_info>
    <allocation>Randomized</allocation>
    <primary_purpose>Treatment</primary_purpose>
    <masking>None (Open Label)</masking>
  </study_design_info>
  <condition>Graft Versus Host Disease</condition>
  <condition>Leukemia</condition>
  <condition>Myelodysplastic Syndromes</condition>
  <intervention>
    <intervention_type>Biological</intervention_type>
    <intervention_name>anti-thymocyte globulin</intervention_name>
  </intervention>
  <intervention>
    <intervention_type>Biological</intervention_type>
    <intervention_name>filgrastim</intervention_name>
  </intervention>
  <intervention>
    <intervention_type>Drug</intervention_type>
    <intervention_name>cyclophosphamide</intervention_name>
  </intervention>
  <intervention>
    <intervention_type>Drug</intervention_type>
    <intervention_name>fludarabine phosphate</intervention_name>
  </intervention>
  <intervention>
    <intervention_type>Drug</intervention_type>
    <intervention_name>methylprednisolone</intervention_name>
  </intervention>
  <intervention>
    <intervention_type>Drug</intervention_type>
    <intervention_name>tacrolimus</intervention_name>
  </intervention>
  <intervention>
    <intervention_type>Procedure</intervention_type>
    <intervention_name>allogeneic bone marrow transplantation</intervention_name>
  </intervention>
  <intervention>
    <intervention_type>Procedure</intervention_type>
    <intervention_name>in vitro-treated bone marrow transplantation</intervention_name>
  </intervention>
  <intervention>
    <intervention_type>Radiation</intervention_type>
    <intervention_name>radiation therapy</intervention_name>
  </intervention>
  <eligibility>
    <criteria>
      <textblock>
        DISEASE CHARACTERISTICS:&#xD;
&#xD;
          -  Diagnosis of one of the following:&#xD;
&#xD;
               -  Acute myelogenous leukemia (AML) or acute lymphocytic leukemia (ALL) in first&#xD;
                  early relapse, second remission, or subsequent remission&#xD;
&#xD;
               -  AML in first complete remission with one of the following adverse features:&#xD;
&#xD;
                    -  Antecedent hematologic disorder such as myelodysplasia&#xD;
&#xD;
                    -  AML resulting from prior chemotherapy or radiotherapy&#xD;
&#xD;
                    -  More than 1 course of induction chemotherapy to achieve remission or adverse&#xD;
                       cytogenetics such as Philadelphia chromosome 9:22, +8, +11; abnormal 12p; or&#xD;
                       deletions of chromosomes 5, 7, or 20 (3:3)&#xD;
&#xD;
               -  ALL in first complete remission with poor risk cytogenetics such as&#xD;
&#xD;
                    -  Philadelphia chromosome 9:22, 8:14, or 4:11 OR&#xD;
&#xD;
                    -  WBC greater than 100,000/mm3 OR&#xD;
&#xD;
                    -  Time to achieve complete remission more than 4 weeks&#xD;
&#xD;
               -  Chronic myelogenous leukemia in chronic or accelerated phase&#xD;
&#xD;
               -  Myelodysplastic syndromes&#xD;
&#xD;
                    -  Refractory anemia with excess blasts (RAEB) OR&#xD;
&#xD;
                    -  RAEB in transformation&#xD;
&#xD;
          -  Unrelated bone marrow donor available&#xD;
&#xD;
               -  If matched at 6 of 6 HLA-A, -B, and -DR loci, patient must be 12 to 50 years&#xD;
&#xD;
               -  If matched at 5 of 6 loci, patient must be 12 to 35 years&#xD;
&#xD;
          -  No matched sibling donor available&#xD;
&#xD;
          -  No uncontrolled CNS leukemia&#xD;
&#xD;
        PATIENT CHARACTERISTICS:&#xD;
&#xD;
        Age:&#xD;
&#xD;
          -  See Disease Characteristics&#xD;
&#xD;
          -  12 to 50&#xD;
&#xD;
        Performance status:&#xD;
&#xD;
          -  Karnofsky 70-100%&#xD;
&#xD;
        Life expectancy:&#xD;
&#xD;
          -  At least 12 weeks&#xD;
&#xD;
        Hematopoietic:&#xD;
&#xD;
          -  See Disease Characteristics&#xD;
&#xD;
        Hepatic:&#xD;
&#xD;
          -  Bilirubin less than 2.5 times upper limit of normal (ULN)&#xD;
&#xD;
          -  SGOT or SGPT less than 2.5 times ULN&#xD;
&#xD;
        Renal:&#xD;
&#xD;
          -  Creatinine no greater than 1.5 mg/dL&#xD;
&#xD;
        Cardiovascular:&#xD;
&#xD;
          -  LVEF greater than 50% without medication&#xD;
&#xD;
        Pulmonary:&#xD;
&#xD;
          -  DLCO and FVC at least 50% predicted&#xD;
&#xD;
        Other:&#xD;
&#xD;
          -  Not pregnant or nursing&#xD;
&#xD;
          -  Negative pregnancy test&#xD;
&#xD;
          -  Fertile patients must use effective contraception&#xD;
&#xD;
          -  No other serious medical illness&#xD;
&#xD;
          -  No uncontrolled diabetes mellitus&#xD;
&#xD;
          -  No uncontrolled and/or active infection&#xD;
&#xD;
          -  HIV negative&#xD;
&#xD;
        PRIOR CONCURRENT THERAPY:&#xD;
&#xD;
        Biologic therapy:&#xD;
&#xD;
          -  At least 3 weeks since prior immunotherapy and recovered&#xD;
&#xD;
          -  At least 1 year since prior autologous transplantation&#xD;
&#xD;
          -  No prior allogeneic transplantation&#xD;
&#xD;
        Chemotherapy:&#xD;
&#xD;
          -  See Disease Characteristics&#xD;
&#xD;
          -  At least 3 weeks since prior chemotherapy (except hydroxyurea) and recovered&#xD;
&#xD;
        Endocrine therapy:&#xD;
&#xD;
          -  At least 3 weeks since prior hormonal therapy and recovered&#xD;
&#xD;
        Radiotherapy:&#xD;
&#xD;
          -  See Disease Characteristics&#xD;
&#xD;
          -  At least 3 weeks since prior radiotherapy and recovered&#xD;
&#xD;
          -  No prior radiotherapy at doses that would preclude study&#xD;
&#xD;
        Surgery:&#xD;
&#xD;
          -  Not specified&#xD;
      </textblock>
    </criteria>
    <gender>All</gender>
    <minimum_age>12 Years</minimum_age>
    <maximum_age>50 Years</maximum_age>
    <healthy_volunteers>No</healthy_volunteers>
  </eligibility>
  <overall_official>
    <last_name>James N. Lowder, MD</last_name>
    <role>Study Chair</role>
    <affiliation>Chimeric Therapies</affiliation>
  </overall_official>
  <location>
    <facility>
      <name>University of California San Diego Cancer Center</name>
      <address>
        <city>La Jolla</city>
        <state>California</state>
        <zip>92093-0658</zip>
        <country>United States</country>
      </address>
    </facility>
  </location>
  <location>
    <facility>
      <name>Presbyterian-St Luke's Medical Center</name>
      <address>
        <city>Denver</city>
        <state>Colorado</state>
        <zip>80218</zip>
        <country>United States</country>
      </address>
    </facility>
  </location>
  <location>
    <facility>
      <name>Lombardi Cancer Center</name>
      <address>
        <city>Washington</city>
        <state>District of Columbia</state>
        <zip>20007</zip>
        <country>United States</country>
      </address>
    </facility>
  </location>
  <location>
    <facility>
      <name>Shands Hospital and Clinics, University of Florida</name>
      <address>
        <city>Gainesville</city>
        <state>Florida</state>
        <zip>32610-100277</zip>
        <country>United States</country>
      </address>
    </facility>
  </location>
  <location>
    <facility>
      <name>Indiana Blood and Marrow Transplantation</name>
      <address>
        <city>Indianapolis</city>
        <state>Indiana</state>
        <zip>46202</zip>
        <country>United States</country>
      </address>
    </facility>
  </location>
  <location>
    <facility>
      <name>James Graham Brown Cancer Center</name>
      <address>
        <city>Louisville</city>
        <state>Kentucky</state>
        <zip>40202</zip>
        <country>United States</country>
      </address>
    </facility>
  </location>
  <location>
    <facility>
      <name>Barbara Ann Karmanos Cancer Institute</name>
      <address>
        <city>Detroit</city>
        <state>Michigan</state>
        <zip>48201-1379</zip>
        <country>United States</country>
      </address>
    </facility>
  </location>
  <location>
    <facility>
      <name>University of Rochester Cancer Center</name>
      <address>
        <city>Rochester</city>
        <state>New York</state>
        <zip>14642</zip>
        <country>United States</country>
      </address>
    </facility>
  </location>
  <location>
    <facility>
      <name>New York Medical College</name>
      <address>
        <city>Valhalla</city>
        <state>New York</state>
        <zip>10595</zip>
        <country>United States</country>
      </address>
    </facility>
  </location>
  <location>
    <facility>
      <name>University of Oklahoma Health Sciences Center</name>
      <address>
        <city>Oklahoma City</city>
        <state>Oklahoma</state>
        <zip>73190</zip>
        <country>United States</country>
      </address>
    </facility>
  </location>
  <location>
    <facility>
      <name>Oregon Cancer Center</name>
      <address>
        <city>Portland</city>
        <state>Oregon</state>
        <zip>97201-3098</zip>
        <country>United States</country>
      </address>
    </facility>
  </location>
  <location>
    <facility>
      <name>Hahnemann University Hospital</name>
      <address>
        <city>Philadelphia</city>
        <state>Pennsylvania</state>
        <zip>19102-1192</zip>
        <country>United States</country>
      </address>
    </facility>
  </location>
  <location>
    <facility>
      <name>University of Texas - MD Anderson Cancer Center</name>
      <address>
        <city>Houston</city>
        <state>Texas</state>
        <zip>77030-4009</zip>
        <country>United States</country>
      </address>
    </facility>
  </location>
  <location>
    <facility>
      <name>South Texas Cancer Institute</name>
      <address>
        <city>San Antonio</city>
        <state>Texas</state>
        <zip>78229</zip>
        <country>United States</country>
      </address>
    </facility>
  </location>
  <location>
    <facility>
      <name>Massey Cancer Center</name>
      <address>
        <city>Richmond</city>
        <state>Virginia</state>
        <zip>23298-0037</zip>
        <country>United States</country>
      </address>
    </facility>
  </location>
  <location_countries>
    <country>United States</country>
  </location_countries>
  <verification_date>February 2002</verification_date>
  <study_first_submitted>January 28, 2000</study_first_submitted>
  <study_first_submitted_qc>May 8, 2003</study_first_submitted_qc>
  <study_first_posted type="Estimate">May 9, 2003</study_first_posted>
  <last_update_submitted>July 9, 2013</last_update_submitted>
  <last_update_submitted_qc>July 9, 2013</last_update_submitted_qc>
  <last_update_posted type="Estimate">July 10, 2013</last_update_posted>
  <keyword>recurrent childhood acute lymphoblastic leukemia</keyword>
  <keyword>recurrent childhood acute myeloid leukemia</keyword>
  <keyword>recurrent adult acute myeloid leukemia</keyword>
  <keyword>recurrent adult acute lymphoblastic leukemia</keyword>
  <keyword>chronic phase chronic myelogenous leukemia</keyword>
  <keyword>accelerated phase chronic myelogenous leukemia</keyword>
  <keyword>adult acute myeloid leukemia in remission</keyword>
  <keyword>adult acute lymphoblastic leukemia in remission</keyword>
  <keyword>childhood acute myeloid leukemia in remission</keyword>
  <keyword>childhood acute lymphoblastic leukemia in remission</keyword>
  <keyword>refractory anemia with excess blasts</keyword>
  <keyword>refractory anemia with excess blasts in transformation</keyword>
  <keyword>secondary acute myeloid leukemia</keyword>
  <keyword>de novo myelodysplastic syndromes</keyword>
  <keyword>previously treated myelodysplastic syndromes</keyword>
  <keyword>secondary myelodysplastic syndromes</keyword>
  <keyword>graft versus host disease</keyword>
  <keyword>childhood myelodysplastic syndromes</keyword>
  <condition_browse>
    <!-- CAUTION:  The following MeSH terms are assigned with an imperfect algorithm            -->
    <mesh_term>Leukemia</mesh_term>
    <mesh_term>Preleukemia</mesh_term>
    <mesh_term>Myelodysplastic Syndromes</mesh_term>
    <mesh_term>Graft vs Host Disease</mesh_term>
    <mesh_term>Syndrome</mesh_term>
  </condition_browse>
  <intervention_browse>
    <!-- CAUTION:  The following MeSH terms are assigned with an imperfect algorithm            -->
    <mesh_term>Methylprednisolone</mesh_term>
    <mesh_term>Cyclophosphamide</mesh_term>
    <mesh_term>Fludarabine</mesh_term>
    <mesh_term>Fludarabine phosphate</mesh_term>
    <mesh_term>Tacrolimus</mesh_term>
    <mesh_term>Antilymphocyte Serum</mesh_term>
  </intervention_browse>
  <!-- Results have not yet been posted for this study                                          -->
</clinical_study>

